#
# There is insufficient memory for the Java Runtime Environment to continue.
# Native memory allocation (mmap) failed to map 386924544 bytes. Error detail: G1 virtual space
# Possible reasons:
#   The system is out of physical RAM or swap space
#   This process is running with CompressedOops enabled, and the Java Heap may be blocking the growth of the native heap
# Possible solutions:
#   Reduce memory load on the system
#   Increase physical memory or swap space
#   Check if swap backing store is full
#   Decrease Java heap size (-Xmx/-Xms)
#   Decrease number of Java threads
#   Decrease Java thread stack sizes (-Xss)
#   Set larger code cache with -XX:ReservedCodeCacheSize=
#   JVM is running with Unscaled Compressed Oops mode in which the Java heap is
#     placed in the first 4GB address space. The Java Heap base address is the
#     maximum limit for the native heap growth. Please use -XX:HeapBaseMinAddress
#     to set the Java Heap base and to place the Java Heap above 4GB virtual address.
# This output file may be truncated or incomplete.
#
#  Out of Memory Error (os_windows.cpp:3554), pid=26316, tid=8344
#
# JRE version: OpenJDK Runtime Environment Temurin-25.0.1+8 (25.0.1+8) (build 25.0.1+8-LTS)
# Java VM: OpenJDK 64-Bit Server VM Temurin-25.0.1+8 (25.0.1+8-LTS, mixed mode, sharing, tiered, compressed oops, compressed class ptrs, g1 gc, windows-amd64)
# No core dump will be written. Minidumps are not enabled by default on client versions of Windows
#

---------------  S U M M A R Y ------------

Command Line: --add-modules=javafx.controls,javafx.fxml,javafx.media,javafx.swing --module-path=C:\Users\lirawr\.m2\repository\org\openjfx\javafx-base\21.0.1\javafx-base-21.0.1-win.jar;C:\Users\lirawr\.m2\repository\org\openjfx\javafx-base\21.0.1\javafx-base-21.0.1.jar;C:\Users\lirawr\.m2\repository\org\openjfx\javafx-controls\21.0.1\javafx-controls-21.0.1-win.jar;C:\Users\lirawr\.m2\repository\org\openjfx\javafx-controls\21.0.1\javafx-controls-21.0.1.jar;C:\Users\lirawr\.m2\repository\org\openjfx\javafx-fxml\21.0.1\javafx-fxml-21.0.1-win.jar;C:\Users\lirawr\.m2\repository\org\openjfx\javafx-graphics\21.0.1\javafx-graphics-21.0.1-win.jar;C:\Users\lirawr\.m2\repository\org\openjfx\javafx-graphics\21.0.1\javafx-graphics-21.0.1.jar;C:\Users\lirawr\.m2\repository\org\openjfx\javafx-media\21.0.1\javafx-media-21.0.1-win.jar;C:\Users\lirawr\.m2\repository\org\openjfx\javafx-swing\21.0.1\javafx-swing-21.0.1-win.jar --add-modules=javafx.base,javafx.controls,javafx.fxml,javafx.graphics,javafx.media,javafx.swing com.example.photobooth.Main

Host: 11th Gen Intel(R) Core(TM) i3-1115G4 @ 3.00GHz, 4 cores, 7G,  Windows 11 , 64 bit Build 26100 (10.0.26100.6725)
Time: Sat Dec  6 04:17:31 2025 China Standard Time elapsed time: 14.203280 seconds (0d 0h 0m 14s)

---------------  T H R E A D  ---------------

Current thread (0x000002cf758a5b60):  VMThread "VM Thread"          [id=8344, stack(0x000000fa3ef00000,0x000000fa3f000000) (1024K)]

Stack: [0x000000fa3ef00000,0x000000fa3f000000]
Native frames: (J=compiled Java code, j=interpreted, Vv=VM code, C=native code)
V  [jvm.dll+0x7a8379]  (no source info available)
V  [jvm.dll+0x7729fd]  (no source info available)
V  [jvm.dll+0x9f57b3]  (no source info available)
V  [jvm.dll+0x9f7da1]  (no source info available)
V  [jvm.dll+0x9f84a3]  (no source info available)
V  [jvm.dll+0x2fcd26]  (no source info available)
V  [jvm.dll+0x7a45a5]  (no source info available)
V  [jvm.dll+0x797a07]  (no source info available)
V  [jvm.dll+0x3f4cb8]  (no source info available)
V  [jvm.dll+0x3fcbf6]  (no source info available)
V  [jvm.dll+0x3e938e]  (no source info available)
V  [jvm.dll+0x3e9648]  (no source info available)
V  [jvm.dll+0x3c0b15]  (no source info available)
V  [jvm.dll+0x3c0baa]  (no source info available)
V  [jvm.dll+0x40d9b6]  (no source info available)
V  [jvm.dll+0x40c2c8]  (no source info available)
V  [jvm.dll+0x3c0247]  (no source info available)
V  [jvm.dll+0x40ba88]  (no source info available)
V  [jvm.dll+0x9fe6d2]  (no source info available)
V  [jvm.dll+0x9ff9f1]  (no source info available)
V  [jvm.dll+0x9fff68]  (no source info available)
V  [jvm.dll+0xa00203]  (no source info available)
V  [jvm.dll+0x99630d]  (no source info available)
V  [jvm.dll+0x7a6955]  (no source info available)
C  [ucrtbase.dll+0x37b0]  (no source info available)
C  [KERNEL32.DLL+0x2e8d7]  (no source info available)
C  [ntdll.dll+0x8c53c]  (no source info available)

VM_Operation (0x000000fa438fe3f0): G1TryInitiateConcMark, mode: safepoint, requested by thread 0x000002cf11683280


---------------  P R O C E S S  ---------------

Threads class SMR info:
_java_thread_list=0x000002cf7bb75720, length=31, elements={
0x000002cf56f61560, 0x000002cf758b7e80, 0x000002cf758bc8a0, 0x000002cf758c01f0,
0x000002cf758c0db0, 0x000002cf758c2660, 0x000002cf758c46b0, 0x000002cf758c9b70,
0x000002cf758d5280, 0x000002cf759ef860, 0x000002cf75d6cd40, 0x000002cf7a66fe60,
0x000002cf7ad72160, 0x000002cf7ad76e10, 0x000002cf7afcf610, 0x000002cf7afe2460,
0x000002cf7a7cd510, 0x000002cf7b427cd0, 0x000002cf7b42c320, 0x000002cf7b42caf0,
0x000002cf7b57f750, 0x000002cf7b827650, 0x000002cf7b827e20, 0x000002cf7b9b9cc0,
0x000002cf7a3a4e50, 0x000002cf7a3a9c70, 0x000002cf1167adb0, 0x000002cf11678e70,
0x000002cf116851c0, 0x000002cf11683280, 0x000002cf7a3a3eb0
}

Java Threads: ( => current thread )
  0x000002cf56f61560 JavaThread "main"                              [_thread_blocked, id=21804, stack(0x000000fa3e800000,0x000000fa3e900000) (1024K)]
  0x000002cf758b7e80 JavaThread "Reference Handler"          daemon [_thread_blocked, id=20816, stack(0x000000fa3f000000,0x000000fa3f100000) (1024K)]
  0x000002cf758bc8a0 JavaThread "Finalizer"                  daemon [_thread_blocked, id=17996, stack(0x000000fa3f100000,0x000000fa3f200000) (1024K)]
  0x000002cf758c01f0 JavaThread "Signal Dispatcher"          daemon [_thread_blocked, id=18376, stack(0x000000fa3f200000,0x000000fa3f300000) (1024K)]
  0x000002cf758c0db0 JavaThread "Attach Listener"            daemon [_thread_blocked, id=5252, stack(0x000000fa3f300000,0x000000fa3f400000) (1024K)]
  0x000002cf758c2660 JavaThread "Service Thread"             daemon [_thread_blocked, id=7776, stack(0x000000fa3f400000,0x000000fa3f500000) (1024K)]
  0x000002cf758c46b0 JavaThread "Monitor Deflation Thread"   daemon [_thread_blocked, id=16284, stack(0x000000fa3f500000,0x000000fa3f600000) (1024K)]
  0x000002cf758c9b70 JavaThread "C2 CompilerThread0"         daemon [_thread_blocked, id=22728, stack(0x000000fa3f600000,0x000000fa3f700000) (1024K)]
  0x000002cf758d5280 JavaThread "C1 CompilerThread0"         daemon [_thread_blocked, id=124, stack(0x000000fa3f700000,0x000000fa3f800000) (1024K)]
  0x000002cf759ef860 JavaThread "Common-Cleaner"             daemon [_thread_blocked, id=17076, stack(0x000000fa3f800000,0x000000fa3f900000) (1024K)]
  0x000002cf75d6cd40 JavaThread "Notification Thread"        daemon [_thread_blocked, id=25352, stack(0x000000fa3fa00000,0x000000fa3fb00000) (1024K)]
  0x000002cf7a66fe60 JavaThread "QuantumRenderer-0"          daemon [_thread_blocked, id=24160, stack(0x000000fa3f900000,0x000000fa3fa00000) (1024K)]
  0x000002cf7ad72160 JavaThread "InvokeLaterDispatcher"      daemon [_thread_blocked, id=18260, stack(0x000000fa3fc00000,0x000000fa3fd00000) (1024K)]
  0x000002cf7ad76e10 JavaThread "JavaFX Application Thread"         [_thread_blocked, id=24016, stack(0x000000fa3fd00000,0x000000fa3fe00000) (1024K)]
  0x000002cf7afcf610 JavaThread "JavaFX-Launcher"                   [_thread_blocked, id=24968, stack(0x000000fa40200000,0x000000fa40300000) (1024K)]
  0x000002cf7afe2460 JavaThread "Thread-2"                   daemon [_thread_blocked, id=17968, stack(0x000000fa40100000,0x000000fa40200000) (1024K)]
  0x000002cf7a7cd510 JavaThread "JFXMedia Player EventQueueThread" daemon [_thread_blocked, id=24712, stack(0x000000fa40900000,0x000000fa40a00000) (1024K)]
  0x000002cf7b427cd0 JavaThread "Prism Font Disposer"        daemon [_thread_blocked, id=20272, stack(0x000000fa41300000,0x000000fa41400000) (1024K)]
  0x000002cf7b42c320 JavaThread "Media Resource Disposer"    daemon [_thread_blocked, id=9472, stack(0x000000fa41500000,0x000000fa41600000) (1024K)]
  0x000002cf7b42caf0 JavaThread "Timer-0"                    daemon [_thread_blocked, id=7216, stack(0x000000fa41600000,0x000000fa41700000) (1024K)]
  0x000002cf7b57f750 JavaThread "JFXMedia Player EventQueueThread" daemon [_thread_blocked, id=22668, stack(0x000000fa41800000,0x000000fa41900000) (1024K)]
  0x000002cf7b827650 JavaThread "JFXMedia Player EventQueueThread" daemon [_thread_blocked, id=24612, stack(0x000000fa41d00000,0x000000fa41e00000) (1024K)]
  0x000002cf7b827e20 JavaThread "JFXMedia Player EventQueueThread" daemon [_thread_blocked, id=25604, stack(0x000000fa42100000,0x000000fa42200000) (1024K)]
  0x000002cf7b9b9cc0 JavaThread "Cleaner-0"                  daemon [_thread_blocked, id=17144, stack(0x000000fa42600000,0x000000fa42700000) (1024K)]
  0x000002cf7a3a4e50 JavaThread "Timer-1"                    daemon [_thread_blocked, id=20256, stack(0x000000fa42800000,0x000000fa42900000) (1024K)]
  0x000002cf7a3a9c70 JavaThread "atomic-processor-1"         daemon [_thread_blocked, id=23620, stack(0x000000fa42d00000,0x000000fa42e00000) (1024K)]
  0x000002cf1167adb0 JavaThread "webcam-discovery-service"   daemon [_thread_blocked, id=25436, stack(0x000000fa42c00000,0x000000fa42d00000) (1024K)]
  0x000002cf11678e70 JavaThread "webcam-lock-[USB2.0 HD UVC WebCam 0]" daemon [_thread_blocked, id=7512, stack(0x000000fa42e00000,0x000000fa42f00000) (1024K)]
  0x000002cf116851c0 JavaThread "frames-refresher-[0]"       daemon [_thread_blocked, id=22400, stack(0x000000fa43700000,0x000000fa43800000) (1024K)]
  0x000002cf11683280 JavaThread "Thread-98"                  daemon [_thread_blocked, id=22460, stack(0x000000fa43800000,0x000000fa43900000) (1024K)]
  0x000002cf7a3a3eb0 JavaThread "Java2D Disposer"            daemon [_thread_blocked, id=10088, stack(0x000000fa43900000,0x000000fa43a00000) (1024K)]
Total: 31

Other Threads:
=>0x000002cf758a5b60 VMThread "VM Thread"                           [id=8344, stack(0x000000fa3ef00000,0x000000fa3f000000) (1024K)]
  0x000002cf7589c0d0 WatcherThread "VM Periodic Task Thread"        [id=1332, stack(0x000000fa3ee00000,0x000000fa3ef00000) (1024K)]
  0x000002cf59323bf0 WorkerThread "GC Thread#0"                     [id=20332, stack(0x000000fa3e900000,0x000000fa3ea00000) (1024K)]
  0x000002cf7b0cbad0 WorkerThread "GC Thread#1"                     [id=23368, stack(0x000000fa40400000,0x000000fa40500000) (1024K)]
  0x000002cf7b0cc7c0 WorkerThread "GC Thread#2"                     [id=17140, stack(0x000000fa40500000,0x000000fa40600000) (1024K)]
  0x000002cf7b0ca0f0 WorkerThread "GC Thread#3"                     [id=23692, stack(0x000000fa40600000,0x000000fa40700000) (1024K)]
  0x000002cf5933bf00 ConcurrentGCThread "G1 Main Marker"            [id=18932, stack(0x000000fa3ea00000,0x000000fa3eb00000) (1024K)]
  0x000002cf59340040 WorkerThread "G1 Conc#0"                       [id=16368, stack(0x000000fa3eb00000,0x000000fa3ec00000) (1024K)]
  0x000002cf593718e0 ConcurrentGCThread "G1 Refine#0"               [id=20396, stack(0x000000fa3ec00000,0x000000fa3ed00000) (1024K)]
  0x000002cf593722f0 ConcurrentGCThread "G1 Service"                [id=8100, stack(0x000000fa3ed00000,0x000000fa3ee00000) (1024K)]
Total: 10

Threads with active compile tasks:
C1 CompilerThread0  14371 4734       3       sun.java2d.loops.RenderCache$Entry::matches (30 bytes)
Total: 1

VM state: at safepoint (normal execution)

VM Mutex/Monitor currently owned by a thread:  ([mutex/lock_event])
[0x00007ffdd12d6368] Threads_lock - owner thread: 0x000002cf758a5b60
[0x00007ffdd12d64e8] Heap_lock - owner thread: 0x000002cf11683280

Heap address: 0x0000000084c00000, size: 1972 MB, Compressed Oops mode: 32-bit

CDS archive(s) mapped at: [0x0000000034000000-0x0000000034dd0000-0x0000000034dd0000), size 14483456, SharedBaseAddress: 0x0000000034000000, ArchiveRelocationMode: 1.
Compressed class space mapped at: 0x0000000035000000-0x0000000075000000, reserved size: 1073741824
UseCompressedClassPointers 1, UseCompactObjectHeaders 0
Narrow klass pointer bits 32, Max shift 3
Narrow klass base: 0x0000000034000000, Narrow klass shift: 0
Encoding Range: [0x0000000034000000 - 0x0000000134000000), (4294967296 bytes)
Klass Range:    [0x0000000034010000 - 0x0000000075000000), (1090453504 bytes)
Klass ID Range:  [65536 - 1090519033) (1090453497)
Protection zone: [0x0000000034000000 - 0x0000000034010000), (65536 bytes)

GC Precious Log:
 CardTable entry size: 512
 Card Set container configuration: InlinePtr #cards 5 size 8 Array Of Cards #cards 10 size 36 Howl #buckets 4 coarsen threshold 1843 Howl Bitmap #cards 512 size 80 coarsen threshold 460 Card regions per heap region 1 cards per card region 2048
 CPUs: 4 total, 4 available
 Memory: 7886M
 Large Page Support: Disabled
 NUMA Support: Disabled
 Compressed Oops: Enabled (32-bit)
 Heap Region Size: 1M
 Heap Min Capacity: 8M
 Heap Initial Capacity: 124M
 Heap Max Capacity: 1972M
 Pre-touch: Disabled
 Parallel Workers: 4
 Concurrent Workers: 1
 Concurrent Refinement Workers: 4
 Periodic GC: Disabled

Heap:
 garbage-first heap   total reserved 2019328K, committed 263168K, used 106269K [0x0000000084c00000, 0x0000000100000000)
  region size 1024K, 3 young (3072K), 3 survivors (3072K)

Heap Regions: E=young(eden), S=young(survivor), O=old, HS=humongous(starts), HC=humongous(continues), CS=collection set, F=free, TAMS=top-at-mark-start, PB=parsable bottom
|   0|0x0000000084c00000, 0x0000000084d00000, 0x0000000084d00000|100%|HS|  |TAMS 0x0000000084d00000| PB 0x0000000084c00000| Complete |  0
|   1|0x0000000084d00000, 0x0000000084e00000, 0x0000000084e00000|100%|HC|  |TAMS 0x0000000084e00000| PB 0x0000000084d00000| Complete |  0
|   2|0x0000000084e00000, 0x0000000084f00000, 0x0000000084f00000|100%|HC|  |TAMS 0x0000000084f00000| PB 0x0000000084e00000| Complete |  0
|   3|0x0000000084f00000, 0x0000000085000000, 0x0000000085000000|100%|HC|  |TAMS 0x0000000085000000| PB 0x0000000084f00000| Complete |  0
|   4|0x0000000085000000, 0x0000000085100000, 0x0000000085100000|100%|HC|  |TAMS 0x0000000085100000| PB 0x0000000085000000| Complete |  0
|   5|0x0000000085100000, 0x0000000085200000, 0x0000000085200000|100%|HC|  |TAMS 0x0000000085200000| PB 0x0000000085100000| Complete |  0
|   6|0x0000000085200000, 0x0000000085300000, 0x0000000085300000|100%|HC|  |TAMS 0x0000000085300000| PB 0x0000000085200000| Complete |  0
|   7|0x0000000085300000, 0x0000000085400000, 0x0000000085400000|100%|HC|  |TAMS 0x0000000085400000| PB 0x0000000085300000| Complete |  0
|   8|0x0000000085400000, 0x0000000085500000, 0x0000000085500000|100%|HC|  |TAMS 0x0000000085500000| PB 0x0000000085400000| Complete |  0
|   9|0x0000000085500000, 0x0000000085600000, 0x0000000085600000|100%|HC|  |TAMS 0x0000000085600000| PB 0x0000000085500000| Complete |  0
|  10|0x0000000085600000, 0x0000000085700000, 0x0000000085700000|100%|HC|  |TAMS 0x0000000085700000| PB 0x0000000085600000| Complete |  0
|  11|0x0000000085700000, 0x0000000085800000, 0x0000000085800000|100%|HC|  |TAMS 0x0000000085800000| PB 0x0000000085700000| Complete |  0
|  12|0x0000000085800000, 0x0000000085900000, 0x0000000085900000|100%|HC|  |TAMS 0x0000000085900000| PB 0x0000000085800000| Complete |  0
|  13|0x0000000085900000, 0x0000000085a00000, 0x0000000085a00000|100%|HC|  |TAMS 0x0000000085a00000| PB 0x0000000085900000| Complete |  0
|  14|0x0000000085a00000, 0x0000000085b00000, 0x0000000085b00000|100%|HC|  |TAMS 0x0000000085b00000| PB 0x0000000085a00000| Complete |  0
|  15|0x0000000085b00000, 0x0000000085c00000, 0x0000000085c00000|100%|HC|  |TAMS 0x0000000085c00000| PB 0x0000000085b00000| Complete |  0
|  16|0x0000000085c00000, 0x0000000085d00000, 0x0000000085d00000|100%|HC|  |TAMS 0x0000000085d00000| PB 0x0000000085c00000| Complete |  0
|  17|0x0000000085d00000, 0x0000000085e00000, 0x0000000085e00000|100%|HC|  |TAMS 0x0000000085e00000| PB 0x0000000085d00000| Complete |  0
|  18|0x0000000085e00000, 0x0000000085f00000, 0x0000000085f00000|100%|HC|  |TAMS 0x0000000085f00000| PB 0x0000000085e00000| Complete |  0
|  19|0x0000000085f00000, 0x0000000086000000, 0x0000000086000000|100%|HC|  |TAMS 0x0000000086000000| PB 0x0000000085f00000| Complete |  0
|  20|0x0000000086000000, 0x0000000086100000, 0x0000000086100000|100%|HC|  |TAMS 0x0000000086100000| PB 0x0000000086000000| Complete |  0
|  21|0x0000000086100000, 0x0000000086200000, 0x0000000086200000|100%|HC|  |TAMS 0x0000000086200000| PB 0x0000000086100000| Complete |  0
|  22|0x0000000086200000, 0x0000000086300000, 0x0000000086300000|100%|HC|  |TAMS 0x0000000086300000| PB 0x0000000086200000| Complete |  0
|  23|0x0000000086300000, 0x0000000086400000, 0x0000000086400000|100%|HC|  |TAMS 0x0000000086400000| PB 0x0000000086300000| Complete |  0
|  24|0x0000000086400000, 0x0000000086500000, 0x0000000086500000|100%|HC|  |TAMS 0x0000000086500000| PB 0x0000000086400000| Complete |  0
|  25|0x0000000086500000, 0x0000000086600000, 0x0000000086600000|100%|HC|  |TAMS 0x0000000086600000| PB 0x0000000086500000| Complete |  0
|  26|0x0000000086600000, 0x0000000086700000, 0x0000000086700000|100%|HC|  |TAMS 0x0000000086700000| PB 0x0000000086600000| Complete |  0
|  27|0x0000000086700000, 0x0000000086800000, 0x0000000086800000|100%|HC|  |TAMS 0x0000000086800000| PB 0x0000000086700000| Complete |  0
|  28|0x0000000086800000, 0x0000000086900000, 0x0000000086900000|100%|HC|  |TAMS 0x0000000086900000| PB 0x0000000086800000| Complete |  0
|  29|0x0000000086900000, 0x0000000086a00000, 0x0000000086a00000|100%|HC|  |TAMS 0x0000000086a00000| PB 0x0000000086900000| Complete |  0
|  30|0x0000000086a00000, 0x0000000086b00000, 0x0000000086b00000|100%|HS|  |TAMS 0x0000000086b00000| PB 0x0000000086a00000| Complete |  0
|  31|0x0000000086b00000, 0x0000000086c00000, 0x0000000086c00000|100%|HC|  |TAMS 0x0000000086c00000| PB 0x0000000086b00000| Complete |  0
|  32|0x0000000086c00000, 0x0000000086d00000, 0x0000000086d00000|100%|HC|  |TAMS 0x0000000086d00000| PB 0x0000000086c00000| Complete |  0
|  33|0x0000000086d00000, 0x0000000086e00000, 0x0000000086e00000|100%|HC|  |TAMS 0x0000000086e00000| PB 0x0000000086d00000| Complete |  0
|  34|0x0000000086e00000, 0x0000000086f00000, 0x0000000086f00000|100%|HC|  |TAMS 0x0000000086f00000| PB 0x0000000086e00000| Complete |  0
|  35|0x0000000086f00000, 0x0000000087000000, 0x0000000087000000|100%|HC|  |TAMS 0x0000000087000000| PB 0x0000000086f00000| Complete |  0
|  36|0x0000000087000000, 0x0000000087100000, 0x0000000087100000|100%|HC|  |TAMS 0x0000000087100000| PB 0x0000000087000000| Complete |  0
|  37|0x0000000087100000, 0x0000000087200000, 0x0000000087200000|100%|HC|  |TAMS 0x0000000087200000| PB 0x0000000087100000| Complete |  0
|  38|0x0000000087200000, 0x0000000087300000, 0x0000000087300000|100%|HC|  |TAMS 0x0000000087300000| PB 0x0000000087200000| Complete |  0
|  39|0x0000000087300000, 0x0000000087400000, 0x0000000087400000|100%|HC|  |TAMS 0x0000000087400000| PB 0x0000000087300000| Complete |  0
|  40|0x0000000087400000, 0x0000000087500000, 0x0000000087500000|100%|HC|  |TAMS 0x0000000087500000| PB 0x0000000087400000| Complete |  0
|  41|0x0000000087500000, 0x0000000087600000, 0x0000000087600000|100%|HC|  |TAMS 0x0000000087600000| PB 0x0000000087500000| Complete |  0
|  42|0x0000000087600000, 0x0000000087700000, 0x0000000087700000|100%|HC|  |TAMS 0x0000000087700000| PB 0x0000000087600000| Complete |  0
|  43|0x0000000087700000, 0x0000000087800000, 0x0000000087800000|100%|HC|  |TAMS 0x0000000087800000| PB 0x0000000087700000| Complete |  0
|  44|0x0000000087800000, 0x0000000087900000, 0x0000000087900000|100%|HC|  |TAMS 0x0000000087900000| PB 0x0000000087800000| Complete |  0
|  45|0x0000000087900000, 0x0000000087a00000, 0x0000000087a00000|100%|HC|  |TAMS 0x0000000087a00000| PB 0x0000000087900000| Complete |  0
|  46|0x0000000087a00000, 0x0000000087b00000, 0x0000000087b00000|100%|HC|  |TAMS 0x0000000087b00000| PB 0x0000000087a00000| Complete |  0
|  47|0x0000000087b00000, 0x0000000087c00000, 0x0000000087c00000|100%|HC|  |TAMS 0x0000000087c00000| PB 0x0000000087b00000| Complete |  0
|  48|0x0000000087c00000, 0x0000000087d00000, 0x0000000087d00000|100%|HC|  |TAMS 0x0000000087d00000| PB 0x0000000087c00000| Complete |  0
|  49|0x0000000087d00000, 0x0000000087e00000, 0x0000000087e00000|100%|HC|  |TAMS 0x0000000087e00000| PB 0x0000000087d00000| Complete |  0
|  50|0x0000000087e00000, 0x0000000087f00000, 0x0000000087f00000|100%|HC|  |TAMS 0x0000000087f00000| PB 0x0000000087e00000| Complete |  0
|  51|0x0000000087f00000, 0x0000000088000000, 0x0000000088000000|100%|HC|  |TAMS 0x0000000088000000| PB 0x0000000087f00000| Complete |  0
|  52|0x0000000088000000, 0x0000000088100000, 0x0000000088100000|100%|HC|  |TAMS 0x0000000088100000| PB 0x0000000088000000| Complete |  0
|  53|0x0000000088100000, 0x0000000088200000, 0x0000000088200000|100%|HC|  |TAMS 0x0000000088200000| PB 0x0000000088100000| Complete |  0
|  54|0x0000000088200000, 0x0000000088300000, 0x0000000088300000|100%|HC|  |TAMS 0x0000000088300000| PB 0x0000000088200000| Complete |  0
|  55|0x0000000088300000, 0x0000000088400000, 0x0000000088400000|100%|HC|  |TAMS 0x0000000088400000| PB 0x0000000088300000| Complete |  0
|  56|0x0000000088400000, 0x0000000088500000, 0x0000000088500000|100%|HC|  |TAMS 0x0000000088500000| PB 0x0000000088400000| Complete |  0
|  57|0x0000000088500000, 0x0000000088600000, 0x0000000088600000|100%|HC|  |TAMS 0x0000000088600000| PB 0x0000000088500000| Complete |  0
|  58|0x0000000088600000, 0x0000000088700000, 0x0000000088700000|100%|HC|  |TAMS 0x0000000088700000| PB 0x0000000088600000| Complete |  0
|  59|0x0000000088700000, 0x0000000088800000, 0x0000000088800000|100%|HC|  |TAMS 0x0000000088800000| PB 0x0000000088700000| Complete |  0
|  60|0x0000000088800000, 0x0000000088900000, 0x0000000088900000|100%|HC|  |TAMS 0x0000000088900000| PB 0x0000000088800000| Complete |  0
|  61|0x0000000088900000, 0x0000000088a00000, 0x0000000088a00000|100%|HC|  |TAMS 0x0000000088a00000| PB 0x0000000088900000| Complete |  0
|  62|0x0000000088a00000, 0x0000000088b00000, 0x0000000088b00000|100%|HC|  |TAMS 0x0000000088b00000| PB 0x0000000088a00000| Complete |  0
|  63|0x0000000088b00000, 0x0000000088c00000, 0x0000000088c00000|100%|HC|  |TAMS 0x0000000088c00000| PB 0x0000000088b00000| Complete |  0
|  64|0x0000000088c00000, 0x0000000088d00000, 0x0000000088d00000|100%|HC|  |TAMS 0x0000000088d00000| PB 0x0000000088c00000| Complete |  0
|  65|0x0000000088d00000, 0x0000000088e00000, 0x0000000088e00000|100%|HC|  |TAMS 0x0000000088e00000| PB 0x0000000088d00000| Complete |  0
|  66|0x0000000088e00000, 0x0000000088f00000, 0x0000000088f00000|100%|HC|  |TAMS 0x0000000088f00000| PB 0x0000000088e00000| Complete |  0
|  67|0x0000000088f00000, 0x0000000089000000, 0x0000000089000000|100%|HC|  |TAMS 0x0000000089000000| PB 0x0000000088f00000| Complete |  0
|  68|0x0000000089000000, 0x0000000089100000, 0x0000000089100000|100%|HC|  |TAMS 0x0000000089100000| PB 0x0000000089000000| Complete |  0
|  69|0x0000000089100000, 0x0000000089200000, 0x0000000089200000|100%|HC|  |TAMS 0x0000000089200000| PB 0x0000000089100000| Complete |  0
|  70|0x0000000089200000, 0x0000000089300000, 0x0000000089300000|100%| O|  |TAMS 0x0000000089300000| PB 0x0000000089200000| Untracked |  0
|  71|0x0000000089300000, 0x0000000089400000, 0x0000000089400000|100%| O|  |TAMS 0x0000000089400000| PB 0x0000000089300000| Untracked |  0
|  72|0x0000000089400000, 0x0000000089500000, 0x0000000089500000|100%| O|  |TAMS 0x0000000089500000| PB 0x0000000089400000| Untracked |  0
|  73|0x0000000089500000, 0x0000000089600000, 0x0000000089600000|100%| O|  |TAMS 0x0000000089600000| PB 0x0000000089500000| Untracked |  0
|  74|0x0000000089600000, 0x0000000089700000, 0x0000000089700000|100%| O|  |TAMS 0x0000000089700000| PB 0x0000000089600000| Untracked |  0
|  75|0x0000000089700000, 0x0000000089800000, 0x0000000089800000|100%| O|  |TAMS 0x0000000089800000| PB 0x0000000089700000| Untracked |  0
|  76|0x0000000089800000, 0x0000000089900000, 0x0000000089900000|100%| O|  |TAMS 0x0000000089900000| PB 0x0000000089800000| Untracked |  0
|  77|0x0000000089900000, 0x0000000089a00000, 0x0000000089a00000|100%|HS|  |TAMS 0x0000000089a00000| PB 0x0000000089900000| Complete |  0
|  78|0x0000000089a00000, 0x0000000089b00000, 0x0000000089b00000|100%|HC|  |TAMS 0x0000000089b00000| PB 0x0000000089a00000| Complete |  0
|  79|0x0000000089b00000, 0x0000000089b00000, 0x0000000089c00000|  0%| F|  |TAMS 0x0000000089b00000| PB 0x0000000089b00000| Untracked |  0
|  80|0x0000000089c00000, 0x0000000089d00000, 0x0000000089d00000|100%|HS|  |TAMS 0x0000000089d00000| PB 0x0000000089c00000| Complete |  0
|  81|0x0000000089d00000, 0x0000000089e00000, 0x0000000089e00000|100%|HC|  |TAMS 0x0000000089e00000| PB 0x0000000089d00000| Complete |  0
|  82|0x0000000089e00000, 0x0000000089f00000, 0x0000000089f00000|100%|HS|  |TAMS 0x0000000089f00000| PB 0x0000000089e00000| Complete |  0
|  83|0x0000000089f00000, 0x000000008a000000, 0x000000008a000000|100%|HC|  |TAMS 0x000000008a000000| PB 0x0000000089f00000| Complete |  0
|  84|0x000000008a000000, 0x000000008a100000, 0x000000008a100000|100%|HS|  |TAMS 0x000000008a100000| PB 0x000000008a000000| Complete |  0
|  85|0x000000008a100000, 0x000000008a200000, 0x000000008a200000|100%|HC|  |TAMS 0x000000008a200000| PB 0x000000008a100000| Complete |  0
|  86|0x000000008a200000, 0x000000008a300000, 0x000000008a300000|100%|HS|  |TAMS 0x000000008a300000| PB 0x000000008a200000| Complete |  0
|  87|0x000000008a300000, 0x000000008a400000, 0x000000008a400000|100%|HC|  |TAMS 0x000000008a400000| PB 0x000000008a300000| Complete |  0
|  88|0x000000008a400000, 0x000000008a400000, 0x000000008a500000|  0%| F|  |TAMS 0x000000008a400000| PB 0x000000008a400000| Untracked |  0
|  89|0x000000008a500000, 0x000000008a500000, 0x000000008a600000|  0%| F|  |TAMS 0x000000008a500000| PB 0x000000008a500000| Untracked |  0
|  90|0x000000008a600000, 0x000000008a600000, 0x000000008a700000|  0%| F|  |TAMS 0x000000008a600000| PB 0x000000008a600000| Untracked |  0
|  91|0x000000008a700000, 0x000000008a700000, 0x000000008a800000|  0%| F|  |TAMS 0x000000008a700000| PB 0x000000008a700000| Untracked |  0
|  92|0x000000008a800000, 0x000000008a800000, 0x000000008a900000|  0%| F|  |TAMS 0x000000008a800000| PB 0x000000008a800000| Untracked |  0
|  93|0x000000008a900000, 0x000000008aa00000, 0x000000008aa00000|100%|HS|  |TAMS 0x000000008aa00000| PB 0x000000008a900000| Complete |  0
|  94|0x000000008aa00000, 0x000000008ab00000, 0x000000008ab00000|100%|HC|  |TAMS 0x000000008ab00000| PB 0x000000008aa00000| Complete |  0
|  95|0x000000008ab00000, 0x000000008ac00000, 0x000000008ac00000|100%|HS|  |TAMS 0x000000008ac00000| PB 0x000000008ab00000| Complete |  0
|  96|0x000000008ac00000, 0x000000008ad00000, 0x000000008ad00000|100%|HC|  |TAMS 0x000000008ad00000| PB 0x000000008ac00000| Complete |  0
|  97|0x000000008ad00000, 0x000000008ad00000, 0x000000008ae00000|  0%| F|  |TAMS 0x000000008ad00000| PB 0x000000008ad00000| Untracked |  0
|  98|0x000000008ae00000, 0x000000008ae00000, 0x000000008af00000|  0%| F|  |TAMS 0x000000008ae00000| PB 0x000000008ae00000| Untracked |  0
|  99|0x000000008af00000, 0x000000008b000000, 0x000000008b000000|100%|HS|  |TAMS 0x000000008b000000| PB 0x000000008af00000| Complete |  0
| 100|0x000000008b000000, 0x000000008b100000, 0x000000008b100000|100%|HC|  |TAMS 0x000000008b100000| PB 0x000000008b000000| Complete |  0
| 101|0x000000008b100000, 0x000000008b200000, 0x000000008b200000|100%|HS|  |TAMS 0x000000008b200000| PB 0x000000008b100000| Complete |  0
| 102|0x000000008b200000, 0x000000008b300000, 0x000000008b300000|100%|HC|  |TAMS 0x000000008b300000| PB 0x000000008b200000| Complete |  0
| 103|0x000000008b300000, 0x000000008b400000, 0x000000008b400000|100%|HS|  |TAMS 0x000000008b400000| PB 0x000000008b300000| Complete |  0
| 104|0x000000008b400000, 0x000000008b500000, 0x000000008b500000|100%|HS|  |TAMS 0x000000008b500000| PB 0x000000008b400000| Complete |  0
| 105|0x000000008b500000, 0x000000008b600000, 0x000000008b600000|100%|HC|  |TAMS 0x000000008b600000| PB 0x000000008b500000| Complete |  0
| 106|0x000000008b600000, 0x000000008b600000, 0x000000008b700000|  0%| F|  |TAMS 0x000000008b600000| PB 0x000000008b600000| Untracked |  0
| 107|0x000000008b700000, 0x000000008b700000, 0x000000008b800000|  0%| F|  |TAMS 0x000000008b700000| PB 0x000000008b700000| Untracked |  0
| 108|0x000000008b800000, 0x000000008b800000, 0x000000008b900000|  0%| F|  |TAMS 0x000000008b800000| PB 0x000000008b800000| Untracked |  0
| 109|0x000000008b900000, 0x000000008b900000, 0x000000008ba00000|  0%| F|  |TAMS 0x000000008b900000| PB 0x000000008b900000| Untracked |  0
| 110|0x000000008ba00000, 0x000000008ba00000, 0x000000008bb00000|  0%| F|  |TAMS 0x000000008ba00000| PB 0x000000008ba00000| Untracked |  0
| 111|0x000000008bb00000, 0x000000008bb00000, 0x000000008bc00000|  0%| F|  |TAMS 0x000000008bb00000| PB 0x000000008bb00000| Untracked |  0
| 112|0x000000008bc00000, 0x000000008bc00000, 0x000000008bd00000|  0%| F|  |TAMS 0x000000008bc00000| PB 0x000000008bc00000| Untracked |  0
| 113|0x000000008bd00000, 0x000000008bd00000, 0x000000008be00000|  0%| F|  |TAMS 0x000000008bd00000| PB 0x000000008bd00000| Untracked |  0
| 114|0x000000008be00000, 0x000000008be00000, 0x000000008bf00000|  0%| F|  |TAMS 0x000000008be00000| PB 0x000000008be00000| Untracked |  0
| 115|0x000000008bf00000, 0x000000008bf00000, 0x000000008c000000|  0%| F|  |TAMS 0x000000008bf00000| PB 0x000000008bf00000| Untracked |  0
| 116|0x000000008c000000, 0x000000008c000000, 0x000000008c100000|  0%| F|  |TAMS 0x000000008c000000| PB 0x000000008c000000| Untracked |  0
| 117|0x000000008c100000, 0x000000008c100000, 0x000000008c200000|  0%| F|  |TAMS 0x000000008c100000| PB 0x000000008c100000| Untracked |  0
| 118|0x000000008c200000, 0x000000008c200000, 0x000000008c300000|  0%| F|  |TAMS 0x000000008c200000| PB 0x000000008c200000| Untracked |  0
| 119|0x000000008c300000, 0x000000008c300000, 0x000000008c400000|  0%| F|  |TAMS 0x000000008c300000| PB 0x000000008c300000| Untracked |  0
| 120|0x000000008c400000, 0x000000008c400000, 0x000000008c500000|  0%| F|  |TAMS 0x000000008c400000| PB 0x000000008c400000| Untracked |  0
| 121|0x000000008c500000, 0x000000008c500000, 0x000000008c600000|  0%| F|  |TAMS 0x000000008c500000| PB 0x000000008c500000| Untracked |  0
| 122|0x000000008c600000, 0x000000008c600000, 0x000000008c700000|  0%| F|  |TAMS 0x000000008c600000| PB 0x000000008c600000| Untracked |  0
| 123|0x000000008c700000, 0x000000008c700000, 0x000000008c800000|  0%| F|  |TAMS 0x000000008c700000| PB 0x000000008c700000| Untracked |  0
| 124|0x000000008c800000, 0x000000008c800000, 0x000000008c900000|  0%| F|  |TAMS 0x000000008c800000| PB 0x000000008c800000| Untracked |  0
| 125|0x000000008c900000, 0x000000008c900000, 0x000000008ca00000|  0%| F|  |TAMS 0x000000008c900000| PB 0x000000008c900000| Untracked |  0
| 126|0x000000008ca00000, 0x000000008ca00000, 0x000000008cb00000|  0%| F|  |TAMS 0x000000008ca00000| PB 0x000000008ca00000| Untracked |  0
| 127|0x000000008cb00000, 0x000000008cb00000, 0x000000008cc00000|  0%| F|  |TAMS 0x000000008cb00000| PB 0x000000008cb00000| Untracked |  0
| 128|0x000000008cc00000, 0x000000008cc00000, 0x000000008cd00000|  0%| F|  |TAMS 0x000000008cc00000| PB 0x000000008cc00000| Untracked |  0
| 129|0x000000008cd00000, 0x000000008cd00000, 0x000000008ce00000|  0%| F|  |TAMS 0x000000008cd00000| PB 0x000000008cd00000| Untracked |  0
| 130|0x000000008ce00000, 0x000000008ce00000, 0x000000008cf00000|  0%| F|  |TAMS 0x000000008ce00000| PB 0x000000008ce00000| Untracked |  0
| 131|0x000000008cf00000, 0x000000008cf00000, 0x000000008d000000|  0%| F|  |TAMS 0x000000008cf00000| PB 0x000000008cf00000| Untracked |  0
| 132|0x000000008d000000, 0x000000008d000000, 0x000000008d100000|  0%| F|  |TAMS 0x000000008d000000| PB 0x000000008d000000| Untracked |  0
| 133|0x000000008d100000, 0x000000008d100000, 0x000000008d200000|  0%| F|  |TAMS 0x000000008d100000| PB 0x000000008d100000| Untracked |  0
| 134|0x000000008d200000, 0x000000008d200000, 0x000000008d300000|  0%| F|  |TAMS 0x000000008d200000| PB 0x000000008d200000| Untracked |  0
| 135|0x000000008d300000, 0x000000008d300000, 0x000000008d400000|  0%| F|  |TAMS 0x000000008d300000| PB 0x000000008d300000| Untracked |  0
| 136|0x000000008d400000, 0x000000008d400000, 0x000000008d500000|  0%| F|  |TAMS 0x000000008d400000| PB 0x000000008d400000| Untracked |  0
| 137|0x000000008d500000, 0x000000008d500000, 0x000000008d600000|  0%| F|  |TAMS 0x000000008d500000| PB 0x000000008d500000| Untracked |  0
| 138|0x000000008d600000, 0x000000008d600000, 0x000000008d700000|  0%| F|  |TAMS 0x000000008d600000| PB 0x000000008d600000| Untracked |  0
| 139|0x000000008d700000, 0x000000008d700000, 0x000000008d800000|  0%| F|  |TAMS 0x000000008d700000| PB 0x000000008d700000| Untracked |  0
| 140|0x000000008d800000, 0x000000008d800000, 0x000000008d900000|  0%| F|  |TAMS 0x000000008d800000| PB 0x000000008d800000| Untracked |  0
| 141|0x000000008d900000, 0x000000008d900000, 0x000000008da00000|  0%| F|  |TAMS 0x000000008d900000| PB 0x000000008d900000| Untracked |  0
| 142|0x000000008da00000, 0x000000008da00000, 0x000000008db00000|  0%| F|  |TAMS 0x000000008da00000| PB 0x000000008da00000| Untracked |  0
| 143|0x000000008db00000, 0x000000008db00000, 0x000000008dc00000|  0%| F|  |TAMS 0x000000008db00000| PB 0x000000008db00000| Untracked |  0
| 144|0x000000008dc00000, 0x000000008dc00000, 0x000000008dd00000|  0%| F|  |TAMS 0x000000008dc00000| PB 0x000000008dc00000| Untracked |  0
| 145|0x000000008dd00000, 0x000000008dd00000, 0x000000008de00000|  0%| F|  |TAMS 0x000000008dd00000| PB 0x000000008dd00000| Untracked |  0
| 146|0x000000008de00000, 0x000000008de00000, 0x000000008df00000|  0%| F|  |TAMS 0x000000008de00000| PB 0x000000008de00000| Untracked |  0
| 147|0x000000008df00000, 0x000000008df00000, 0x000000008e000000|  0%| F|  |TAMS 0x000000008df00000| PB 0x000000008df00000| Untracked |  0
| 148|0x000000008e000000, 0x000000008e000000, 0x000000008e100000|  0%| F|  |TAMS 0x000000008e000000| PB 0x000000008e000000| Untracked |  0
| 149|0x000000008e100000, 0x000000008e100000, 0x000000008e200000|  0%| F|  |TAMS 0x000000008e100000| PB 0x000000008e100000| Untracked |  0
| 150|0x000000008e200000, 0x000000008e200000, 0x000000008e300000|  0%| F|  |TAMS 0x000000008e200000| PB 0x000000008e200000| Untracked |  0
| 151|0x000000008e300000, 0x000000008e300000, 0x000000008e400000|  0%| F|  |TAMS 0x000000008e300000| PB 0x000000008e300000| Untracked |  0
| 152|0x000000008e400000, 0x000000008e400000, 0x000000008e500000|  0%| F|  |TAMS 0x000000008e400000| PB 0x000000008e400000| Untracked |  0
| 153|0x000000008e500000, 0x000000008e500000, 0x000000008e600000|  0%| F|  |TAMS 0x000000008e500000| PB 0x000000008e500000| Untracked |  0
| 154|0x000000008e600000, 0x000000008e600000, 0x000000008e700000|  0%| F|  |TAMS 0x000000008e600000| PB 0x000000008e600000| Untracked |  0
| 155|0x000000008e700000, 0x000000008e700000, 0x000000008e800000|  0%| F|  |TAMS 0x000000008e700000| PB 0x000000008e700000| Untracked |  0
| 156|0x000000008e800000, 0x000000008e800000, 0x000000008e900000|  0%| F|  |TAMS 0x000000008e800000| PB 0x000000008e800000| Untracked |  0
| 157|0x000000008e900000, 0x000000008e900000, 0x000000008ea00000|  0%| F|  |TAMS 0x000000008e900000| PB 0x000000008e900000| Untracked |  0
| 158|0x000000008ea00000, 0x000000008ea00000, 0x000000008eb00000|  0%| F|  |TAMS 0x000000008ea00000| PB 0x000000008ea00000| Untracked |  0
| 159|0x000000008eb00000, 0x000000008eb00000, 0x000000008ec00000|  0%| F|  |TAMS 0x000000008eb00000| PB 0x000000008eb00000| Untracked |  0
| 160|0x000000008ec00000, 0x000000008ec00000, 0x000000008ed00000|  0%| F|  |TAMS 0x000000008ec00000| PB 0x000000008ec00000| Untracked |  0
| 161|0x000000008ed00000, 0x000000008ed00000, 0x000000008ee00000|  0%| F|  |TAMS 0x000000008ed00000| PB 0x000000008ed00000| Untracked |  0
| 162|0x000000008ee00000, 0x000000008ee00000, 0x000000008ef00000|  0%| F|  |TAMS 0x000000008ee00000| PB 0x000000008ee00000| Untracked |  0
| 163|0x000000008ef00000, 0x000000008ef00000, 0x000000008f000000|  0%| F|  |TAMS 0x000000008ef00000| PB 0x000000008ef00000| Untracked |  0
| 164|0x000000008f000000, 0x000000008f000000, 0x000000008f100000|  0%| F|  |TAMS 0x000000008f000000| PB 0x000000008f000000| Untracked |  0
| 165|0x000000008f100000, 0x000000008f100000, 0x000000008f200000|  0%| F|  |TAMS 0x000000008f100000| PB 0x000000008f100000| Untracked |  0
| 166|0x000000008f200000, 0x000000008f200000, 0x000000008f300000|  0%| F|  |TAMS 0x000000008f200000| PB 0x000000008f200000| Untracked |  0
| 167|0x000000008f300000, 0x000000008f300000, 0x000000008f400000|  0%| F|  |TAMS 0x000000008f300000| PB 0x000000008f300000| Untracked |  0
| 168|0x000000008f400000, 0x000000008f400000, 0x000000008f500000|  0%| F|  |TAMS 0x000000008f400000| PB 0x000000008f400000| Untracked |  0
| 169|0x000000008f500000, 0x000000008f500000, 0x000000008f600000|  0%| F|  |TAMS 0x000000008f500000| PB 0x000000008f500000| Untracked |  0
| 170|0x000000008f600000, 0x000000008f600000, 0x000000008f700000|  0%| F|  |TAMS 0x000000008f600000| PB 0x000000008f600000| Untracked |  0
| 171|0x000000008f700000, 0x000000008f700000, 0x000000008f800000|  0%| F|  |TAMS 0x000000008f700000| PB 0x000000008f700000| Untracked |  0
| 172|0x000000008f800000, 0x000000008f800000, 0x000000008f900000|  0%| F|  |TAMS 0x000000008f800000| PB 0x000000008f800000| Untracked |  0
| 173|0x000000008f900000, 0x000000008f900000, 0x000000008fa00000|  0%| F|  |TAMS 0x000000008f900000| PB 0x000000008f900000| Untracked |  0
| 174|0x000000008fa00000, 0x000000008fa00000, 0x000000008fb00000|  0%| F|  |TAMS 0x000000008fa00000| PB 0x000000008fa00000| Untracked |  0
| 175|0x000000008fb00000, 0x000000008fb00000, 0x000000008fc00000|  0%| F|  |TAMS 0x000000008fb00000| PB 0x000000008fb00000| Untracked |  0
| 176|0x000000008fc00000, 0x000000008fc00000, 0x000000008fd00000|  0%| F|  |TAMS 0x000000008fc00000| PB 0x000000008fc00000| Untracked |  0
| 177|0x000000008fd00000, 0x000000008fd00000, 0x000000008fe00000|  0%| F|  |TAMS 0x000000008fd00000| PB 0x000000008fd00000| Untracked |  0
| 178|0x000000008fe00000, 0x000000008fe00000, 0x000000008ff00000|  0%| F|  |TAMS 0x000000008fe00000| PB 0x000000008fe00000| Untracked |  0
| 179|0x000000008ff00000, 0x000000008ff00000, 0x0000000090000000|  0%| F|  |TAMS 0x000000008ff00000| PB 0x000000008ff00000| Untracked |  0
| 180|0x0000000090000000, 0x0000000090000000, 0x0000000090100000|  0%| F|  |TAMS 0x0000000090000000| PB 0x0000000090000000| Untracked |  0
| 181|0x0000000090100000, 0x0000000090100000, 0x0000000090200000|  0%| F|  |TAMS 0x0000000090100000| PB 0x0000000090100000| Untracked |  0
| 182|0x0000000090200000, 0x0000000090200000, 0x0000000090300000|  0%| F|  |TAMS 0x0000000090200000| PB 0x0000000090200000| Untracked |  0
| 183|0x0000000090300000, 0x0000000090300000, 0x0000000090400000|  0%| F|  |TAMS 0x0000000090300000| PB 0x0000000090300000| Untracked |  0
| 184|0x0000000090400000, 0x0000000090400000, 0x0000000090500000|  0%| F|  |TAMS 0x0000000090400000| PB 0x0000000090400000| Untracked |  0
| 185|0x0000000090500000, 0x0000000090500000, 0x0000000090600000|  0%| F|  |TAMS 0x0000000090500000| PB 0x0000000090500000| Untracked |  0
| 186|0x0000000090600000, 0x0000000090600000, 0x0000000090700000|  0%| F|  |TAMS 0x0000000090600000| PB 0x0000000090600000| Untracked |  0
| 187|0x0000000090700000, 0x0000000090700000, 0x0000000090800000|  0%| F|  |TAMS 0x0000000090700000| PB 0x0000000090700000| Untracked |  0
| 188|0x0000000090800000, 0x0000000090800000, 0x0000000090900000|  0%| F|  |TAMS 0x0000000090800000| PB 0x0000000090800000| Untracked |  0
| 189|0x0000000090900000, 0x0000000090900000, 0x0000000090a00000|  0%| F|  |TAMS 0x0000000090900000| PB 0x0000000090900000| Untracked |  0
| 190|0x0000000090a00000, 0x0000000090a00000, 0x0000000090b00000|  0%| F|  |TAMS 0x0000000090a00000| PB 0x0000000090a00000| Untracked |  0
| 191|0x0000000090b00000, 0x0000000090b00000, 0x0000000090c00000|  0%| F|  |TAMS 0x0000000090b00000| PB 0x0000000090b00000| Untracked |  0
| 192|0x0000000090c00000, 0x0000000090c00000, 0x0000000090d00000|  0%| F|  |TAMS 0x0000000090c00000| PB 0x0000000090c00000| Untracked |  0
| 193|0x0000000090d00000, 0x0000000090d00000, 0x0000000090e00000|  0%| F|  |TAMS 0x0000000090d00000| PB 0x0000000090d00000| Untracked |  0
| 194|0x0000000090e00000, 0x0000000090e00000, 0x0000000090f00000|  0%| F|  |TAMS 0x0000000090e00000| PB 0x0000000090e00000| Untracked |  0
| 195|0x0000000090f00000, 0x0000000090f00000, 0x0000000091000000|  0%| F|  |TAMS 0x0000000090f00000| PB 0x0000000090f00000| Untracked |  0
| 196|0x0000000091000000, 0x0000000091000000, 0x0000000091100000|  0%| F|  |TAMS 0x0000000091000000| PB 0x0000000091000000| Untracked |  0
| 197|0x0000000091100000, 0x0000000091100000, 0x0000000091200000|  0%| F|  |TAMS 0x0000000091100000| PB 0x0000000091100000| Untracked |  0
| 198|0x0000000091200000, 0x0000000091200000, 0x0000000091300000|  0%| F|  |TAMS 0x0000000091200000| PB 0x0000000091200000| Untracked |  0
| 199|0x0000000091300000, 0x0000000091300000, 0x0000000091400000|  0%| F|  |TAMS 0x0000000091300000| PB 0x0000000091300000| Untracked |  0
| 200|0x0000000091400000, 0x0000000091400000, 0x0000000091500000|  0%| F|  |TAMS 0x0000000091400000| PB 0x0000000091400000| Untracked |  0
| 201|0x0000000091500000, 0x0000000091500000, 0x0000000091600000|  0%| F|  |TAMS 0x0000000091500000| PB 0x0000000091500000| Untracked |  0
| 202|0x0000000091600000, 0x0000000091600000, 0x0000000091700000|  0%| F|  |TAMS 0x0000000091600000| PB 0x0000000091600000| Untracked |  0
| 203|0x0000000091700000, 0x0000000091700000, 0x0000000091800000|  0%| F|  |TAMS 0x0000000091700000| PB 0x0000000091700000| Untracked |  0
| 204|0x0000000091800000, 0x0000000091800000, 0x0000000091900000|  0%| F|  |TAMS 0x0000000091800000| PB 0x0000000091800000| Untracked |  0
| 205|0x0000000091900000, 0x0000000091900000, 0x0000000091a00000|  0%| F|  |TAMS 0x0000000091900000| PB 0x0000000091900000| Untracked |  0
| 206|0x0000000091a00000, 0x0000000091a00000, 0x0000000091b00000|  0%| F|  |TAMS 0x0000000091a00000| PB 0x0000000091a00000| Untracked |  0
| 207|0x0000000091b00000, 0x0000000091b00000, 0x0000000091c00000|  0%| F|  |TAMS 0x0000000091b00000| PB 0x0000000091b00000| Untracked |  0
| 208|0x0000000091c00000, 0x0000000091c00000, 0x0000000091d00000|  0%| F|  |TAMS 0x0000000091c00000| PB 0x0000000091c00000| Untracked |  0
| 209|0x0000000091d00000, 0x0000000091d00000, 0x0000000091e00000|  0%| F|  |TAMS 0x0000000091d00000| PB 0x0000000091d00000| Untracked |  0
| 210|0x0000000091e00000, 0x0000000091e00000, 0x0000000091f00000|  0%| F|  |TAMS 0x0000000091e00000| PB 0x0000000091e00000| Untracked |  0
| 211|0x0000000091f00000, 0x0000000091f00000, 0x0000000092000000|  0%| F|  |TAMS 0x0000000091f00000| PB 0x0000000091f00000| Untracked |  0
| 212|0x0000000092000000, 0x0000000092000000, 0x0000000092100000|  0%| F|  |TAMS 0x0000000092000000| PB 0x0000000092000000| Untracked |  0
| 213|0x0000000092100000, 0x0000000092100000, 0x0000000092200000|  0%| F|  |TAMS 0x0000000092100000| PB 0x0000000092100000| Untracked |  0
| 214|0x0000000092200000, 0x0000000092200000, 0x0000000092300000|  0%| F|  |TAMS 0x0000000092200000| PB 0x0000000092200000| Untracked |  0
| 215|0x0000000092300000, 0x0000000092300000, 0x0000000092400000|  0%| F|  |TAMS 0x0000000092300000| PB 0x0000000092300000| Untracked |  0
| 216|0x0000000092400000, 0x0000000092400000, 0x0000000092500000|  0%| F|  |TAMS 0x0000000092400000| PB 0x0000000092400000| Untracked |  0
| 217|0x0000000092500000, 0x0000000092500000, 0x0000000092600000|  0%| F|  |TAMS 0x0000000092500000| PB 0x0000000092500000| Untracked |  0
| 218|0x0000000092600000, 0x0000000092600000, 0x0000000092700000|  0%| F|  |TAMS 0x0000000092600000| PB 0x0000000092600000| Untracked |  0
| 219|0x0000000092700000, 0x0000000092700000, 0x0000000092800000|  0%| F|  |TAMS 0x0000000092700000| PB 0x0000000092700000| Untracked |  0
| 220|0x0000000092800000, 0x0000000092800000, 0x0000000092900000|  0%| F|  |TAMS 0x0000000092800000| PB 0x0000000092800000| Untracked |  0
| 221|0x0000000092900000, 0x0000000092900000, 0x0000000092a00000|  0%| F|  |TAMS 0x0000000092900000| PB 0x0000000092900000| Untracked |  0
| 222|0x0000000092a00000, 0x0000000092a00000, 0x0000000092b00000|  0%| F|  |TAMS 0x0000000092a00000| PB 0x0000000092a00000| Untracked |  0
| 223|0x0000000092b00000, 0x0000000092b00000, 0x0000000092c00000|  0%| F|  |TAMS 0x0000000092b00000| PB 0x0000000092b00000| Untracked |  0
| 224|0x0000000092c00000, 0x0000000092c00000, 0x0000000092d00000|  0%| F|  |TAMS 0x0000000092c00000| PB 0x0000000092c00000| Untracked |  0
| 225|0x0000000092d00000, 0x0000000092d00000, 0x0000000092e00000|  0%| F|  |TAMS 0x0000000092d00000| PB 0x0000000092d00000| Untracked |  0
| 226|0x0000000092e00000, 0x0000000092e00000, 0x0000000092f00000|  0%| F|  |TAMS 0x0000000092e00000| PB 0x0000000092e00000| Untracked |  0
| 227|0x0000000092f00000, 0x0000000092f00000, 0x0000000093000000|  0%| F|  |TAMS 0x0000000092f00000| PB 0x0000000092f00000| Untracked |  0
| 228|0x0000000093000000, 0x0000000093000000, 0x0000000093100000|  0%| F|  |TAMS 0x0000000093000000| PB 0x0000000093000000| Untracked |  0
| 229|0x0000000093100000, 0x0000000093100000, 0x0000000093200000|  0%| F|  |TAMS 0x0000000093100000| PB 0x0000000093100000| Untracked |  0
| 230|0x0000000093200000, 0x0000000093200000, 0x0000000093300000|  0%| F|  |TAMS 0x0000000093200000| PB 0x0000000093200000| Untracked |  0
| 231|0x0000000093300000, 0x0000000093300000, 0x0000000093400000|  0%| F|  |TAMS 0x0000000093300000| PB 0x0000000093300000| Untracked |  0
| 232|0x0000000093400000, 0x0000000093400000, 0x0000000093500000|  0%| F|  |TAMS 0x0000000093400000| PB 0x0000000093400000| Untracked |  0
| 233|0x0000000093500000, 0x0000000093500000, 0x0000000093600000|  0%| F|  |TAMS 0x0000000093500000| PB 0x0000000093500000| Untracked |  0
| 234|0x0000000093600000, 0x0000000093600000, 0x0000000093700000|  0%| F|  |TAMS 0x0000000093600000| PB 0x0000000093600000| Untracked |  0
| 235|0x0000000093700000, 0x0000000093700000, 0x0000000093800000|  0%| F|  |TAMS 0x0000000093700000| PB 0x0000000093700000| Untracked |  0
| 236|0x0000000093800000, 0x0000000093800000, 0x0000000093900000|  0%| F|  |TAMS 0x0000000093800000| PB 0x0000000093800000| Untracked |  0
| 237|0x0000000093900000, 0x0000000093900000, 0x0000000093a00000|  0%| F|  |TAMS 0x0000000093900000| PB 0x0000000093900000| Untracked |  0
| 238|0x0000000093a00000, 0x0000000093a00000, 0x0000000093b00000|  0%| F|  |TAMS 0x0000000093a00000| PB 0x0000000093a00000| Untracked |  0
| 239|0x0000000093b00000, 0x0000000093b00000, 0x0000000093c00000|  0%| F|  |TAMS 0x0000000093b00000| PB 0x0000000093b00000| Untracked |  0
| 240|0x0000000093c00000, 0x0000000093c00000, 0x0000000093d00000|  0%| F|  |TAMS 0x0000000093c00000| PB 0x0000000093c00000| Untracked |  0
| 241|0x0000000093d00000, 0x0000000093d00000, 0x0000000093e00000|  0%| F|  |TAMS 0x0000000093d00000| PB 0x0000000093d00000| Untracked |  0
| 242|0x0000000093e00000, 0x0000000093e00000, 0x0000000093f00000|  0%| F|  |TAMS 0x0000000093e00000| PB 0x0000000093e00000| Untracked |  0
| 243|0x0000000093f00000, 0x0000000093f7f010, 0x0000000094000000| 49%| S|CS|TAMS 0x0000000093f00000| PB 0x0000000093f00000| Complete |  0
| 244|0x0000000094000000, 0x0000000094100000, 0x0000000094100000|100%| S|CS|TAMS 0x0000000094000000| PB 0x0000000094000000| Complete |  0
| 245|0x0000000094100000, 0x0000000094200000, 0x0000000094200000|100%| S|CS|TAMS 0x0000000094100000| PB 0x0000000094100000| Complete |  0
| 246|0x0000000094200000, 0x0000000094200000, 0x0000000094300000|  0%| F|  |TAMS 0x0000000094200000| PB 0x0000000094200000| Untracked |  0
| 247|0x0000000094300000, 0x0000000094300000, 0x0000000094400000|  0%| F|  |TAMS 0x0000000094300000| PB 0x0000000094300000| Untracked |  0
| 248|0x0000000094400000, 0x0000000094400000, 0x0000000094500000|  0%| F|  |TAMS 0x0000000094400000| PB 0x0000000094400000| Untracked |  0
| 249|0x0000000094500000, 0x0000000094500000, 0x0000000094600000|  0%| F|  |TAMS 0x0000000094500000| PB 0x0000000094500000| Untracked |  0
| 250|0x0000000094600000, 0x0000000094600000, 0x0000000094700000|  0%| F|  |TAMS 0x0000000094600000| PB 0x0000000094600000| Untracked |  0
|1966|0x00000000ffa00000, 0x00000000ffa48710, 0x00000000ffb00000| 28%| O|  |TAMS 0x00000000ffa48710| PB 0x00000000ffa00000| Untracked |  0
|1967|0x00000000ffb00000, 0x00000000ffc00000, 0x00000000ffc00000|100%| O|  |TAMS 0x00000000ffc00000| PB 0x00000000ffb00000| Untracked |  0
|1968|0x00000000ffc00000, 0x00000000ffd00000, 0x00000000ffd00000|100%| O|  |TAMS 0x00000000ffd00000| PB 0x00000000ffc00000| Untracked |  0
|1969|0x00000000ffd00000, 0x00000000ffd00000, 0x00000000ffe00000|  0%| F|  |TAMS 0x00000000ffd00000| PB 0x00000000ffd00000| Untracked |  0
|1970|0x00000000ffe00000, 0x00000000fff00000, 0x00000000fff00000|100%| O|  |TAMS 0x00000000fff00000| PB 0x00000000ffe00000| Untracked |  0
|1971|0x00000000fff00000, 0x00000000fff00000, 0x0000000100000000|  0%| F|  |TAMS 0x00000000fff00000| PB 0x00000000fff00000| Untracked |  0

Card table byte_map: [0x000002cf711a0000,0x000002cf71580000] _byte_map_base: 0x000002cf70d7a000

Marking Bits: (CMBitMap*) 0x000002cf59324380
 Bits: [0x000002cf71580000, 0x000002cf73450000)

Polling page: 0x000002cf57090000

Metaspace:
Metaspace        used 20951K, committed 21184K, reserved 1114112K
 class space     used 2375K, committed 2496K, reserved 1048576K

Usage:
  Non-class:     18.14 MB used.
      Class:      2.32 MB used.
       Both:     20.46 MB used.

Virtual space:
  Non-class space:       64.00 MB reserved,      18.25 MB ( 29%) committed,  1 nodes.
      Class space:        1.00 GB reserved,       2.44 MB ( <1%) committed,  1 nodes.
             Both:        1.06 GB reserved,      20.69 MB (  2%) committed. 

Chunk freelists:
   Non-Class:  13.75 MB
       Class:  13.58 MB
        Both:  27.33 MB

MaxMetaspaceSize: unlimited
CompressedClassSpaceSize: 1.00 GB
Initial GC threshold: 21.00 MB
Current GC threshold: 34.38 MB
CDS: on
 - commit_granule_bytes: 65536.
 - commit_granule_words: 8192.
 - virtual_space_node_default_size: 8388608.
 - enlarge_chunks_in_place: 1.
UseCompressedClassPointers 1, UseCompactObjectHeaders 0
Narrow klass pointer bits 32, Max shift 3
Narrow klass base: 0x0000000034000000, Narrow klass shift: 0
Encoding Range: [0x0000000034000000 - 0x0000000134000000), (4294967296 bytes)
Klass Range:    [0x0000000034010000 - 0x0000000075000000), (1090453504 bytes)
Klass ID Range:  [65536 - 1090519033) (1090453497)
Protection zone: [0x0000000034000000 - 0x0000000034010000), (65536 bytes)


Internal statistics:

num_allocs_failed_limit: 0.
num_arena_births: 246.
num_arena_deaths: 0.
num_vsnodes_births: 2.
num_vsnodes_deaths: 0.
num_space_committed: 331.
num_space_uncommitted: 0.
num_chunks_returned_to_freelist: 0.
num_chunks_taken_from_freelist: 861.
num_chunk_merges: 0.
num_chunk_splits: 598.
num_chunks_enlarged: 473.
num_inconsistent_stats: 0.

CodeHeap 'non-profiled nmethods': size=120064Kb used=1887Kb max_used=1887Kb free=118176Kb
 bounds [0x000002cf69880000, 0x000002cf69af0000, 0x000002cf70dc0000]
CodeHeap 'profiled nmethods': size=120000Kb used=6780Kb max_used=6780Kb free=113219Kb
 bounds [0x000002cf61dc0000, 0x000002cf62460000, 0x000002cf692f0000]
CodeHeap 'non-nmethods': size=5696Kb used=2053Kb max_used=2152Kb free=3642Kb
 bounds [0x000002cf692f0000, 0x000002cf69560000, 0x000002cf69880000]
CodeCache: size=245760Kb, used=10720Kb, max_used=10819Kb, free=235037Kb
 total_blobs=5413, nmethods=4469, adapters=846, full_count=0
Compilation: enabled, stopped_count=0, restarted_count=0

Compilation events (20 events):
Event: 13.743 Thread 0x000002cf758d5280 4724       1       java.awt.color.ColorSpace::getNumComponents (5 bytes)
Event: 13.743 Thread 0x000002cf758d5280 nmethod 4724 0x000002cf69a52888 code [0x000002cf69a52980, 0x000002cf69a52a48]
Event: 13.750 Thread 0x000002cf758d5280 4725       3       com.sun.javafx.geom.Shape::<init> (5 bytes)
Event: 13.751 Thread 0x000002cf758d5280 nmethod 4725 0x000002cf6245d208 code [0x000002cf6245d300, 0x000002cf6245d460]
Event: 13.753 Thread 0x000002cf758d5280 4726       3       com.sun.javafx.sg.prism.NGRegion::renderBackgroundRectanglesDirectly (346 bytes)
Event: 13.754 Thread 0x000002cf758c9b70 nmethod 4715 0x000002cf69a52b88 code [0x000002cf69a52c80, 0x000002cf69a564c0]
Event: 13.754 Thread 0x000002cf758c9b70 4723       4       javafx.scene.Node::localToScene (21 bytes)
Event: 13.755 Thread 0x000002cf758d5280 nmethod 4726 0x000002cf6245d508 code [0x000002cf6245d620, 0x000002cf6245ee60]
Event: 13.755 Thread 0x000002cf758d5280 4727       3       com.sun.prism.impl.ps.BaseShaderGraphics::setNodeBounds (19 bytes)
Event: 13.755 Thread 0x000002cf758d5280 nmethod 4727 0x000002cf6245ee88 code [0x000002cf6245ef80, 0x000002cf6245f138]
Event: 13.758 Thread 0x000002cf758c9b70 nmethod 4723 0x000002cf69a56508 code [0x000002cf69a56600, 0x000002cf69a569b0]
Event: 13.758 Thread 0x000002cf758c9b70 4718       4       sun.java2d.loops.GraphicsPrimitiveMgr::locate (104 bytes)
Event: 13.762 Thread 0x000002cf758c9b70 nmethod 4718 0x000002cf69a56a08 code [0x000002cf69a56b00, 0x000002cf69a56ef8]
Event: 13.817 Thread 0x000002cf758c9b70 4728       4       jdk.internal.misc.Unsafe::putReferenceOpaque (9 bytes)
Event: 13.818 Thread 0x000002cf758c9b70 nmethod 4728 0x000002cf69a56f08 code [0x000002cf69a57000, 0x000002cf69a57178]
Event: 13.839 Thread 0x000002cf758d5280 4730       1       java.awt.image.DataBuffer::getDataType (5 bytes)
Event: 13.839 Thread 0x000002cf758d5280 nmethod 4730 0x000002cf69a57808 code [0x000002cf69a57900, 0x000002cf69a579c8]
Event: 13.839 Thread 0x000002cf758d5280 4731       1       sun.awt.image.IntegerInterleavedRaster::getPixelStride (5 bytes)
Event: 13.839 Thread 0x000002cf758d5280 nmethod 4731 0x000002cf69a57b08 code [0x000002cf69a57c00, 0x000002cf69a57cc8]
Event: 13.839 Thread 0x000002cf758d5280 4734       3       sun.java2d.loops.RenderCache$Entry::matches (30 bytes)

GC Heap Usage History (20 events):
Event: 11.292 {heap After GC invocations=6 (full 0):
 garbage-first heap   total reserved 2019328K, committed 174080K, used 134228K [0x0000000084c00000, 0x0000000100000000)
  region size 1024K, 2 young (2048K), 2 survivors (2048K)
}
Event: 11.723 {heap Before GC invocations=6 (full 0):
 garbage-first heap   total reserved 2019328K, committed 199680K, used 197716K [0x0000000084c00000, 0x0000000100000000)
  region size 1024K, 8 young (8192K), 2 survivors (2048K)
}
Event: 11.727 {heap After GC invocations=7 (full 0):
 garbage-first heap   total reserved 2019328K, committed 201728K, used 128069K [0x0000000084c00000, 0x0000000100000000)
  region size 1024K, 2 young (2048K), 2 survivors (2048K)
}
Event: 11.806 {heap Before GC invocations=7 (full 0):
 garbage-first heap   total reserved 2019328K, committed 201728K, used 129093K [0x0000000084c00000, 0x0000000100000000)
  region size 1024K, 4 young (4096K), 2 survivors (2048K)
}
Event: 11.808 {heap After GC invocations=8 (full 0):
 garbage-first heap   total reserved 2019328K, committed 201728K, used 87912K [0x0000000084c00000, 0x0000000100000000)
  region size 1024K, 2 young (2048K), 2 survivors (2048K)
}
Event: 11.809 {heap Before GC invocations=8 (full 0):
 garbage-first heap   total reserved 2019328K, committed 201728K, used 90984K [0x0000000084c00000, 0x0000000100000000)
  region size 1024K, 3 young (3072K), 2 survivors (2048K)
}
Event: 11.812 {heap After GC invocations=9 (full 0):
 garbage-first heap   total reserved 2019328K, committed 201728K, used 91021K [0x0000000084c00000, 0x0000000100000000)
  region size 1024K, 2 young (2048K), 2 survivors (2048K)
}
Event: 11.812 {heap Before GC invocations=9 (full 0):
 garbage-first heap   total reserved 2019328K, committed 201728K, used 93069K [0x0000000084c00000, 0x0000000100000000)
  region size 1024K, 3 young (3072K), 2 survivors (2048K)
}
Event: 11.815 {heap After GC invocations=10 (full 0):
 garbage-first heap   total reserved 2019328K, committed 201728K, used 93090K [0x0000000084c00000, 0x0000000100000000)
  region size 1024K, 2 young (2048K), 2 survivors (2048K)
}
Event: 12.662 {heap Before GC invocations=11 (full 0):
 garbage-first heap   total reserved 2019328K, committed 212992K, used 211874K [0x0000000084c00000, 0x0000000100000000)
  region size 1024K, 13 young (13312K), 2 survivors (2048K)
}
Event: 12.664 {heap After GC invocations=12 (full 0):
 garbage-first heap   total reserved 2019328K, committed 215040K, used 164830K [0x0000000084c00000, 0x0000000100000000)
  region size 1024K, 2 young (2048K), 2 survivors (2048K)
}
Event: 13.383 {heap Before GC invocations=12 (full 0):
 garbage-first heap   total reserved 2019328K, committed 260096K, used 259038K [0x0000000084c00000, 0x0000000100000000)
  region size 1024K, 11 young (11264K), 2 survivors (2048K)
}
Event: 13.387 {heap After GC invocations=13 (full 0):
 garbage-first heap   total reserved 2019328K, committed 263168K, used 146718K [0x0000000084c00000, 0x0000000100000000)
  region size 1024K, 2 young (2048K), 2 survivors (2048K)
}
Event: 13.421 {heap Before GC invocations=13 (full 0):
 garbage-first heap   total reserved 2019328K, committed 263168K, used 147742K [0x0000000084c00000, 0x0000000100000000)
  region size 1024K, 4 young (4096K), 2 survivors (2048K)
}
Event: 13.423 {heap After GC invocations=14 (full 0):
 garbage-first heap   total reserved 2019328K, committed 263168K, used 87476K [0x0000000084c00000, 0x0000000100000000)
  region size 1024K, 2 young (2048K), 2 survivors (2048K)
}
Event: 13.595 {heap Before GC invocations=14 (full 0):
 garbage-first heap   total reserved 2019328K, committed 263168K, used 122292K [0x0000000084c00000, 0x0000000100000000)
  region size 1024K, 7 young (7168K), 2 survivors (2048K)
}
Event: 13.596 {heap After GC invocations=15 (full 0):
 garbage-first heap   total reserved 2019328K, committed 263168K, used 109030K [0x0000000084c00000, 0x0000000100000000)
  region size 1024K, 2 young (2048K), 2 survivors (2048K)
}
Event: 13.660 {heap Before GC invocations=15 (full 0):
 garbage-first heap   total reserved 2019328K, committed 263168K, used 122342K [0x0000000084c00000, 0x0000000100000000)
  region size 1024K, 6 young (6144K), 2 survivors (2048K)
}
Event: 13.662 {heap After GC invocations=16 (full 0):
 garbage-first heap   total reserved 2019328K, committed 263168K, used 96379K [0x0000000084c00000, 0x0000000100000000)
  region size 1024K, 2 young (2048K), 2 survivors (2048K)
}
Event: 13.839 {heap Before GC invocations=16 (full 0):
 garbage-first heap   total reserved 2019328K, committed 263168K, used 124027K [0x0000000084c00000, 0x0000000100000000)
  region size 1024K, 7 young (7168K), 2 survivors (2048K)
}

Metaspace Usage History (20 events):
Event: 11.292 {metaspace After GC invocations=6 (full 0):
 Metaspace       used 20729K, committed 20992K, reserved 1114112K
  class space    used 2374K, committed 2496K, reserved 1048576K
}
Event: 11.723 {metaspace Before GC invocations=6 (full 0):
 Metaspace       used 20779K, committed 21056K, reserved 1114112K
  class space    used 2374K, committed 2496K, reserved 1048576K
}
Event: 11.727 {metaspace After GC invocations=7 (full 0):
 Metaspace       used 20779K, committed 21056K, reserved 1114112K
  class space    used 2374K, committed 2496K, reserved 1048576K
}
Event: 11.806 {metaspace Before GC invocations=7 (full 0):
 Metaspace       used 20791K, committed 21120K, reserved 1114112K
  class space    used 2374K, committed 2496K, reserved 1048576K
}
Event: 11.808 {metaspace After GC invocations=8 (full 0):
 Metaspace       used 20791K, committed 21120K, reserved 1114112K
  class space    used 2374K, committed 2496K, reserved 1048576K
}
Event: 11.809 {metaspace Before GC invocations=8 (full 0):
 Metaspace       used 20791K, committed 21120K, reserved 1114112K
  class space    used 2374K, committed 2496K, reserved 1048576K
}
Event: 11.812 {metaspace After GC invocations=9 (full 0):
 Metaspace       used 20791K, committed 21120K, reserved 1114112K
  class space    used 2374K, committed 2496K, reserved 1048576K
}
Event: 11.812 {metaspace Before GC invocations=9 (full 0):
 Metaspace       used 20791K, committed 21120K, reserved 1114112K
  class space    used 2374K, committed 2496K, reserved 1048576K
}
Event: 11.815 {metaspace After GC invocations=10 (full 0):
 Metaspace       used 20791K, committed 21120K, reserved 1114112K
  class space    used 2374K, committed 2496K, reserved 1048576K
}
Event: 12.662 {metaspace Before GC invocations=11 (full 0):
 Metaspace       used 20909K, committed 21184K, reserved 1114112K
  class space    used 2375K, committed 2496K, reserved 1048576K
}
Event: 12.664 {metaspace After GC invocations=12 (full 0):
 Metaspace       used 20909K, committed 21184K, reserved 1114112K
  class space    used 2375K, committed 2496K, reserved 1048576K
}
Event: 13.383 {metaspace Before GC invocations=12 (full 0):
 Metaspace       used 20931K, committed 21184K, reserved 1114112K
  class space    used 2375K, committed 2496K, reserved 1048576K
}
Event: 13.388 {metaspace After GC invocations=13 (full 0):
 Metaspace       used 20931K, committed 21184K, reserved 1114112K
  class space    used 2375K, committed 2496K, reserved 1048576K
}
Event: 13.421 {metaspace Before GC invocations=13 (full 0):
 Metaspace       used 20931K, committed 21184K, reserved 1114112K
  class space    used 2375K, committed 2496K, reserved 1048576K
}
Event: 13.423 {metaspace After GC invocations=14 (full 0):
 Metaspace       used 20931K, committed 21184K, reserved 1114112K
  class space    used 2375K, committed 2496K, reserved 1048576K
}
Event: 13.595 {metaspace Before GC invocations=14 (full 0):
 Metaspace       used 20944K, committed 21184K, reserved 1114112K
  class space    used 2375K, committed 2496K, reserved 1048576K
}
Event: 13.596 {metaspace After GC invocations=15 (full 0):
 Metaspace       used 20944K, committed 21184K, reserved 1114112K
  class space    used 2375K, committed 2496K, reserved 1048576K
}
Event: 13.660 {metaspace Before GC invocations=15 (full 0):
 Metaspace       used 20945K, committed 21184K, reserved 1114112K
  class space    used 2375K, committed 2496K, reserved 1048576K
}
Event: 13.662 {metaspace After GC invocations=16 (full 0):
 Metaspace       used 20945K, committed 21184K, reserved 1114112K
  class space    used 2375K, committed 2496K, reserved 1048576K
}
Event: 13.839 {metaspace Before GC invocations=16 (full 0):
 Metaspace       used 20951K, committed 21184K, reserved 1114112K
  class space    used 2375K, committed 2496K, reserved 1048576K
}

Dll operation events (20 events):
Event: 0.580 Loaded shared library C:\Users\lirawr\.openjfx\cache\21.0.1+6\amd64\api-ms-win-crt-stdio-l1-1-0.dll
Event: 0.584 Loaded shared library C:\Users\lirawr\.openjfx\cache\21.0.1+6\amd64\api-ms-win-crt-string-l1-1-0.dll
Event: 0.589 Loaded shared library C:\Users\lirawr\.openjfx\cache\21.0.1+6\amd64\api-ms-win-crt-time-l1-1-0.dll
Event: 0.597 Loaded shared library C:\Users\lirawr\.openjfx\cache\21.0.1+6\amd64\api-ms-win-crt-utility-l1-1-0.dll
Event: 0.619 Loaded shared library C:\Users\lirawr\.openjfx\cache\21.0.1+6\amd64\ucrtbase.dll
Event: 0.626 Loaded shared library C:\Users\lirawr\.openjfx\cache\21.0.1+6\amd64\vcruntime140.dll
Event: 0.632 Loaded shared library C:\Users\lirawr\.openjfx\cache\21.0.1+6\amd64\vcruntime140_1.dll
Event: 0.644 Loaded shared library C:\Users\lirawr\.openjfx\cache\21.0.1+6\amd64\msvcp140.dll
Event: 0.654 Loaded shared library C:\Users\lirawr\.openjfx\cache\21.0.1+6\amd64\msvcp140_1.dll
Event: 0.664 Loaded shared library C:\Users\lirawr\.openjfx\cache\21.0.1+6\amd64\msvcp140_2.dll
Event: 0.708 Loaded shared library C:\Users\lirawr\.openjfx\cache\21.0.1+6\amd64\prism_d3d.dll
Event: 0.823 Loaded shared library C:\Users\lirawr\.openjfx\cache\21.0.1+6\amd64\glass.dll
Event: 0.945 Loaded shared library C:\Program Files\Eclipse Adoptium\jdk-25.0.1.8-hotspot\bin\jimage.dll
Event: 1.169 Loaded shared library C:\Users\lirawr\.openjfx\cache\21.0.1+6\amd64\javafx_font.dll
Event: 1.324 Loaded shared library C:\Users\lirawr\.openjfx\cache\21.0.1+6\amd64\glib-lite.dll
Event: 1.352 Loaded shared library C:\Users\lirawr\.openjfx\cache\21.0.1+6\amd64\gstreamer-lite.dll
Event: 1.368 Loaded shared library C:\Users\lirawr\.openjfx\cache\21.0.1+6\amd64\jfxmedia.dll
Event: 8.758 Loaded shared library C:\Program Files\Eclipse Adoptium\jdk-25.0.1.8-hotspot\bin\verify.dll
Event: 8.873 Loaded shared library C:\Users\lirawr\AppData\Local\Temp\BridJExtractedLibraries14118088930042963662\bridj.dll
Event: 9.005 Loaded shared library C:\Program Files\Eclipse Adoptium\jdk-25.0.1.8-hotspot\bin\awt.dll

Deoptimization events (20 events):
Event: 13.447 Thread 0x000002cf7a66fe60 DEOPT PACKING pc=0x000002cf69a4af5c sp=0x000000fa3f9fc9c0
Event: 13.447 Thread 0x000002cf7a66fe60 DEOPT UNPACKING pc=0x000002cf69415302 sp=0x000000fa3f9fc9a0 mode 2
Event: 13.625 Thread 0x000002cf7a66fe60 Uncommon trap: trap_request=0xffffffbe fr.pc=0x000002cf69a4f170 relative=0x0000000000002070
Event: 13.625 Thread 0x000002cf7a66fe60 Uncommon trap: reason=profile_predicate action=maybe_recompile pc=0x000002cf69a4f170 method=java.util.TimSort.mergeHi(IIII)V @ 308 c2
Event: 13.625 Thread 0x000002cf7a66fe60 DEOPT PACKING pc=0x000002cf69a4f170 sp=0x000000fa3f9fc9c0
Event: 13.625 Thread 0x000002cf7a66fe60 DEOPT UNPACKING pc=0x000002cf69415302 sp=0x000000fa3f9fc9b0 mode 2
Event: 13.625 Thread 0x000002cf7a66fe60 Uncommon trap: trap_request=0xffffffbe fr.pc=0x000002cf69a4f170 relative=0x0000000000002070
Event: 13.625 Thread 0x000002cf7a66fe60 Uncommon trap: reason=profile_predicate action=maybe_recompile pc=0x000002cf69a4f170 method=java.util.TimSort.mergeHi(IIII)V @ 308 c2
Event: 13.625 Thread 0x000002cf7a66fe60 DEOPT PACKING pc=0x000002cf69a4f170 sp=0x000000fa3f9fc990
Event: 13.625 Thread 0x000002cf7a66fe60 DEOPT UNPACKING pc=0x000002cf69415302 sp=0x000000fa3f9fc980 mode 2
Event: 13.625 Thread 0x000002cf7a66fe60 Uncommon trap: trap_request=0xffffffbe fr.pc=0x000002cf69a4f170 relative=0x0000000000002070
Event: 13.625 Thread 0x000002cf7a66fe60 Uncommon trap: reason=profile_predicate action=maybe_recompile pc=0x000002cf69a4f170 method=java.util.TimSort.mergeHi(IIII)V @ 308 c2
Event: 13.625 Thread 0x000002cf7a66fe60 DEOPT PACKING pc=0x000002cf69a4f170 sp=0x000000fa3f9fc990
Event: 13.625 Thread 0x000002cf7a66fe60 DEOPT UNPACKING pc=0x000002cf69415302 sp=0x000000fa3f9fc980 mode 2
Event: 13.625 Thread 0x000002cf7a66fe60 Uncommon trap: trap_request=0xffffffbe fr.pc=0x000002cf69a4f170 relative=0x0000000000002070
Event: 13.625 Thread 0x000002cf7a66fe60 Uncommon trap: reason=profile_predicate action=maybe_recompile pc=0x000002cf69a4f170 method=java.util.TimSort.mergeHi(IIII)V @ 308 c2
Event: 13.625 Thread 0x000002cf7a66fe60 DEOPT PACKING pc=0x000002cf69a4f170 sp=0x000000fa3f9fc990
Event: 13.625 Thread 0x000002cf7a66fe60 DEOPT UNPACKING pc=0x000002cf69415302 sp=0x000000fa3f9fc980 mode 2
Event: 13.688 Thread 0x000002cf7a66fe60 DEOPT PACKING pc=0x000002cf61dc510d sp=0x000000fa3f9fcd70
Event: 13.688 Thread 0x000002cf7a66fe60 DEOPT UNPACKING pc=0x000002cf693412a2 sp=0x000000fa3f9fc2c8 mode 0

Classes loaded (20 events):
Event: 10.711 Loading class sun/java2d/loops/SetFillSpansANY
Event: 10.711 Loading class sun/java2d/loops/SetFillSpansANY done
Event: 10.711 Loading class sun/java2d/loops/DrawGlyphList$General
Event: 10.712 Loading class sun/java2d/loops/DrawGlyphList$General done
Event: 10.712 Loading class sun/java2d/loops/MaskFill$General
Event: 10.712 Loading class sun/java2d/loops/MaskFill$General done
Event: 10.712 Loading class sun/java2d/loops/MaskBlit$General
Event: 10.712 Loading class sun/java2d/loops/GraphicsPrimitive$GeneralBinaryOp
Event: 10.712 Loading class sun/java2d/loops/GraphicsPrimitive$GeneralBinaryOp done
Event: 10.712 Loading class sun/java2d/loops/MaskBlit$General done
Event: 10.712 Loading class sun/java2d/loops/OpaqueCopyAnyToArgb
Event: 10.713 Loading class sun/java2d/loops/OpaqueCopyAnyToArgb done
Event: 10.713 Loading class sun/java2d/loops/OpaqueCopyArgbToAny
Event: 10.713 Loading class sun/java2d/loops/OpaqueCopyArgbToAny done
Event: 10.714 Loading class sun/java2d/loops/DrawGlyphListAA$General
Event: 10.714 Loading class sun/java2d/loops/DrawGlyphListAA$General done
Event: 10.714 Loading class sun/java2d/pipe/RegionSpanIterator
Event: 10.714 Loading class sun/java2d/pipe/SpanIterator
Event: 10.714 Loading class sun/java2d/pipe/SpanIterator done
Event: 10.715 Loading class sun/java2d/pipe/RegionSpanIterator done

Classes unloaded (0 events):
No events

Classes redefined (0 events):
No events

Internal exceptions (20 events):
Event: 8.943 Thread 0x000002cf7a3a9c70 Exception <a 'java/lang/NoSuchMethodError'{0x000000008cec3dd8}: static Lcom/github/sarxos/webcam/ds/buildin/natives/OpenIMAJGrabber;.nextFrame()I> (0x000000008cec3dd8) 
thrown [s\src\hotspot\share\prims\jni.cpp, line 1106]
Event: 8.943 Thread 0x000002cf7a3a9c70 Exception <a 'java/lang/NoSuchMethodError'{0x000000008cec4160}: static Lcom/github/sarxos/webcam/ds/buildin/natives/OpenIMAJGrabber;.startSession(IIDLorg/bridj/Pointer;)Z> (0x000000008cec4160) 
thrown [s\src\hotspot\share\prims\jni.cpp, line 1106]
Event: 8.943 Thread 0x000002cf7a3a9c70 Exception <a 'java/lang/NoSuchMethodError'{0x000000008cec44c8}: static Lcom/github/sarxos/webcam/ds/buildin/natives/OpenIMAJGrabber;.startSession(IID)Z> (0x000000008cec44c8) 
thrown [s\src\hotspot\share\prims\jni.cpp, line 1106]
Event: 8.943 Thread 0x000002cf7a3a9c70 Exception <a 'java/lang/NoSuchMethodError'{0x000000008cec4850}: static Lcom/github/sarxos/webcam/ds/buildin/natives/OpenIMAJGrabber;.getVideoDevices()Lorg/bridj/Pointer;> (0x000000008cec4850) 
thrown [s\src\hotspot\share\prims\jni.cpp, line 1106]
Event: 8.943 Thread 0x000002cf7a3a9c70 Exception <a 'java/lang/NoSuchMethodError'{0x000000008cec4bb8}: static Lcom/github/sarxos/webcam/ds/buildin/natives/OpenIMAJGrabber;.stopSession()V> (0x000000008cec4bb8) 
thrown [s\src\hotspot\share\prims\jni.cpp, line 1106]
Event: 8.943 Thread 0x000002cf7a3a9c70 Exception <a 'java/lang/NoSuchMethodError'{0x000000008cec4f38}: static Lcom/github/sarxos/webcam/ds/buildin/natives/OpenIMAJGrabber;.getImage()Lorg/bridj/Pointer;> (0x000000008cec4f38) 
thrown [s\src\hotspot\share\prims\jni.cpp, line 1106]
Event: 8.943 Thread 0x000002cf7a3a9c70 Exception <a 'java/lang/NoSuchMethodError'{0x000000008cec52a0}: static Lcom/github/sarxos/webcam/ds/buildin/natives/OpenIMAJGrabber;.setTimeout(I)V> (0x000000008cec52a0) 
thrown [s\src\hotspot\share\prims\jni.cpp, line 1106]
Event: 8.943 Thread 0x000002cf7a3a9c70 Exception <a 'java/lang/NoSuchMethodError'{0x000000008cec5608}: static Lcom/github/sarxos/webcam/ds/buildin/natives/OpenIMAJGrabber;.getHeight()I> (0x000000008cec5608) 
thrown [s\src\hotspot\share\prims\jni.cpp, line 1106]
Event: 8.943 Thread 0x000002cf7a3a9c70 Exception <a 'java/lang/NoSuchMethodError'{0x000000008cec5968}: static Lcom/github/sarxos/webcam/ds/buildin/natives/OpenIMAJGrabber;.getWidth()I> (0x000000008cec5968) 
thrown [s\src\hotspot\share\prims\jni.cpp, line 1106]
Event: 8.960 Thread 0x000002cf7a3a9c70 Exception <a 'java/lang/NoSuchMethodError'{0x000000008cd593b8}: static Lorg/bridj/cpp/CPPRuntime_CPPDestructor_NativeImpl;.destroy(J)V> (0x000000008cd593b8) 
thrown [s\src\hotspot\share\prims\jni.cpp, line 1106]
Event: 8.964 Thread 0x000002cf7a3a9c70 Exception <a 'java/lang/NoSuchMethodError'{0x000000008cd712d0}: static Lorg/bridj/dyncallbacks/PointerToVoid_0;.apply(Lorg/bridj/Pointer;)V> (0x000000008cd712d0) 
thrown [s\src\hotspot\share\prims\jni.cpp, line 1106]
Event: 8.964 Thread 0x000002cf7a3a9c70 Exception <a 'java/lang/NoSuchMethodError'{0x000000008cd72508}: static Lorg/bridj/dyncallbacks/PointerToVoid_0;.apply(Lorg/bridj/Pointer;)V> (0x000000008cd72508) 
thrown [s\src\hotspot\share\prims\jni.cpp, line 1106]
Event: 8.985 Thread 0x000002cf7a3a9c70 Exception <a 'java/lang/NoSuchMethodError'{0x000000008cd908b8}: static Lcom/github/sarxos/webcam/ds/buildin/natives/DeviceList;.getNumDevices()I> (0x000000008cd908b8) 
thrown [s\src\hotspot\share\prims\jni.cpp, line 1106]
Event: 8.985 Thread 0x000002cf7a3a9c70 Exception <a 'java/lang/NoSuchMethodError'{0x000000008cd90c30}: static Lcom/github/sarxos/webcam/ds/buildin/natives/DeviceList;.getDevice(I)Lorg/bridj/Pointer;> (0x000000008cd90c30) 
thrown [s\src\hotspot\share\prims\jni.cpp, line 1106]
Event: 8.986 Thread 0x000002cf7a3a9c70 Exception <a 'java/lang/NoSuchMethodError'{0x000000008cd997e8}: static Lcom/github/sarxos/webcam/ds/buildin/natives/Device;.getName()Lorg/bridj/Pointer;> (0x000000008cd997e8) 
thrown [s\src\hotspot\share\prims\jni.cpp, line 1106]
Event: 8.986 Thread 0x000002cf7a3a9c70 Exception <a 'java/lang/NoSuchMethodError'{0x000000008cd99b60}: static Lcom/github/sarxos/webcam/ds/buildin/natives/Device;.getIdentifier()Lorg/bridj/Pointer;> (0x000000008cd99b60) 
thrown [s\src\hotspot\share\prims\jni.cpp, line 1106]
Event: 8.994 Thread 0x000002cf7a3a9c70 Exception <a 'java/lang/ClassNotFoundException'{0x000000008cdabca8}: sun/awt/resources/spi/awtProvider> (0x000000008cdabca8) 
thrown [s\src\hotspot\share\classfile\systemDictionary.cpp, line 327]
Event: 9.006 Thread 0x000002cf7a3a9c70 Exception <a 'java/io/FileNotFoundException'{0x000000008cdae1e8}> (0x000000008cdae1e8) 
thrown [s\src\hotspot\share\prims\jni.cpp, line 516]
Event: 9.006 Thread 0x000002cf7a3a9c70 Exception <a 'java/io/FileNotFoundException'{0x000000008cdaec38}> (0x000000008cdaec38) 
thrown [s\src\hotspot\share\prims\jni.cpp, line 516]
Event: 10.790 Thread 0x000002cf11683280 Implicit null exception at 0x000002cf699bd576 to 0x000002cf699bd9bc

VM Operations (20 events):
Event: 11.808 Executing safepoint VM operation: G1TryInitiateConcMark (G1 Humongous Allocation) done
Event: 11.809 Executing safepoint VM operation: G1TryInitiateConcMark (G1 Humongous Allocation)
Event: 11.812 Executing safepoint VM operation: G1TryInitiateConcMark (G1 Humongous Allocation) done
Event: 11.812 Executing safepoint VM operation: G1TryInitiateConcMark (G1 Humongous Allocation)
Event: 11.815 Executing safepoint VM operation: G1TryInitiateConcMark (G1 Humongous Allocation) done
Event: 11.837 Executing safepoint VM operation: G1PauseRemark
Event: 11.842 Executing safepoint VM operation: G1PauseRemark done
Event: 11.849 Executing safepoint VM operation: G1PauseCleanup
Event: 11.850 Executing safepoint VM operation: G1PauseCleanup done
Event: 12.662 Executing safepoint VM operation: G1CollectForAllocation (G1 Evacuation Pause)
Event: 12.664 Executing safepoint VM operation: G1CollectForAllocation (G1 Evacuation Pause) done
Event: 13.383 Executing safepoint VM operation: G1CollectForAllocation (G1 Evacuation Pause)
Event: 13.388 Executing safepoint VM operation: G1CollectForAllocation (G1 Evacuation Pause) done
Event: 13.421 Executing safepoint VM operation: G1TryInitiateConcMark (G1 Humongous Allocation)
Event: 13.423 Executing safepoint VM operation: G1TryInitiateConcMark (G1 Humongous Allocation) done
Event: 13.595 Executing safepoint VM operation: G1TryInitiateConcMark (G1 Humongous Allocation)
Event: 13.596 Executing safepoint VM operation: G1TryInitiateConcMark (G1 Humongous Allocation) done
Event: 13.660 Executing safepoint VM operation: G1TryInitiateConcMark (G1 Humongous Allocation)
Event: 13.662 Executing safepoint VM operation: G1TryInitiateConcMark (G1 Humongous Allocation) done
Event: 13.839 Executing safepoint VM operation: G1TryInitiateConcMark (G1 Humongous Allocation)

Memory protections (0 events):
No events

Nmethod flushes (20 events):
Event: 11.841 Thread 0x000002cf758a5b60 flushing  nmethod 0x000002cf62015008
Event: 11.841 Thread 0x000002cf758a5b60 flushing  nmethod 0x000002cf62040588
Event: 11.841 Thread 0x000002cf758a5b60 flushing  nmethod 0x000002cf62040988
Event: 11.841 Thread 0x000002cf758a5b60 flushing  nmethod 0x000002cf62041408
Event: 11.841 Thread 0x000002cf758a5b60 flushing  nmethod 0x000002cf62041708
Event: 11.841 Thread 0x000002cf758a5b60 flushing  nmethod 0x000002cf62041d88
Event: 11.841 Thread 0x000002cf758a5b60 flushing  nmethod 0x000002cf62042988
Event: 11.841 Thread 0x000002cf758a5b60 flushing  nmethod 0x000002cf62047b08
Event: 11.841 Thread 0x000002cf758a5b60 flushing  nmethod 0x000002cf62048108
Event: 11.841 Thread 0x000002cf758a5b60 flushing  nmethod 0x000002cf62048a08
Event: 11.841 Thread 0x000002cf758a5b60 flushing  nmethod 0x000002cf62048e88
Event: 11.841 Thread 0x000002cf758a5b60 flushing  nmethod 0x000002cf6204a388
Event: 11.841 Thread 0x000002cf758a5b60 flushing  nmethod 0x000002cf6204a988
Event: 11.841 Thread 0x000002cf758a5b60 flushing  nmethod 0x000002cf62073c88
Event: 11.841 Thread 0x000002cf758a5b60 flushing  nmethod 0x000002cf62084d88
Event: 11.841 Thread 0x000002cf758a5b60 flushing  nmethod 0x000002cf62085088
Event: 11.841 Thread 0x000002cf758a5b60 flushing  nmethod 0x000002cf62085688
Event: 11.841 Thread 0x000002cf758a5b60 flushing  nmethod 0x000002cf62086608
Event: 11.841 Thread 0x000002cf758a5b60 flushing  nmethod 0x000002cf62087108
Event: 11.841 Thread 0x000002cf758a5b60 flushing  nmethod 0x000002cf62088188

Events (20 events):
Event: 8.777 Thread 0x000002cf7a3a94a0 Thread added: 0x000002cf7a3a9c70
Event: 9.008 Thread 0x000002cf116786a0 Thread added: 0x000002cf116786a0
Event: 9.009 Thread 0x000002cf116786a0 Thread exited: 0x000002cf116786a0
Event: 9.016 Thread 0x000002cf7a3a94a0 Thread exited: 0x000002cf7a3a94a0
Event: 9.016 Thread 0x000002cf7a3a7560 Thread added: 0x000002cf1167adb0
Event: 9.022 Thread 0x000002cf7a3a7560 Thread added: 0x000002cf11678e70
Event: 10.284 Thread 0x000002cf11683280 Thread added: 0x000002cf11683280
Event: 10.284 Thread 0x000002cf11683280 Thread exited: 0x000002cf11683280
Event: 10.284 Thread 0x000002cf116849f0 Thread added: 0x000002cf116849f0
Event: 10.285 Thread 0x000002cf116849f0 Thread exited: 0x000002cf116849f0
Event: 10.541 Thread 0x000002cf7a3a9c70 Thread added: 0x000002cf116851c0
Event: 10.543 Thread 0x000002cf7a3a7560 Thread added: 0x000002cf11683280
Event: 10.543 Thread 0x000002cf7a3a7560 Thread exited: 0x000002cf7a3a7560
Event: 10.669 Thread 0x000002cf758c9b70 Thread added: 0x000002cf7b4f07d0
Event: 10.683 Thread 0x000002cf11683280 Thread added: 0x000002cf7a3a3eb0
Event: 12.244 Thread 0x000002cf7b4f07d0 Thread exited: 0x000002cf7b4f07d0
Event: 12.316 Thread 0x000002cf7a3a7560 Thread added: 0x000002cf7a3a7560
Event: 12.317 Thread 0x000002cf7a3a7560 Thread exited: 0x000002cf7a3a7560
Event: 12.317 Thread 0x000002cf7a3a7560 Thread added: 0x000002cf7a3a7560
Event: 12.317 Thread 0x000002cf7a3a7560 Thread exited: 0x000002cf7a3a7560


Dynamic libraries:
0x00007ff725320000 - 0x00007ff72532e000 	C:\Program Files\Eclipse Adoptium\jdk-25.0.1.8-hotspot\bin\java.exe
0x00007ffe519c0000 - 0x00007ffe51c28000 	C:\WINDOWS\SYSTEM32\ntdll.dll
0x00007ffe506d0000 - 0x00007ffe50799000 	C:\WINDOWS\System32\KERNEL32.DLL
0x00007ffe4f390000 - 0x00007ffe4f782000 	C:\WINDOWS\System32\KERNELBASE.dll
0x00007ffe4ed60000 - 0x00007ffe4eeab000 	C:\WINDOWS\System32\ucrtbase.dll
0x00007ffe37640000 - 0x00007ffe37656000 	C:\Program Files\Eclipse Adoptium\jdk-25.0.1.8-hotspot\bin\jli.dll
0x00007ffe515e0000 - 0x00007ffe517a5000 	C:\WINDOWS\System32\USER32.dll
0x00007ffe2afc0000 - 0x00007ffe2afde000 	C:\Program Files\Eclipse Adoptium\jdk-25.0.1.8-hotspot\bin\VCRUNTIME140.dll
0x00007ffe4f360000 - 0x00007ffe4f387000 	C:\WINDOWS\System32\win32u.dll
0x00007ffe517b0000 - 0x00007ffe517db000 	C:\WINDOWS\System32\GDI32.dll
0x00007ffe30600000 - 0x00007ffe30893000 	C:\WINDOWS\WinSxS\amd64_microsoft.windows.common-controls_6595b64144ccf1df_6.0.26100.6899_none_3e0efeeae32e88c1\COMCTL32.dll
0x00007ffe4f230000 - 0x00007ffe4f35d000 	C:\WINDOWS\System32\gdi32full.dll
0x00007ffe4ecb0000 - 0x00007ffe4ed53000 	C:\WINDOWS\System32\msvcp_win.dll
0x00007ffe4fc60000 - 0x00007ffe4fd09000 	C:\WINDOWS\System32\msvcrt.dll
0x00007ffe4f840000 - 0x00007ffe4f86f000 	C:\WINDOWS\System32\IMM32.DLL
0x00007ffe48c40000 - 0x00007ffe48c4c000 	C:\Program Files\Eclipse Adoptium\jdk-25.0.1.8-hotspot\bin\vcruntime140_1.dll
0x00007ffe11740000 - 0x00007ffe117cd000 	C:\Program Files\Eclipse Adoptium\jdk-25.0.1.8-hotspot\bin\msvcp140.dll
0x00007ffdd04a0000 - 0x00007ffdd13c6000 	C:\Program Files\Eclipse Adoptium\jdk-25.0.1.8-hotspot\bin\server\jvm.dll
0x00007ffe4fd10000 - 0x00007ffe4fdc4000 	C:\WINDOWS\System32\ADVAPI32.dll
0x00007ffe4f790000 - 0x00007ffe4f836000 	C:\WINDOWS\System32\sechost.dll
0x00007ffe50da0000 - 0x00007ffe50eb8000 	C:\WINDOWS\System32\RPCRT4.dll
0x00007ffe513d0000 - 0x00007ffe51444000 	C:\WINDOWS\System32\WS2_32.dll
0x00007ffe4e9d0000 - 0x00007ffe4ea2e000 	C:\WINDOWS\SYSTEM32\POWRPROF.dll
0x00007ffe44a20000 - 0x00007ffe44a55000 	C:\WINDOWS\SYSTEM32\WINMM.dll
0x00007ffe3e860000 - 0x00007ffe3e86b000 	C:\WINDOWS\SYSTEM32\VERSION.dll
0x00007ffe4e9b0000 - 0x00007ffe4e9c4000 	C:\WINDOWS\SYSTEM32\UMPDC.dll
0x00007ffe4d920000 - 0x00007ffe4d93b000 	C:\WINDOWS\SYSTEM32\kernel.appcore.dll
0x00007ffe37cb0000 - 0x00007ffe37cba000 	C:\Program Files\Eclipse Adoptium\jdk-25.0.1.8-hotspot\bin\jimage.dll
0x00007ffe4c2e0000 - 0x00007ffe4c522000 	C:\WINDOWS\SYSTEM32\DBGHELP.DLL
0x00007ffe4f880000 - 0x00007ffe4fbfb000 	C:\WINDOWS\System32\combase.dll
0x00007ffe505f0000 - 0x00007ffe506c7000 	C:\WINDOWS\System32\OLEAUT32.dll
0x00007ffe2a220000 - 0x00007ffe2a25c000 	C:\WINDOWS\SYSTEM32\dbgcore.DLL
0x00007ffe4eb50000 - 0x00007ffe4ebe8000 	C:\WINDOWS\System32\bcryptPrimitives.dll
0x00007ffe26e60000 - 0x00007ffe26e7e000 	C:\Program Files\Eclipse Adoptium\jdk-25.0.1.8-hotspot\bin\java.dll
0x00007ffe517e0000 - 0x00007ffe51978000 	C:\WINDOWS\System32\ole32.dll
0x00007ffe4fdd0000 - 0x00007ffe5051d000 	C:\WINDOWS\System32\SHELL32.dll
0x00007ffe4f0c0000 - 0x00007ffe4f22b000 	C:\WINDOWS\System32\wintypes.dll
0x00007ffe4c7c0000 - 0x00007ffe4d01d000 	C:\WINDOWS\SYSTEM32\windows.storage.dll
0x00007ffe514d0000 - 0x00007ffe515c2000 	C:\WINDOWS\System32\SHCORE.dll
0x00007ffe50ec0000 - 0x00007ffe50f22000 	C:\WINDOWS\System32\shlwapi.dll
0x00007ffe4ea70000 - 0x00007ffe4ea99000 	C:\WINDOWS\SYSTEM32\profapi.dll
0x00007ffe13f60000 - 0x00007ffe13f71000 	C:\Program Files\Eclipse Adoptium\jdk-25.0.1.8-hotspot\bin\net.dll
0x00007ffe4de90000 - 0x00007ffe4defb000 	C:\WINDOWS\system32\mswsock.dll
0x00007ffe11c50000 - 0x00007ffe11c66000 	C:\Program Files\Eclipse Adoptium\jdk-25.0.1.8-hotspot\bin\nio.dll
0x00007ffe165f0000 - 0x00007ffe16607000 	C:\Program Files\Eclipse Adoptium\jdk-25.0.1.8-hotspot\bin\zip.dll
0x000002cf570d0000 - 0x000002cf570d3000 	C:\Users\lirawr\.openjfx\cache\21.0.1+6\amd64\api-ms-win-core-console-l1-1-0.dll
0x000002cf570e0000 - 0x000002cf570e3000 	C:\Users\lirawr\.openjfx\cache\21.0.1+6\amd64\api-ms-win-core-console-l1-2-0.dll
0x000002cf570f0000 - 0x000002cf570f3000 	C:\Users\lirawr\.openjfx\cache\21.0.1+6\amd64\api-ms-win-core-datetime-l1-1-0.dll
0x000002cf58a10000 - 0x000002cf58a13000 	C:\Users\lirawr\.openjfx\cache\21.0.1+6\amd64\api-ms-win-core-debug-l1-1-0.dll
0x000002cf58a20000 - 0x000002cf58a23000 	C:\Users\lirawr\.openjfx\cache\21.0.1+6\amd64\api-ms-win-core-errorhandling-l1-1-0.dll
0x000002cf58a30000 - 0x000002cf58a34000 	C:\Users\lirawr\.openjfx\cache\21.0.1+6\amd64\api-ms-win-core-file-l1-1-0.dll
0x000002cf58a40000 - 0x000002cf58a43000 	C:\Users\lirawr\.openjfx\cache\21.0.1+6\amd64\api-ms-win-core-file-l1-2-0.dll
0x000002cf58a50000 - 0x000002cf58a53000 	C:\Users\lirawr\.openjfx\cache\21.0.1+6\amd64\api-ms-win-core-file-l2-1-0.dll
0x000002cf58a60000 - 0x000002cf58a63000 	C:\Users\lirawr\.openjfx\cache\21.0.1+6\amd64\api-ms-win-core-handle-l1-1-0.dll
0x000002cf58a70000 - 0x000002cf58a73000 	C:\Users\lirawr\.openjfx\cache\21.0.1+6\amd64\api-ms-win-core-heap-l1-1-0.dll
0x000002cf591d0000 - 0x000002cf591d3000 	C:\Users\lirawr\.openjfx\cache\21.0.1+6\amd64\api-ms-win-core-interlocked-l1-1-0.dll
0x000002cf591e0000 - 0x000002cf591e3000 	C:\Users\lirawr\.openjfx\cache\21.0.1+6\amd64\api-ms-win-core-libraryloader-l1-1-0.dll
0x000002cf591f0000 - 0x000002cf591f3000 	C:\Users\lirawr\.openjfx\cache\21.0.1+6\amd64\api-ms-win-core-localization-l1-2-0.dll
0x000002cf59200000 - 0x000002cf59203000 	C:\Users\lirawr\.openjfx\cache\21.0.1+6\amd64\api-ms-win-core-memory-l1-1-0.dll
0x000002cf59210000 - 0x000002cf59213000 	C:\Users\lirawr\.openjfx\cache\21.0.1+6\amd64\api-ms-win-core-namedpipe-l1-1-0.dll
0x000002cf59220000 - 0x000002cf59223000 	C:\Users\lirawr\.openjfx\cache\21.0.1+6\amd64\api-ms-win-core-processenvironment-l1-1-0.dll
0x000002cf59230000 - 0x000002cf59233000 	C:\Users\lirawr\.openjfx\cache\21.0.1+6\amd64\api-ms-win-core-processthreads-l1-1-0.dll
0x000002cf59240000 - 0x000002cf59243000 	C:\Users\lirawr\.openjfx\cache\21.0.1+6\amd64\api-ms-win-core-processthreads-l1-1-1.dll
0x000002cf59250000 - 0x000002cf59253000 	C:\Users\lirawr\.openjfx\cache\21.0.1+6\amd64\api-ms-win-core-profile-l1-1-0.dll
0x000002cf59260000 - 0x000002cf59263000 	C:\Users\lirawr\.openjfx\cache\21.0.1+6\amd64\api-ms-win-core-rtlsupport-l1-1-0.dll
0x000002cf59270000 - 0x000002cf59273000 	C:\Users\lirawr\.openjfx\cache\21.0.1+6\amd64\api-ms-win-core-string-l1-1-0.dll
0x000002cf59280000 - 0x000002cf59283000 	C:\Users\lirawr\.openjfx\cache\21.0.1+6\amd64\api-ms-win-core-synch-l1-1-0.dll
0x000002cf75ee0000 - 0x000002cf75ee3000 	C:\Users\lirawr\.openjfx\cache\21.0.1+6\amd64\api-ms-win-core-synch-l1-2-0.dll
0x000002cf75ef0000 - 0x000002cf75ef3000 	C:\Users\lirawr\.openjfx\cache\21.0.1+6\amd64\api-ms-win-core-sysinfo-l1-1-0.dll
0x000002cf75f00000 - 0x000002cf75f03000 	C:\Users\lirawr\.openjfx\cache\21.0.1+6\amd64\api-ms-win-core-timezone-l1-1-0.dll
0x000002cf75f10000 - 0x000002cf75f13000 	C:\Users\lirawr\.openjfx\cache\21.0.1+6\amd64\api-ms-win-core-util-l1-1-0.dll
0x000002cf75f20000 - 0x000002cf75f23000 	C:\Users\lirawr\.openjfx\cache\21.0.1+6\amd64\api-ms-win-crt-conio-l1-1-0.dll
0x000002cf75f30000 - 0x000002cf75f34000 	C:\Users\lirawr\.openjfx\cache\21.0.1+6\amd64\api-ms-win-crt-convert-l1-1-0.dll
0x000002cf75f40000 - 0x000002cf75f43000 	C:\Users\lirawr\.openjfx\cache\21.0.1+6\amd64\api-ms-win-crt-environment-l1-1-0.dll
0x000002cf75f50000 - 0x000002cf75f53000 	C:\Users\lirawr\.openjfx\cache\21.0.1+6\amd64\api-ms-win-crt-filesystem-l1-1-0.dll
0x000002cf75f60000 - 0x000002cf75f63000 	C:\Users\lirawr\.openjfx\cache\21.0.1+6\amd64\api-ms-win-crt-heap-l1-1-0.dll
0x000002cf75f70000 - 0x000002cf75f73000 	C:\Users\lirawr\.openjfx\cache\21.0.1+6\amd64\api-ms-win-crt-locale-l1-1-0.dll
0x000002cf75f80000 - 0x000002cf75f85000 	C:\Users\lirawr\.openjfx\cache\21.0.1+6\amd64\api-ms-win-crt-math-l1-1-0.dll
0x000002cf75f90000 - 0x000002cf75f95000 	C:\Users\lirawr\.openjfx\cache\21.0.1+6\amd64\api-ms-win-crt-multibyte-l1-1-0.dll
0x000002cf75fa0000 - 0x000002cf75fb0000 	C:\Users\lirawr\.openjfx\cache\21.0.1+6\amd64\api-ms-win-crt-private-l1-1-0.dll
0x000002cf75fb0000 - 0x000002cf75fb3000 	C:\Users\lirawr\.openjfx\cache\21.0.1+6\amd64\api-ms-win-crt-process-l1-1-0.dll
0x000002cf75fc0000 - 0x000002cf75fc4000 	C:\Users\lirawr\.openjfx\cache\21.0.1+6\amd64\api-ms-win-crt-runtime-l1-1-0.dll
0x000002cf75fd0000 - 0x000002cf75fd4000 	C:\Users\lirawr\.openjfx\cache\21.0.1+6\amd64\api-ms-win-crt-stdio-l1-1-0.dll
0x000002cf75fe0000 - 0x000002cf75fe4000 	C:\Users\lirawr\.openjfx\cache\21.0.1+6\amd64\api-ms-win-crt-string-l1-1-0.dll
0x000002cf75ff0000 - 0x000002cf75ff3000 	C:\Users\lirawr\.openjfx\cache\21.0.1+6\amd64\api-ms-win-crt-time-l1-1-0.dll
0x000002cf7a800000 - 0x000002cf7a803000 	C:\Users\lirawr\.openjfx\cache\21.0.1+6\amd64\api-ms-win-crt-utility-l1-1-0.dll
0x00007ffe01c20000 - 0x00007ffe01d1c000 	C:\Users\lirawr\.openjfx\cache\21.0.1+6\amd64\ucrtbase.dll
0x00007ffe0fa30000 - 0x00007ffe0fa4b000 	C:\Users\lirawr\.openjfx\cache\21.0.1+6\amd64\vcruntime140.dll
0x00007ffe165e0000 - 0x00007ffe165ec000 	C:\Users\lirawr\.openjfx\cache\21.0.1+6\amd64\vcruntime140_1.dll
0x00007ffe0c1c0000 - 0x00007ffe0c24e000 	C:\Users\lirawr\.openjfx\cache\21.0.1+6\amd64\msvcp140.dll
0x00007ffe13b30000 - 0x00007ffe13b39000 	C:\Users\lirawr\.openjfx\cache\21.0.1+6\amd64\msvcp140_1.dll
0x00007ffe0d430000 - 0x00007ffe0d45f000 	C:\Users\lirawr\.openjfx\cache\21.0.1+6\amd64\msvcp140_2.dll
0x00007ffe0d0e0000 - 0x00007ffe0d10f000 	C:\Users\lirawr\.openjfx\cache\21.0.1+6\amd64\prism_d3d.dll
0x00007ffdaf3d0000 - 0x00007ffdaf580000 	C:\WINDOWS\system32\d3d9.dll
0x00007ffe49560000 - 0x00007ffe4958d000 	C:\WINDOWS\SYSTEM32\dwmapi.dll
0x00007ffe493b0000 - 0x00007ffe493f4000 	C:\WINDOWS\SYSTEM32\dxcore.dll
0x00007ffe492b0000 - 0x00007ffe4935a000 	C:\WINDOWS\system32\uxtheme.dll
0x00007ffdd5220000 - 0x00007ffdd54bf000 	C:\WINDOWS\System32\DriverStore\FileRepository\iigd_dch.inf_amd64_7bb1fa07ea2dce86\igdumdim64.dll
0x00007ffd84b20000 - 0x00007ffd86220000 	C:\WINDOWS\System32\DriverStore\FileRepository\iigd_dch.inf_amd64_7bb1fa07ea2dce86\igd9dxva64.dll
0x00007ffe507a0000 - 0x00007ffe50c28000 	C:\WINDOWS\System32\SETUPAPI.dll
0x00007ffe4e6a0000 - 0x00007ffe4e6f7000 	C:\WINDOWS\SYSTEM32\cfgmgr32.dll
0x00007ffe37d00000 - 0x00007ffe39d72000 	C:\WINDOWS\System32\DriverStore\FileRepository\iigd_dch.inf_amd64_7bb1fa07ea2dce86\media_bin_64.dll
0x00007ffe44360000 - 0x00007ffe448f1000 	C:\WINDOWS\System32\DriverStore\FileRepository\iigd_dch.inf_amd64_7bb1fa07ea2dce86\igdgmm64.dll
0x00007ffe46be0000 - 0x00007ffe46c43000 	C:\WINDOWS\SYSTEM32\directxdatabasehelper.dll
0x00007ffe06310000 - 0x00007ffe06352000 	C:\Users\lirawr\.openjfx\cache\21.0.1+6\amd64\glass.dll
0x00007ffe512d0000 - 0x00007ffe513c3000 	C:\WINDOWS\System32\COMDLG32.dll
0x00007ffe50c40000 - 0x00007ffe50d9b000 	C:\WINDOWS\System32\MSCTF.dll
0x00007ffe3e9d0000 - 0x00007ffe3e9f8000 	C:\WINDOWS\System32\DriverStore\FileRepository\iigd_dch.inf_amd64_7bb1fa07ea2dce86\igdinfo64.dll
0x00007ffe3ee80000 - 0x00007ffe43ef1000 	C:\WINDOWS\System32\DriverStore\FileRepository\iigd_dch.inf_amd64_7bb1fa07ea2dce86\igc64.dll
0x00007ffe0d0c0000 - 0x00007ffe0d0d4000 	C:\Users\lirawr\.openjfx\cache\21.0.1+6\amd64\javafx_font.dll
0x00007ffe018d0000 - 0x00007ffe0196f000 	C:\Users\lirawr\.openjfx\cache\21.0.1+6\amd64\glib-lite.dll
0x00007ffe013e0000 - 0x00007ffe014ce000 	C:\Users\lirawr\.openjfx\cache\21.0.1+6\amd64\gstreamer-lite.dll
0x00007ffe06270000 - 0x00007ffe06304000 	C:\WINDOWS\SYSTEM32\DSOUND.dll
0x00007ffe30930000 - 0x00007ffe30961000 	C:\WINDOWS\SYSTEM32\winmmbase.dll
0x00007ffdac090000 - 0x00007ffdac141000 	C:\WINDOWS\SYSTEM32\ResampleDmo.DLL
0x00007ffe2aae0000 - 0x00007ffe2aaee000 	C:\WINDOWS\SYSTEM32\msdmo.dll
0x00007ffe04a80000 - 0x00007ffe04aa5000 	C:\Users\lirawr\.openjfx\cache\21.0.1+6\amd64\jfxmedia.dll
0x00007ffe01bf0000 - 0x00007ffe01c14000 	C:\Users\lirawr\.openjfx\cache\21.0.1+6\amd64\fxplugins.dll
0x00007ffe3ea40000 - 0x00007ffe3ec57000 	C:\WINDOWS\SYSTEM32\MFPlat.DLL
0x00007ffe3ea00000 - 0x00007ffe3ea3d000 	C:\WINDOWS\SYSTEM32\RTWorkQ.DLL
0x00007ffe50fc0000 - 0x00007ffe51071000 	C:\WINDOWS\System32\clbcatq.dll
0x00007ffe440a0000 - 0x00007ffe44138000 	C:\WINDOWS\System32\MMDevApi.dll
0x00007ffe4e700000 - 0x00007ffe4e72d000 	C:\WINDOWS\System32\DEVOBJ.dll
0x00007ffe311c0000 - 0x00007ffe3137b000 	C:\WINDOWS\SYSTEM32\AUDIOSES.DLL
0x00007ffe4bf60000 - 0x00007ffe4bf74000 	C:\WINDOWS\SYSTEM32\resourcepolicyclient.dll
0x00007ffe4e160000 - 0x00007ffe4e16c000 	C:\WINDOWS\SYSTEM32\CRYPTBASE.DLL
0x00007ffe01360000 - 0x00007ffe0138c000 	C:\Windows\System32\qasf.dll
0x00007ffdd5010000 - 0x00007ffdd5219000 	C:\Windows\System32\WMVCore.DLL

JVMTI agents: none

dbghelp: loaded successfully - version: 4.0.5 - missing functions: none
symbol engine: initialized successfully - sym options: 0x614 - pdb path: .;C:\Program Files\Eclipse Adoptium\jdk-25.0.1.8-hotspot\bin;C:\WINDOWS\SYSTEM32;C:\WINDOWS\WinSxS\amd64_microsoft.windows.common-controls_6595b64144ccf1df_6.0.26100.6899_none_3e0efeeae32e88c1;C:\Program Files\Eclipse Adoptium\jdk-25.0.1.8-hotspot\bin\server;C:\Users\lirawr\.openjfx\cache\21.0.1+6\amd64;C:\WINDOWS\System32\DriverStore\FileRepository\iigd_dch.inf_amd64_7bb1fa07ea2dce86;C:\Program Files\Common Files\Microsoft Shared\Ink;C:\Users\lirawr\AppData\Local\Temp\BridJExtractedLibraries14118088930042963662;C:\WINDOWS\WinSxS\amd64_microsoft.windows.gdiplus_6595b64144ccf1df_1.1.26100.6725_none_6ef34b0e3dc6ea59

VM Arguments:
jvm_args: --add-modules=javafx.controls,javafx.fxml,javafx.media,javafx.swing --module-path=C:\Users\lirawr\.m2\repository\org\openjfx\javafx-base\21.0.1\javafx-base-21.0.1-win.jar;C:\Users\lirawr\.m2\repository\org\openjfx\javafx-base\21.0.1\javafx-base-21.0.1.jar;C:\Users\lirawr\.m2\repository\org\openjfx\javafx-controls\21.0.1\javafx-controls-21.0.1-win.jar;C:\Users\lirawr\.m2\repository\org\openjfx\javafx-controls\21.0.1\javafx-controls-21.0.1.jar;C:\Users\lirawr\.m2\repository\org\openjfx\javafx-fxml\21.0.1\javafx-fxml-21.0.1-win.jar;C:\Users\lirawr\.m2\repository\org\openjfx\javafx-graphics\21.0.1\javafx-graphics-21.0.1-win.jar;C:\Users\lirawr\.m2\repository\org\openjfx\javafx-graphics\21.0.1\javafx-graphics-21.0.1.jar;C:\Users\lirawr\.m2\repository\org\openjfx\javafx-media\21.0.1\javafx-media-21.0.1-win.jar;C:\Users\lirawr\.m2\repository\org\openjfx\javafx-swing\21.0.1\javafx-swing-21.0.1-win.jar --add-modules=javafx.base,javafx.controls,javafx.fxml,javafx.graphics,javafx.media,javafx.swing 
java_command: com.example.photobooth.Main
java_class_path (initial): D:\VScode Files\Tara-Shot-\target\classes;C:\Users\lirawr\.m2\repository\com\github\sarxos\webcam-capture\0.3.12\webcam-capture-0.3.12.jar;C:\Users\lirawr\.m2\repository\com\nativelibs4java\bridj\0.7.0\bridj-0.7.0.jar;C:\Users\lirawr\.m2\repository\org\slf4j\slf4j-api\1.7.2\slf4j-api-1.7.2.jar
Launcher Type: SUN_STANDARD

[Global flags]
     intx CICompilerCount                          = 3                                         {product} {ergonomic}
     uint ConcGCThreads                            = 1                                         {product} {ergonomic}
     uint G1ConcRefinementThreads                  = 4                                         {product} {ergonomic}
   size_t G1HeapRegionSize                         = 1048576                                   {product} {ergonomic}
   size_t InitialHeapSize                          = 130023424                                 {product} {ergonomic}
   size_t MarkStackSize                            = 4194304                                   {product} {ergonomic}
   size_t MarkStackSizeMax                         = 536870912                                 {product} {ergonomic}
   size_t MaxHeapSize                              = 2067791872                                {product} {ergonomic}
   size_t MaxNewSize                               = 1240465408                                {product} {ergonomic}
   size_t MinHeapDeltaBytes                        = 1048576                                   {product} {ergonomic}
   size_t MinHeapSize                              = 8388608                                   {product} {ergonomic}
    uintx NonNMethodCodeHeapSize                   = 5832704                                {pd product} {ergonomic}
    uintx NonProfiledCodeHeapSize                  = 122945536                              {pd product} {ergonomic}
    uintx ProfiledCodeHeapSize                     = 122880000                              {pd product} {ergonomic}
    uintx ReservedCodeCacheSize                    = 251658240                              {pd product} {ergonomic}
     bool SegmentedCodeCache                       = true                                      {product} {ergonomic}
   size_t SoftMaxHeapSize                          = 2067791872                             {manageable} {ergonomic}
     bool UseCompressedOops                        = true                           {product lp64_product} {ergonomic}
     bool UseG1GC                                  = true                                      {product} {ergonomic}
     bool UseLargePagesIndividualAllocation        = false                                  {pd product} {ergonomic}

Logging:
Log output configuration:
 #0: stdout all=warning uptime,level,tags foldmultilines=false
 #1: stderr all=off uptime,level,tags foldmultilines=false

Release file:
IMPLEMENTOR="Eclipse Adoptium" 
IMPLEMENTOR_VERSION="Temurin-25.0.1+8" 
JAVA_RUNTIME_VERSION="25.0.1+8-LTS" 
JAVA_VERSION="25.0.1" 
JAVA_VERSION_DATE="2025-10-21" 
LIBC="default" 
MODULES="java.base java.compiler java.datatransfer java.xml java.prefs java.desktop java.instrument java.logging java.management java.security.sasl java.naming java.rmi java.management.rmi java.net.http java.scripting java.security.jgss java.transaction.xa java.sql java.sql.rowset java.xml.crypto java.se java.smartcardio jdk.accessibility jdk.internal.jvmstat jdk.attach jdk.charsets jdk.internal.opt jdk.zipfs jdk.compiler jdk.crypto.cryptoki jdk.crypto.ec jdk.crypto.mscapi jdk.dynalink jdk.internal.ed jdk.editpad jdk.internal.vm.ci jdk.graal.compiler jdk.graal.compiler.management jdk.hotspot.agent jdk.httpserver jdk.incubator.vector jdk.internal.le jdk.internal.md jdk.jartool jdk.javadoc jdk.jcmd jdk.management jdk.management.agent jdk.jconsole jdk.jdeps jdk.jdwp.agent jdk.jdi jdk.jfr jdk.jlink jdk.jpackage jdk.jshell jdk.jsobject jdk.jstatd jdk.localedata jdk.management.jfr jdk.naming.dns jdk.naming.rmi jdk.net jdk.nio.mapmode jdk.sctp jdk.security.auth jdk.security.jgss jdk.unsupported jdk.unsupported.desktop jdk.xml.dom" 
OS_ARCH="x86_64" 
OS_NAME="Windows" 
SOURCE=".:git:61d6a2c1b35e" 
BUILD_SOURCE="git:839fa0b45d809157cffd3dc8515aad262a4a1776"
BUILD_SOURCE_REPO="https://github.com/adoptium/temurin-build.git"
SOURCE_REPO="https://github.com/adoptium/jdk25u.git"
FULL_VERSION="25.0.1+8-LTS"
SEMANTIC_VERSION="25.0.1+8"
BUILD_INFO="OS: Windows Server 2022 Version: 10.0"
JVM_VARIANT="Hotspot"
JVM_VERSION="25.0.1+8-LTS"
IMAGE_TYPE="JDK"

Environment Variables:
JAVA_HOME=C:\Program Files\Eclipse Adoptium\jdk-25.0.1.8-hotspot
PATH=c:\Users\lirawr\AppData\Roaming\Code\User\globalStorage\github.copilot-chat\debugCommand;c:\Users\lirawr\AppData\Roaming\Code\User\globalStorage\github.copilot-chat\copilotCli;C:\Program Files\Eclipse Adoptium\jdk-25.0.1.8-hotspot\bin;C:\ProgramData\Oracle\Java\javapath;C:\WINDOWS\system32;C:\WINDOWS;C:\WINDOWS\System32\Wbem;C:\maven-mvnd-1.0.3-windows-amd64\bin;C:\WINDOWS\System32\WindowsPowerShell\v1.0\;C:\Program Files\Eclipse Adoptium\jdk-25.0.1.8-hotspot\bin;C:\WINDOWS\System32\OpenSSH\;C:\Program Files\dotnet\;C:\Program Files\Git\cmd;C:\msys64\mingw64\bin;C:\Users\lirawr\AppData\Local\Microsoft\WindowsApps;D:\Microsoft VS Code\bin;C:\msys64\ucrt64\bin;D:\msys2\ucrt64\bin;C:\maven-mvnd-1.0.3-windows-amd64\bin;C:\msys64\mingw64\bin;C:\Users\lirawr\AppData\Local\GitHubDesktop\bin;C:\ProgramData\lirawr\GitHubDesktop\bin;C:\apache-maven-3.9.11\apache-maven\src\bin;C:\apache-maven-3.9.11\bin;C:\apache-maven-3.9.11\apache-maven\src\bin;c:\Users\lirawr\.vscode\extensions\vscjava.vscode-java-debug-0.58.3\bundled\scripts\noConfigScripts
USERNAME=lirawr
LANG=en_US.UTF-8
OS=Windows_NT
PROCESSOR_IDENTIFIER=Intel64 Family 6 Model 140 Stepping 1, GenuineIntel
TMP=C:\Users\lirawr\AppData\Local\Temp
TEMP=C:\Users\lirawr\AppData\Local\Temp




Compilation memory statistics disabled.

Periodic native trim disabled

---------------  S Y S T E M  ---------------

OS:
 Windows 11 , 64 bit Build 26100 (10.0.26100.6725)
OS uptime: 0 days 5:38 hours

CPU: total 4 (initial active 4) (2 cores per cpu, 2 threads per core) family 6 model 140 stepping 1 microcode 0xb6, cx8, cmov, fxsr, ht, mmx, 3dnowpref, sse, sse2, sse3, ssse3, sse4.1, sse4.2, popcnt, lzcnt, tsc, tscinvbit, avx, avx2, aes, erms, clmul, bmi1, bmi2, adx, avx512f, avx512dq, avx512cd, avx512bw, avx512vl, sha, fma, vzeroupper, avx512_vpopcntdq, avx512_vpclmulqdq, avx512_vaes, avx512_vnni, clflush, clflushopt, clwb, avx512_vbmi2, avx512_vbmi, rdtscp, rdpid, fsrm, gfni, avx512_bitalg, f16c, pku, cet_ibt, cet_ss, avx512_ifma
Processor Information for the first 4 processors :
  Max Mhz: 2995, Current Mhz: 2995, Mhz Limit: 2995

Memory: 4k page, system-wide physical 7886M (280M free)
TotalPageFile size 22958M (AvailPageFile size 119M)
current process WorkingSet (physical memory assigned to process): 574M, peak: 689M
current process commit charge ("private bytes"): 771M, peak: 1139M

vm_info: OpenJDK 64-Bit Server VM (25.0.1+8-LTS) for windows-amd64 JRE (25.0.1+8-LTS), built on 2025-10-21T00:00:00Z with unknown MS VC++:1942

END.
