#
# There is insufficient memory for the Java Runtime Environment to continue.
# Native memory allocation (malloc) failed to allocate 3417880 bytes. Error detail: Chunk::new
# Possible reasons:
#   The system is out of physical RAM or swap space
#   This process is running with CompressedOops enabled, and the Java Heap may be blocking the growth of the native heap
# Possible solutions:
#   Reduce memory load on the system
#   Increase physical memory or swap space
#   Check if swap backing store is full
#   Decrease Java heap size (-Xmx/-Xms)
#   Decrease number of Java threads
#   Decrease Java thread stack sizes (-Xss)
#   Set larger code cache with -XX:ReservedCodeCacheSize=
#   JVM is running with Unscaled Compressed Oops mode in which the Java heap is
#     placed in the first 4GB address space. The Java Heap base address is the
#     maximum limit for the native heap growth. Please use -XX:HeapBaseMinAddress
#     to set the Java Heap base and to place the Java Heap above 4GB virtual address.
# This output file may be truncated or incomplete.
#
#  Out of Memory Error (arena.cpp:186), pid=22792, tid=15784
#
# JRE version: OpenJDK Runtime Environment Temurin-25.0.1+8 (25.0.1+8) (build 25.0.1+8-LTS)
# Java VM: OpenJDK 64-Bit Server VM Temurin-25.0.1+8 (25.0.1+8-LTS, mixed mode, sharing, tiered, compressed oops, compressed class ptrs, g1 gc, windows-amd64)
# No core dump will be written. Minidumps are not enabled by default on client versions of Windows
#

---------------  S U M M A R Y ------------

Command Line: --add-modules=javafx.controls,javafx.fxml,javafx.media,javafx.swing --module-path=C:\Users\lirawr\.m2\repository\org\openjfx\javafx-base\21.0.1\javafx-base-21.0.1-win.jar;C:\Users\lirawr\.m2\repository\org\openjfx\javafx-base\21.0.1\javafx-base-21.0.1.jar;C:\Users\lirawr\.m2\repository\org\openjfx\javafx-controls\21.0.1\javafx-controls-21.0.1-win.jar;C:\Users\lirawr\.m2\repository\org\openjfx\javafx-controls\21.0.1\javafx-controls-21.0.1.jar;C:\Users\lirawr\.m2\repository\org\openjfx\javafx-fxml\21.0.1\javafx-fxml-21.0.1-win.jar;C:\Users\lirawr\.m2\repository\org\openjfx\javafx-graphics\21.0.1\javafx-graphics-21.0.1-win.jar;C:\Users\lirawr\.m2\repository\org\openjfx\javafx-graphics\21.0.1\javafx-graphics-21.0.1.jar;C:\Users\lirawr\.m2\repository\org\openjfx\javafx-media\21.0.1\javafx-media-21.0.1-win.jar;C:\Users\lirawr\.m2\repository\org\openjfx\javafx-swing\21.0.1\javafx-swing-21.0.1-win.jar --add-modules=javafx.base,javafx.controls,javafx.fxml,javafx.graphics,javafx.media,javafx.swing com.example.photobooth.Main

Host: 11th Gen Intel(R) Core(TM) i3-1115G4 @ 3.00GHz, 4 cores, 7G,  Windows 11 , 64 bit Build 26100 (10.0.26100.6725)
Time: Sat Dec  6 04:14:48 2025 China Standard Time elapsed time: 29.876796 seconds (0d 0h 0m 29s)

---------------  T H R E A D  ---------------

Current thread (0x00000206570f2310):  JavaThread "C2 CompilerThread0" daemon [_thread_in_native, id=15784, stack(0x00000087a2800000,0x00000087a2900000) (1024K)]


Current CompileTask:
C2:29876 5535       4       java.util.TimSort::mergeLo (659 bytes)

Stack: [0x00000087a2800000,0x00000087a2900000]
Native frames: (J=compiled Java code, j=interpreted, Vv=VM code, C=native code)
V  [jvm.dll+0x7a8379]  (no source info available)
V  [jvm.dll+0x7729fd]  (no source info available)
V  [jvm.dll+0x9f57b3]  (no source info available)
V  [jvm.dll+0x9f7da1]  (no source info available)
V  [jvm.dll+0x9f84a3]  (no source info available)
V  [jvm.dll+0x2fcd26]  (no source info available)
V  [jvm.dll+0x111086]  (no source info available)
V  [jvm.dll+0x1113ae]  (no source info available)
V  [jvm.dll+0x1a01a2]  (no source info available)
V  [jvm.dll+0x3b5e72]  (no source info available)
V  [jvm.dll+0x7adcec]  (no source info available)
V  [jvm.dll+0x2c0327]  (no source info available)
V  [jvm.dll+0x2bf2ef]  (no source info available)
V  [jvm.dll+0x237300]  (no source info available)
V  [jvm.dll+0x2cf386]  (no source info available)
V  [jvm.dll+0x2cd60a]  (no source info available)
V  [jvm.dll+0x48f64e]  (no source info available)
V  [jvm.dll+0x99630d]  (no source info available)
V  [jvm.dll+0x7a6955]  (no source info available)
C  [ucrtbase.dll+0x37b0]  (no source info available)
C  [KERNEL32.DLL+0x2e8d7]  (no source info available)
C  [ntdll.dll+0x8c53c]  (no source info available)

Lock stack of current Java thread (top to bottom):


---------------  P R O C E S S  ---------------

Threads class SMR info:
_java_thread_list=0x00000206574b5a20, length=33, elements={
0x000002063aaf54a0, 0x00000206570dba50, 0x00000206570e02f0, 0x00000206570e4b90,
0x00000206570e5750, 0x00000206570ef8a0, 0x00000206570f3560, 0x00000206570f2310,
0x0000020657108d00, 0x0000020657211ed0, 0x0000020657557c30, 0x0000020657d85da0,
0x000002065c635df0, 0x000002065c63bd30, 0x000002065c8e9760, 0x000002065c8cf590,
0x000002065c9c2f70, 0x000002065cb83520, 0x000002065cc92e50, 0x000002065cc8f7a0,
0x000002065cc94d90, 0x000002065d1bf5e0, 0x000002065d05dbc0, 0x000002065d063980,
0x000002065738e280, 0x0000020672e6eef0, 0x0000020672e6cfb0, 0x0000020672e725a0,
0x0000020672e73540, 0x000002065cf7a230, 0x000002065718e660, 0x000002065718de90,
0x000002065cf7b9a0
}

Java Threads: ( => current thread )
  0x000002063aaf54a0 JavaThread "main"                              [_thread_blocked, id=8888, stack(0x00000087a1a00000,0x00000087a1b00000) (1024K)]
  0x00000206570dba50 JavaThread "Reference Handler"          daemon [_thread_blocked, id=12148, stack(0x00000087a2200000,0x00000087a2300000) (1024K)]
  0x00000206570e02f0 JavaThread "Finalizer"                  daemon [_thread_blocked, id=1244, stack(0x00000087a2300000,0x00000087a2400000) (1024K)]
  0x00000206570e4b90 JavaThread "Signal Dispatcher"          daemon [_thread_blocked, id=20876, stack(0x00000087a2400000,0x00000087a2500000) (1024K)]
  0x00000206570e5750 JavaThread "Attach Listener"            daemon [_thread_blocked, id=21144, stack(0x00000087a2500000,0x00000087a2600000) (1024K)]
  0x00000206570ef8a0 JavaThread "Service Thread"             daemon [_thread_blocked, id=8224, stack(0x00000087a2600000,0x00000087a2700000) (1024K)]
  0x00000206570f3560 JavaThread "Monitor Deflation Thread"   daemon [_thread_blocked, id=26300, stack(0x00000087a2700000,0x00000087a2800000) (1024K)]
=>0x00000206570f2310 JavaThread "C2 CompilerThread0"         daemon [_thread_in_native, id=15784, stack(0x00000087a2800000,0x00000087a2900000) (1024K)]
  0x0000020657108d00 JavaThread "C1 CompilerThread0"         daemon [_thread_blocked, id=11388, stack(0x00000087a2900000,0x00000087a2a00000) (1024K)]
  0x0000020657211ed0 JavaThread "Common-Cleaner"             daemon [_thread_blocked, id=9616, stack(0x00000087a2a00000,0x00000087a2b00000) (1024K)]
  0x0000020657557c30 JavaThread "Notification Thread"        daemon [_thread_blocked, id=22292, stack(0x00000087a2c00000,0x00000087a2d00000) (1024K)]
  0x0000020657d85da0 JavaThread "QuantumRenderer-0"          daemon [_thread_in_native, id=26044, stack(0x00000087a2b00000,0x00000087a2c00000) (1024K)]
  0x000002065c635df0 JavaThread "InvokeLaterDispatcher"      daemon [_thread_blocked, id=2272, stack(0x00000087a2d00000,0x00000087a2e00000) (1024K)]
  0x000002065c63bd30 JavaThread "JavaFX Application Thread"         [_thread_in_native, id=18376, stack(0x00000087a2e00000,0x00000087a2f00000) (1024K)]
  0x000002065c8e9760 JavaThread "JavaFX-Launcher"                   [_thread_blocked, id=18088, stack(0x00000087a3300000,0x00000087a3400000) (1024K)]
  0x000002065c8cf590 JavaThread "Thread-2"                   daemon [_thread_in_native, id=15256, stack(0x00000087a3200000,0x00000087a3300000) (1024K)]
  0x000002065c9c2f70 JavaThread "JFXMedia Player EventQueueThread" daemon [_thread_blocked, id=15016, stack(0x00000087a3a00000,0x00000087a3b00000) (1024K)]
  0x000002065cb83520 JavaThread "Prism Font Disposer"        daemon [_thread_blocked, id=23880, stack(0x00000087a4400000,0x00000087a4500000) (1024K)]
  0x000002065cc92e50 JavaThread "Media Resource Disposer"    daemon [_thread_blocked, id=1332, stack(0x00000087a4500000,0x00000087a4600000) (1024K)]
  0x000002065cc8f7a0 JavaThread "Timer-0"                    daemon [_thread_blocked, id=2356, stack(0x00000087a4600000,0x00000087a4700000) (1024K)]
  0x000002065cc94d90 JavaThread "JFXMedia Player EventQueueThread" daemon [_thread_blocked, id=3256, stack(0x00000087a4900000,0x00000087a4a00000) (1024K)]
  0x000002065d1bf5e0 JavaThread "JFXMedia Player EventQueueThread" daemon [_thread_blocked, id=8716, stack(0x00000087a4e00000,0x00000087a4f00000) (1024K)]
  0x000002065d05dbc0 JavaThread "JFXMedia Player EventQueueThread" daemon [_thread_blocked, id=16284, stack(0x00000087a5200000,0x00000087a5300000) (1024K)]
  0x000002065d063980 JavaThread "Cleaner-0"                  daemon [_thread_blocked, id=13056, stack(0x00000087a5500000,0x00000087a5600000) (1024K)]
  0x000002065738e280 JavaThread "Timer-1"                    daemon [_thread_blocked, id=25452, stack(0x00000087a5900000,0x00000087a5a00000) (1024K)]
  0x0000020672e6eef0 JavaThread "atomic-processor-1"         daemon [_thread_in_native, id=10840, stack(0x00000087a5c00000,0x00000087a5d00000) (1024K)]
  0x0000020672e6cfb0 JavaThread "webcam-discovery-service"   daemon [_thread_blocked, id=11100, stack(0x00000087a5b00000,0x00000087a5c00000) (1024K)]
  0x0000020672e725a0 JavaThread "webcam-lock-[USB2.0 HD UVC WebCam 0]" daemon [_thread_blocked, id=16808, stack(0x00000087a5e00000,0x00000087a5f00000) (1024K)]
  0x0000020672e73540 JavaThread "Thread-106"                 daemon [_thread_blocked, id=17100, stack(0x00000087a5f00000,0x00000087a6000000) (1024K)]
  0x000002065cf7a230 JavaThread "frames-refresher-[0]"       daemon [_thread_blocked, id=19924, stack(0x00000087a6800000,0x00000087a6900000) (1024K)]
  0x000002065718e660 JavaThread "Thread-109"                 daemon [_thread_blocked, id=10800, stack(0x00000087a6900000,0x00000087a6a00000) (1024K)]
  0x000002065718de90 JavaThread "Java2D Disposer"            daemon [_thread_blocked, id=22784, stack(0x00000087a5800000,0x00000087a5900000) (1024K)]
  0x000002065cf7b9a0 JavaThread "Timer-3"                    daemon [_thread_blocked, id=20352, stack(0x00000087a6a00000,0x00000087a6b00000) (1024K)]
Total: 33

Other Threads:
  0x00000206570cb2d0 VMThread "VM Thread"                           [id=12436, stack(0x00000087a2100000,0x00000087a2200000) (1024K)]
  0x00000206570ba0c0 WatcherThread "VM Periodic Task Thread"        [id=16120, stack(0x00000087a2000000,0x00000087a2100000) (1024K)]
  0x000002063ab45a50 WorkerThread "GC Thread#0"                     [id=17976, stack(0x00000087a1b00000,0x00000087a1c00000) (1024K)]
  0x000002065c979620 WorkerThread "GC Thread#1"                     [id=10876, stack(0x00000087a3500000,0x00000087a3600000) (1024K)]
  0x000002065c97bcf0 WorkerThread "GC Thread#2"                     [id=25524, stack(0x00000087a3600000,0x00000087a3700000) (1024K)]
  0x000002065c97b450 WorkerThread "GC Thread#3"                     [id=23776, stack(0x00000087a3700000,0x00000087a3800000) (1024K)]
  0x000002063ab5f0f0 ConcurrentGCThread "G1 Main Marker"            [id=3352, stack(0x00000087a1c00000,0x00000087a1d00000) (1024K)]
  0x000002063ab5fc90 WorkerThread "G1 Conc#0"                       [id=5372, stack(0x00000087a1d00000,0x00000087a1e00000) (1024K)]
  0x000002063ab9d670 ConcurrentGCThread "G1 Refine#0"               [id=25336, stack(0x00000087a1e00000,0x00000087a1f00000) (1024K)]
  0x000002063ab9e080 ConcurrentGCThread "G1 Service"                [id=6040, stack(0x00000087a1f00000,0x00000087a2000000) (1024K)]
Total: 10

Threads with active compile tasks:
C2 CompilerThread0  30219 5535       4       java.util.TimSort::mergeLo (659 bytes)
Total: 1

VM state: not at safepoint (normal execution)

VM Mutex/Monitor currently owned by a thread: None

Heap address: 0x0000000084c00000, size: 1972 MB, Compressed Oops mode: 32-bit

CDS archive(s) mapped at: [0x0000000016000000-0x0000000016dd0000-0x0000000016dd0000), size 14483456, SharedBaseAddress: 0x0000000016000000, ArchiveRelocationMode: 1.
Compressed class space mapped at: 0x0000000017000000-0x0000000057000000, reserved size: 1073741824
UseCompressedClassPointers 1, UseCompactObjectHeaders 0
Narrow klass pointer bits 32, Max shift 3
Narrow klass base: 0x0000000016000000, Narrow klass shift: 0
Encoding Range: [0x0000000016000000 - 0x0000000116000000), (4294967296 bytes)
Klass Range:    [0x0000000016010000 - 0x0000000057000000), (1090453504 bytes)
Klass ID Range:  [65536 - 1090519033) (1090453497)
Protection zone: [0x0000000016000000 - 0x0000000016010000), (65536 bytes)

GC Precious Log:
 CardTable entry size: 512
 Card Set container configuration: InlinePtr #cards 5 size 8 Array Of Cards #cards 10 size 36 Howl #buckets 4 coarsen threshold 1843 Howl Bitmap #cards 512 size 80 coarsen threshold 460 Card regions per heap region 1 cards per card region 2048
 CPUs: 4 total, 4 available
 Memory: 7886M
 Large Page Support: Disabled
 NUMA Support: Disabled
 Compressed Oops: Enabled (32-bit)
 Heap Region Size: 1M
 Heap Min Capacity: 8M
 Heap Initial Capacity: 124M
 Heap Max Capacity: 1972M
 Pre-touch: Disabled
 Parallel Workers: 4
 Concurrent Workers: 1
 Concurrent Refinement Workers: 4
 Periodic GC: Disabled

Heap:
 garbage-first heap   total reserved 2019328K, committed 691200K, used 179788K [0x0000000084c00000, 0x0000000100000000)
  region size 1024K, 5 young (5120K), 1 survivors (1024K)

Heap Regions: E=young(eden), S=young(survivor), O=old, HS=humongous(starts), HC=humongous(continues), CS=collection set, F=free, TAMS=top-at-mark-start, PB=parsable bottom
|   0|0x0000000084c00000, 0x0000000084d00000, 0x0000000084d00000|100%|HS|  |TAMS 0x0000000084c00000| PB 0x0000000084c00000| Complete |  0
|   1|0x0000000084d00000, 0x0000000084e00000, 0x0000000084e00000|100%|HC|  |TAMS 0x0000000084d00000| PB 0x0000000084d00000| Complete |  0
|   2|0x0000000084e00000, 0x0000000084f00000, 0x0000000084f00000|100%|HC|  |TAMS 0x0000000084e00000| PB 0x0000000084e00000| Complete |  0
|   3|0x0000000084f00000, 0x0000000085000000, 0x0000000085000000|100%|HC|  |TAMS 0x0000000084f00000| PB 0x0000000084f00000| Complete |  0
|   4|0x0000000085000000, 0x0000000085100000, 0x0000000085100000|100%|HC|  |TAMS 0x0000000085000000| PB 0x0000000085000000| Complete |  0
|   5|0x0000000085100000, 0x0000000085200000, 0x0000000085200000|100%|HC|  |TAMS 0x0000000085100000| PB 0x0000000085100000| Complete |  0
|   6|0x0000000085200000, 0x0000000085300000, 0x0000000085300000|100%|HC|  |TAMS 0x0000000085200000| PB 0x0000000085200000| Complete |  0
|   7|0x0000000085300000, 0x0000000085400000, 0x0000000085400000|100%|HC|  |TAMS 0x0000000085300000| PB 0x0000000085300000| Complete |  0
|   8|0x0000000085400000, 0x0000000085500000, 0x0000000085500000|100%|HC|  |TAMS 0x0000000085400000| PB 0x0000000085400000| Complete |  0
|   9|0x0000000085500000, 0x0000000085600000, 0x0000000085600000|100%|HC|  |TAMS 0x0000000085500000| PB 0x0000000085500000| Complete |  0
|  10|0x0000000085600000, 0x0000000085700000, 0x0000000085700000|100%|HC|  |TAMS 0x0000000085600000| PB 0x0000000085600000| Complete |  0
|  11|0x0000000085700000, 0x0000000085800000, 0x0000000085800000|100%|HC|  |TAMS 0x0000000085700000| PB 0x0000000085700000| Complete |  0
|  12|0x0000000085800000, 0x0000000085900000, 0x0000000085900000|100%|HC|  |TAMS 0x0000000085800000| PB 0x0000000085800000| Complete |  0
|  13|0x0000000085900000, 0x0000000085a00000, 0x0000000085a00000|100%|HC|  |TAMS 0x0000000085900000| PB 0x0000000085900000| Complete |  0
|  14|0x0000000085a00000, 0x0000000085b00000, 0x0000000085b00000|100%|HC|  |TAMS 0x0000000085a00000| PB 0x0000000085a00000| Complete |  0
|  15|0x0000000085b00000, 0x0000000085c00000, 0x0000000085c00000|100%|HC|  |TAMS 0x0000000085b00000| PB 0x0000000085b00000| Complete |  0
|  16|0x0000000085c00000, 0x0000000085d00000, 0x0000000085d00000|100%|HC|  |TAMS 0x0000000085c00000| PB 0x0000000085c00000| Complete |  0
|  17|0x0000000085d00000, 0x0000000085e00000, 0x0000000085e00000|100%|HC|  |TAMS 0x0000000085d00000| PB 0x0000000085d00000| Complete |  0
|  18|0x0000000085e00000, 0x0000000085f00000, 0x0000000085f00000|100%|HC|  |TAMS 0x0000000085e00000| PB 0x0000000085e00000| Complete |  0
|  19|0x0000000085f00000, 0x0000000086000000, 0x0000000086000000|100%|HC|  |TAMS 0x0000000085f00000| PB 0x0000000085f00000| Complete |  0
|  20|0x0000000086000000, 0x0000000086100000, 0x0000000086100000|100%|HC|  |TAMS 0x0000000086000000| PB 0x0000000086000000| Complete |  0
|  21|0x0000000086100000, 0x0000000086200000, 0x0000000086200000|100%|HC|  |TAMS 0x0000000086100000| PB 0x0000000086100000| Complete |  0
|  22|0x0000000086200000, 0x0000000086300000, 0x0000000086300000|100%|HC|  |TAMS 0x0000000086200000| PB 0x0000000086200000| Complete |  0
|  23|0x0000000086300000, 0x0000000086400000, 0x0000000086400000|100%|HC|  |TAMS 0x0000000086300000| PB 0x0000000086300000| Complete |  0
|  24|0x0000000086400000, 0x0000000086500000, 0x0000000086500000|100%|HC|  |TAMS 0x0000000086400000| PB 0x0000000086400000| Complete |  0
|  25|0x0000000086500000, 0x0000000086600000, 0x0000000086600000|100%|HC|  |TAMS 0x0000000086500000| PB 0x0000000086500000| Complete |  0
|  26|0x0000000086600000, 0x0000000086700000, 0x0000000086700000|100%|HC|  |TAMS 0x0000000086600000| PB 0x0000000086600000| Complete |  0
|  27|0x0000000086700000, 0x0000000086800000, 0x0000000086800000|100%|HC|  |TAMS 0x0000000086700000| PB 0x0000000086700000| Complete |  0
|  28|0x0000000086800000, 0x0000000086900000, 0x0000000086900000|100%|HC|  |TAMS 0x0000000086800000| PB 0x0000000086800000| Complete |  0
|  29|0x0000000086900000, 0x0000000086a00000, 0x0000000086a00000|100%|HC|  |TAMS 0x0000000086900000| PB 0x0000000086900000| Complete |  0
|  30|0x0000000086a00000, 0x0000000086b00000, 0x0000000086b00000|100%|HS|  |TAMS 0x0000000086a00000| PB 0x0000000086a00000| Complete |  0
|  31|0x0000000086b00000, 0x0000000086c00000, 0x0000000086c00000|100%|HC|  |TAMS 0x0000000086b00000| PB 0x0000000086b00000| Complete |  0
|  32|0x0000000086c00000, 0x0000000086d00000, 0x0000000086d00000|100%|HC|  |TAMS 0x0000000086c00000| PB 0x0000000086c00000| Complete |  0
|  33|0x0000000086d00000, 0x0000000086e00000, 0x0000000086e00000|100%|HC|  |TAMS 0x0000000086d00000| PB 0x0000000086d00000| Complete |  0
|  34|0x0000000086e00000, 0x0000000086f00000, 0x0000000086f00000|100%|HC|  |TAMS 0x0000000086e00000| PB 0x0000000086e00000| Complete |  0
|  35|0x0000000086f00000, 0x0000000087000000, 0x0000000087000000|100%|HC|  |TAMS 0x0000000086f00000| PB 0x0000000086f00000| Complete |  0
|  36|0x0000000087000000, 0x0000000087100000, 0x0000000087100000|100%|HC|  |TAMS 0x0000000087000000| PB 0x0000000087000000| Complete |  0
|  37|0x0000000087100000, 0x0000000087200000, 0x0000000087200000|100%|HC|  |TAMS 0x0000000087100000| PB 0x0000000087100000| Complete |  0
|  38|0x0000000087200000, 0x0000000087300000, 0x0000000087300000|100%|HC|  |TAMS 0x0000000087200000| PB 0x0000000087200000| Complete |  0
|  39|0x0000000087300000, 0x0000000087400000, 0x0000000087400000|100%|HC|  |TAMS 0x0000000087300000| PB 0x0000000087300000| Complete |  0
|  40|0x0000000087400000, 0x0000000087500000, 0x0000000087500000|100%|HC|  |TAMS 0x0000000087400000| PB 0x0000000087400000| Complete |  0
|  41|0x0000000087500000, 0x0000000087600000, 0x0000000087600000|100%|HC|  |TAMS 0x0000000087500000| PB 0x0000000087500000| Complete |  0
|  42|0x0000000087600000, 0x0000000087700000, 0x0000000087700000|100%|HC|  |TAMS 0x0000000087600000| PB 0x0000000087600000| Complete |  0
|  43|0x0000000087700000, 0x0000000087800000, 0x0000000087800000|100%|HC|  |TAMS 0x0000000087700000| PB 0x0000000087700000| Complete |  0
|  44|0x0000000087800000, 0x0000000087900000, 0x0000000087900000|100%|HC|  |TAMS 0x0000000087800000| PB 0x0000000087800000| Complete |  0
|  45|0x0000000087900000, 0x0000000087a00000, 0x0000000087a00000|100%|HC|  |TAMS 0x0000000087900000| PB 0x0000000087900000| Complete |  0
|  46|0x0000000087a00000, 0x0000000087b00000, 0x0000000087b00000|100%|HC|  |TAMS 0x0000000087a00000| PB 0x0000000087a00000| Complete |  0
|  47|0x0000000087b00000, 0x0000000087c00000, 0x0000000087c00000|100%|HC|  |TAMS 0x0000000087b00000| PB 0x0000000087b00000| Complete |  0
|  48|0x0000000087c00000, 0x0000000087d00000, 0x0000000087d00000|100%|HC|  |TAMS 0x0000000087c00000| PB 0x0000000087c00000| Complete |  0
|  49|0x0000000087d00000, 0x0000000087e00000, 0x0000000087e00000|100%|HC|  |TAMS 0x0000000087d00000| PB 0x0000000087d00000| Complete |  0
|  50|0x0000000087e00000, 0x0000000087f00000, 0x0000000087f00000|100%|HC|  |TAMS 0x0000000087e00000| PB 0x0000000087e00000| Complete |  0
|  51|0x0000000087f00000, 0x0000000088000000, 0x0000000088000000|100%|HC|  |TAMS 0x0000000087f00000| PB 0x0000000087f00000| Complete |  0
|  52|0x0000000088000000, 0x0000000088100000, 0x0000000088100000|100%|HC|  |TAMS 0x0000000088000000| PB 0x0000000088000000| Complete |  0
|  53|0x0000000088100000, 0x0000000088200000, 0x0000000088200000|100%|HC|  |TAMS 0x0000000088100000| PB 0x0000000088100000| Complete |  0
|  54|0x0000000088200000, 0x0000000088300000, 0x0000000088300000|100%|HC|  |TAMS 0x0000000088200000| PB 0x0000000088200000| Complete |  0
|  55|0x0000000088300000, 0x0000000088400000, 0x0000000088400000|100%|HC|  |TAMS 0x0000000088300000| PB 0x0000000088300000| Complete |  0
|  56|0x0000000088400000, 0x0000000088500000, 0x0000000088500000|100%|HC|  |TAMS 0x0000000088400000| PB 0x0000000088400000| Complete |  0
|  57|0x0000000088500000, 0x0000000088600000, 0x0000000088600000|100%|HC|  |TAMS 0x0000000088500000| PB 0x0000000088500000| Complete |  0
|  58|0x0000000088600000, 0x0000000088700000, 0x0000000088700000|100%|HC|  |TAMS 0x0000000088600000| PB 0x0000000088600000| Complete |  0
|  59|0x0000000088700000, 0x0000000088800000, 0x0000000088800000|100%|HC|  |TAMS 0x0000000088700000| PB 0x0000000088700000| Complete |  0
|  60|0x0000000088800000, 0x0000000088900000, 0x0000000088900000|100%|HC|  |TAMS 0x0000000088800000| PB 0x0000000088800000| Complete |  0
|  61|0x0000000088900000, 0x0000000088a00000, 0x0000000088a00000|100%|HC|  |TAMS 0x0000000088900000| PB 0x0000000088900000| Complete |  0
|  62|0x0000000088a00000, 0x0000000088b00000, 0x0000000088b00000|100%|HC|  |TAMS 0x0000000088a00000| PB 0x0000000088a00000| Complete |  0
|  63|0x0000000088b00000, 0x0000000088c00000, 0x0000000088c00000|100%|HC|  |TAMS 0x0000000088b00000| PB 0x0000000088b00000| Complete |  0
|  64|0x0000000088c00000, 0x0000000088d00000, 0x0000000088d00000|100%|HC|  |TAMS 0x0000000088c00000| PB 0x0000000088c00000| Complete |  0
|  65|0x0000000088d00000, 0x0000000088e00000, 0x0000000088e00000|100%|HC|  |TAMS 0x0000000088d00000| PB 0x0000000088d00000| Complete |  0
|  66|0x0000000088e00000, 0x0000000088f00000, 0x0000000088f00000|100%|HC|  |TAMS 0x0000000088e00000| PB 0x0000000088e00000| Complete |  0
|  67|0x0000000088f00000, 0x0000000089000000, 0x0000000089000000|100%|HC|  |TAMS 0x0000000088f00000| PB 0x0000000088f00000| Complete |  0
|  68|0x0000000089000000, 0x0000000089100000, 0x0000000089100000|100%|HC|  |TAMS 0x0000000089000000| PB 0x0000000089000000| Complete |  0
|  69|0x0000000089100000, 0x0000000089200000, 0x0000000089200000|100%|HC|  |TAMS 0x0000000089100000| PB 0x0000000089100000| Complete |  0
|  70|0x0000000089200000, 0x0000000089300000, 0x0000000089300000|100%| O|  |TAMS 0x0000000089200000| PB 0x0000000089200000| Untracked |  0
|  71|0x0000000089300000, 0x0000000089400000, 0x0000000089400000|100%| O|  |TAMS 0x0000000089300000| PB 0x0000000089300000| Untracked |  0
|  72|0x0000000089400000, 0x0000000089500000, 0x0000000089500000|100%| O|  |TAMS 0x0000000089400000| PB 0x0000000089400000| Untracked |  0
|  73|0x0000000089500000, 0x0000000089600000, 0x0000000089600000|100%| O|  |TAMS 0x0000000089500000| PB 0x0000000089500000| Untracked |  0
|  74|0x0000000089600000, 0x0000000089700000, 0x0000000089700000|100%| O|  |TAMS 0x0000000089600000| PB 0x0000000089600000| Untracked |  0
|  75|0x0000000089700000, 0x0000000089800000, 0x0000000089800000|100%| O|  |TAMS 0x0000000089700000| PB 0x0000000089700000| Untracked |  0
|  76|0x0000000089800000, 0x0000000089800000, 0x0000000089900000|  0%| F|  |TAMS 0x0000000089800000| PB 0x0000000089800000| Untracked |  0
|  77|0x0000000089900000, 0x0000000089a00000, 0x0000000089a00000|100%|HS|  |TAMS 0x0000000089900000| PB 0x0000000089900000| Complete |  0
|  78|0x0000000089a00000, 0x0000000089b00000, 0x0000000089b00000|100%|HC|  |TAMS 0x0000000089a00000| PB 0x0000000089a00000| Complete |  0
|  79|0x0000000089b00000, 0x0000000089c00000, 0x0000000089c00000|100%|HS|  |TAMS 0x0000000089b00000| PB 0x0000000089b00000| Complete |  0
|  80|0x0000000089c00000, 0x0000000089d00000, 0x0000000089d00000|100%|HC|  |TAMS 0x0000000089c00000| PB 0x0000000089c00000| Complete |  0
|  81|0x0000000089d00000, 0x0000000089e00000, 0x0000000089e00000|100%|HS|  |TAMS 0x0000000089d00000| PB 0x0000000089d00000| Complete |  0
|  82|0x0000000089e00000, 0x0000000089f00000, 0x0000000089f00000|100%|HC|  |TAMS 0x0000000089e00000| PB 0x0000000089e00000| Complete |  0
|  83|0x0000000089f00000, 0x000000008a000000, 0x000000008a000000|100%|HS|  |TAMS 0x0000000089f00000| PB 0x0000000089f00000| Complete |  0
|  84|0x000000008a000000, 0x000000008a100000, 0x000000008a100000|100%|HC|  |TAMS 0x000000008a000000| PB 0x000000008a000000| Complete |  0
|  85|0x000000008a100000, 0x000000008a200000, 0x000000008a200000|100%|HS|  |TAMS 0x000000008a100000| PB 0x000000008a100000| Complete |  0
|  86|0x000000008a200000, 0x000000008a300000, 0x000000008a300000|100%|HC|  |TAMS 0x000000008a200000| PB 0x000000008a200000| Complete |  0
|  87|0x000000008a300000, 0x000000008a400000, 0x000000008a400000|100%|HS|  |TAMS 0x000000008a300000| PB 0x000000008a300000| Complete |  0
|  88|0x000000008a400000, 0x000000008a500000, 0x000000008a500000|100%|HC|  |TAMS 0x000000008a400000| PB 0x000000008a400000| Complete |  0
|  89|0x000000008a500000, 0x000000008a500000, 0x000000008a600000|  0%| F|  |TAMS 0x000000008a500000| PB 0x000000008a500000| Untracked |  0
|  90|0x000000008a600000, 0x000000008a600000, 0x000000008a700000|  0%| F|  |TAMS 0x000000008a600000| PB 0x000000008a600000| Untracked |  0
|  91|0x000000008a700000, 0x000000008a700000, 0x000000008a800000|  0%| F|  |TAMS 0x000000008a700000| PB 0x000000008a700000| Untracked |  0
|  92|0x000000008a800000, 0x000000008a800000, 0x000000008a900000|  0%| F|  |TAMS 0x000000008a800000| PB 0x000000008a800000| Untracked |  0
|  93|0x000000008a900000, 0x000000008a900000, 0x000000008aa00000|  0%| F|  |TAMS 0x000000008a900000| PB 0x000000008a900000| Untracked |  0
|  94|0x000000008aa00000, 0x000000008aa00000, 0x000000008ab00000|  0%| F|  |TAMS 0x000000008aa00000| PB 0x000000008aa00000| Untracked |  0
|  95|0x000000008ab00000, 0x000000008ab00000, 0x000000008ac00000|  0%| F|  |TAMS 0x000000008ab00000| PB 0x000000008ab00000| Untracked |  0
|  96|0x000000008ac00000, 0x000000008ad00000, 0x000000008ad00000|100%| O|  |TAMS 0x000000008ac00000| PB 0x000000008ac00000| Untracked |  0
|  97|0x000000008ad00000, 0x000000008ad00000, 0x000000008ae00000|  0%| F|  |TAMS 0x000000008ad00000| PB 0x000000008ad00000| Untracked |  0
|  98|0x000000008ae00000, 0x000000008ae00000, 0x000000008af00000|  0%| F|  |TAMS 0x000000008ae00000| PB 0x000000008ae00000| Untracked |  0
|  99|0x000000008af00000, 0x000000008b000000, 0x000000008b000000|100%|HS|  |TAMS 0x000000008af00000| PB 0x000000008af00000| Complete |  0
| 100|0x000000008b000000, 0x000000008b100000, 0x000000008b100000|100%|HC|  |TAMS 0x000000008b000000| PB 0x000000008b000000| Complete |  0
| 101|0x000000008b100000, 0x000000008b100000, 0x000000008b200000|  0%| F|  |TAMS 0x000000008b100000| PB 0x000000008b100000| Untracked |  0
| 102|0x000000008b200000, 0x000000008b200000, 0x000000008b300000|  0%| F|  |TAMS 0x000000008b200000| PB 0x000000008b200000| Untracked |  0
| 103|0x000000008b300000, 0x000000008b400000, 0x000000008b400000|100%|HS|  |TAMS 0x000000008b300000| PB 0x000000008b300000| Complete |  0
| 104|0x000000008b400000, 0x000000008b500000, 0x000000008b500000|100%|HC|  |TAMS 0x000000008b400000| PB 0x000000008b400000| Complete |  0
| 105|0x000000008b500000, 0x000000008b500000, 0x000000008b600000|  0%| F|  |TAMS 0x000000008b500000| PB 0x000000008b500000| Untracked |  0
| 106|0x000000008b600000, 0x000000008b600000, 0x000000008b700000|  0%| F|  |TAMS 0x000000008b600000| PB 0x000000008b600000| Untracked |  0
| 107|0x000000008b700000, 0x000000008b800000, 0x000000008b800000|100%|HS|  |TAMS 0x000000008b700000| PB 0x000000008b700000| Complete |  0
| 108|0x000000008b800000, 0x000000008b900000, 0x000000008b900000|100%|HC|  |TAMS 0x000000008b800000| PB 0x000000008b800000| Complete |  0
| 109|0x000000008b900000, 0x000000008b900000, 0x000000008ba00000|  0%| F|  |TAMS 0x000000008b900000| PB 0x000000008b900000| Untracked |  0
| 110|0x000000008ba00000, 0x000000008ba00000, 0x000000008bb00000|  0%| F|  |TAMS 0x000000008ba00000| PB 0x000000008ba00000| Untracked |  0
| 111|0x000000008bb00000, 0x000000008bb00000, 0x000000008bc00000|  0%| F|  |TAMS 0x000000008bb00000| PB 0x000000008bb00000| Untracked |  0
| 112|0x000000008bc00000, 0x000000008bc00000, 0x000000008bd00000|  0%| F|  |TAMS 0x000000008bc00000| PB 0x000000008bc00000| Untracked |  0
| 113|0x000000008bd00000, 0x000000008bd00000, 0x000000008be00000|  0%| F|  |TAMS 0x000000008bd00000| PB 0x000000008bd00000| Untracked |  0
| 114|0x000000008be00000, 0x000000008be00000, 0x000000008bf00000|  0%| F|  |TAMS 0x000000008be00000| PB 0x000000008be00000| Untracked |  0
| 115|0x000000008bf00000, 0x000000008bf00000, 0x000000008c000000|  0%| F|  |TAMS 0x000000008bf00000| PB 0x000000008bf00000| Untracked |  0
| 116|0x000000008c000000, 0x000000008c100000, 0x000000008c100000|100%|HS|  |TAMS 0x000000008c000000| PB 0x000000008c000000| Complete |  0
| 117|0x000000008c100000, 0x000000008c200000, 0x000000008c200000|100%|HC|  |TAMS 0x000000008c100000| PB 0x000000008c100000| Complete |  0
| 118|0x000000008c200000, 0x000000008c200000, 0x000000008c300000|  0%| F|  |TAMS 0x000000008c200000| PB 0x000000008c200000| Untracked |  0
| 119|0x000000008c300000, 0x000000008c300000, 0x000000008c400000|  0%| F|  |TAMS 0x000000008c300000| PB 0x000000008c300000| Untracked |  0
| 120|0x000000008c400000, 0x000000008c500000, 0x000000008c500000|100%|HS|  |TAMS 0x000000008c400000| PB 0x000000008c400000| Complete |  0
| 121|0x000000008c500000, 0x000000008c600000, 0x000000008c600000|100%|HC|  |TAMS 0x000000008c500000| PB 0x000000008c500000| Complete |  0
| 122|0x000000008c600000, 0x000000008c600000, 0x000000008c700000|  0%| F|  |TAMS 0x000000008c600000| PB 0x000000008c600000| Untracked |  0
| 123|0x000000008c700000, 0x000000008c700000, 0x000000008c800000|  0%| F|  |TAMS 0x000000008c700000| PB 0x000000008c700000| Untracked |  0
| 124|0x000000008c800000, 0x000000008c900000, 0x000000008c900000|100%|HS|  |TAMS 0x000000008c800000| PB 0x000000008c800000| Complete |  0
| 125|0x000000008c900000, 0x000000008ca00000, 0x000000008ca00000|100%|HC|  |TAMS 0x000000008c900000| PB 0x000000008c900000| Complete |  0
| 126|0x000000008ca00000, 0x000000008ca00000, 0x000000008cb00000|  0%| F|  |TAMS 0x000000008ca00000| PB 0x000000008ca00000| Untracked |  0
| 127|0x000000008cb00000, 0x000000008cb00000, 0x000000008cc00000|  0%| F|  |TAMS 0x000000008cb00000| PB 0x000000008cb00000| Untracked |  0
| 128|0x000000008cc00000, 0x000000008cc00000, 0x000000008cd00000|  0%| F|  |TAMS 0x000000008cc00000| PB 0x000000008cc00000| Untracked |  0
| 129|0x000000008cd00000, 0x000000008cd00000, 0x000000008ce00000|  0%| F|  |TAMS 0x000000008cd00000| PB 0x000000008cd00000| Untracked |  0
| 130|0x000000008ce00000, 0x000000008ce00000, 0x000000008cf00000|  0%| F|  |TAMS 0x000000008ce00000| PB 0x000000008ce00000| Untracked |  0
| 131|0x000000008cf00000, 0x000000008cf00000, 0x000000008d000000|  0%| F|  |TAMS 0x000000008cf00000| PB 0x000000008cf00000| Untracked |  0
| 132|0x000000008d000000, 0x000000008d000000, 0x000000008d100000|  0%| F|  |TAMS 0x000000008d000000| PB 0x000000008d000000| Untracked |  0
| 133|0x000000008d100000, 0x000000008d100000, 0x000000008d200000|  0%| F|  |TAMS 0x000000008d100000| PB 0x000000008d100000| Untracked |  0
| 134|0x000000008d200000, 0x000000008d200000, 0x000000008d300000|  0%| F|  |TAMS 0x000000008d200000| PB 0x000000008d200000| Untracked |  0
| 135|0x000000008d300000, 0x000000008d300000, 0x000000008d400000|  0%| F|  |TAMS 0x000000008d300000| PB 0x000000008d300000| Untracked |  0
| 136|0x000000008d400000, 0x000000008d400000, 0x000000008d500000|  0%| F|  |TAMS 0x000000008d400000| PB 0x000000008d400000| Untracked |  0
| 137|0x000000008d500000, 0x000000008d600000, 0x000000008d600000|100%|HS|  |TAMS 0x000000008d500000| PB 0x000000008d500000| Complete |  0
| 138|0x000000008d600000, 0x000000008d700000, 0x000000008d700000|100%|HC|  |TAMS 0x000000008d600000| PB 0x000000008d600000| Complete |  0
| 139|0x000000008d700000, 0x000000008d800000, 0x000000008d800000|100%|HS|  |TAMS 0x000000008d700000| PB 0x000000008d700000| Complete |  0
| 140|0x000000008d800000, 0x000000008d900000, 0x000000008d900000|100%|HC|  |TAMS 0x000000008d800000| PB 0x000000008d800000| Complete |  0
| 141|0x000000008d900000, 0x000000008da00000, 0x000000008da00000|100%|HS|  |TAMS 0x000000008d900000| PB 0x000000008d900000| Complete |  0
| 142|0x000000008da00000, 0x000000008db00000, 0x000000008db00000|100%|HC|  |TAMS 0x000000008da00000| PB 0x000000008da00000| Complete |  0
| 143|0x000000008db00000, 0x000000008db00000, 0x000000008dc00000|  0%| F|  |TAMS 0x000000008db00000| PB 0x000000008db00000| Untracked |  0
| 144|0x000000008dc00000, 0x000000008dc00000, 0x000000008dd00000|  0%| F|  |TAMS 0x000000008dc00000| PB 0x000000008dc00000| Untracked |  0
| 145|0x000000008dd00000, 0x000000008dd00000, 0x000000008de00000|  0%| F|  |TAMS 0x000000008dd00000| PB 0x000000008dd00000| Untracked |  0
| 146|0x000000008de00000, 0x000000008de00000, 0x000000008df00000|  0%| F|  |TAMS 0x000000008de00000| PB 0x000000008de00000| Untracked |  0
| 147|0x000000008df00000, 0x000000008df00000, 0x000000008e000000|  0%| F|  |TAMS 0x000000008df00000| PB 0x000000008df00000| Untracked |  0
| 148|0x000000008e000000, 0x000000008e000000, 0x000000008e100000|  0%| F|  |TAMS 0x000000008e000000| PB 0x000000008e000000| Untracked |  0
| 149|0x000000008e100000, 0x000000008e200000, 0x000000008e200000|100%|HS|  |TAMS 0x000000008e100000| PB 0x000000008e100000| Complete |  0
| 150|0x000000008e200000, 0x000000008e200000, 0x000000008e300000|  0%| F|  |TAMS 0x000000008e200000| PB 0x000000008e200000| Untracked |  0
| 151|0x000000008e300000, 0x000000008e300000, 0x000000008e400000|  0%| F|  |TAMS 0x000000008e300000| PB 0x000000008e300000| Untracked |  0
| 152|0x000000008e400000, 0x000000008e400000, 0x000000008e500000|  0%| F|  |TAMS 0x000000008e400000| PB 0x000000008e400000| Untracked |  0
| 153|0x000000008e500000, 0x000000008e500000, 0x000000008e600000|  0%| F|  |TAMS 0x000000008e500000| PB 0x000000008e500000| Untracked |  0
| 154|0x000000008e600000, 0x000000008e700000, 0x000000008e700000|100%|HS|  |TAMS 0x000000008e600000| PB 0x000000008e600000| Complete |  0
| 155|0x000000008e700000, 0x000000008e800000, 0x000000008e800000|100%|HC|  |TAMS 0x000000008e700000| PB 0x000000008e700000| Complete |  0
| 156|0x000000008e800000, 0x000000008e900000, 0x000000008e900000|100%|HS|  |TAMS 0x000000008e800000| PB 0x000000008e800000| Complete |  0
| 157|0x000000008e900000, 0x000000008ea00000, 0x000000008ea00000|100%|HC|  |TAMS 0x000000008e900000| PB 0x000000008e900000| Complete |  0
| 158|0x000000008ea00000, 0x000000008eb00000, 0x000000008eb00000|100%|HS|  |TAMS 0x000000008ea00000| PB 0x000000008ea00000| Complete |  0
| 159|0x000000008eb00000, 0x000000008ec00000, 0x000000008ec00000|100%|HC|  |TAMS 0x000000008eb00000| PB 0x000000008eb00000| Complete |  0
| 160|0x000000008ec00000, 0x000000008ec00000, 0x000000008ed00000|  0%| F|  |TAMS 0x000000008ec00000| PB 0x000000008ec00000| Untracked |  0
| 161|0x000000008ed00000, 0x000000008ed00000, 0x000000008ee00000|  0%| F|  |TAMS 0x000000008ed00000| PB 0x000000008ed00000| Untracked |  0
| 162|0x000000008ee00000, 0x000000008ee00000, 0x000000008ef00000|  0%| F|  |TAMS 0x000000008ee00000| PB 0x000000008ee00000| Untracked |  0
| 163|0x000000008ef00000, 0x000000008ef00000, 0x000000008f000000|  0%| F|  |TAMS 0x000000008ef00000| PB 0x000000008ef00000| Untracked |  0
| 164|0x000000008f000000, 0x000000008f000000, 0x000000008f100000|  0%| F|  |TAMS 0x000000008f000000| PB 0x000000008f000000| Untracked |  0
| 165|0x000000008f100000, 0x000000008f100000, 0x000000008f200000|  0%| F|  |TAMS 0x000000008f100000| PB 0x000000008f100000| Untracked |  0
| 166|0x000000008f200000, 0x000000008f200000, 0x000000008f300000|  0%| F|  |TAMS 0x000000008f200000| PB 0x000000008f200000| Untracked |  0
| 167|0x000000008f300000, 0x000000008f300000, 0x000000008f400000|  0%| F|  |TAMS 0x000000008f300000| PB 0x000000008f300000| Untracked |  0
| 168|0x000000008f400000, 0x000000008f500000, 0x000000008f500000|100%|HS|  |TAMS 0x000000008f400000| PB 0x000000008f400000| Complete |  0
| 169|0x000000008f500000, 0x000000008f600000, 0x000000008f600000|100%|HC|  |TAMS 0x000000008f500000| PB 0x000000008f500000| Complete |  0
| 170|0x000000008f600000, 0x000000008f600000, 0x000000008f700000|  0%| F|  |TAMS 0x000000008f600000| PB 0x000000008f600000| Untracked |  0
| 171|0x000000008f700000, 0x000000008f700000, 0x000000008f800000|  0%| F|  |TAMS 0x000000008f700000| PB 0x000000008f700000| Untracked |  0
| 172|0x000000008f800000, 0x000000008f800000, 0x000000008f900000|  0%| F|  |TAMS 0x000000008f800000| PB 0x000000008f800000| Untracked |  0
| 173|0x000000008f900000, 0x000000008f900000, 0x000000008fa00000|  0%| F|  |TAMS 0x000000008f900000| PB 0x000000008f900000| Untracked |  0
| 174|0x000000008fa00000, 0x000000008fa00000, 0x000000008fb00000|  0%| F|  |TAMS 0x000000008fa00000| PB 0x000000008fa00000| Untracked |  0
| 175|0x000000008fb00000, 0x000000008fb00000, 0x000000008fc00000|  0%| F|  |TAMS 0x000000008fb00000| PB 0x000000008fb00000| Untracked |  0
| 176|0x000000008fc00000, 0x000000008fc00000, 0x000000008fd00000|  0%| F|  |TAMS 0x000000008fc00000| PB 0x000000008fc00000| Untracked |  0
| 177|0x000000008fd00000, 0x000000008fe00000, 0x000000008fe00000|100%|HS|  |TAMS 0x000000008fd00000| PB 0x000000008fd00000| Complete |  0
| 178|0x000000008fe00000, 0x000000008ff00000, 0x000000008ff00000|100%|HC|  |TAMS 0x000000008fe00000| PB 0x000000008fe00000| Complete |  0
| 179|0x000000008ff00000, 0x0000000090000000, 0x0000000090000000|100%|HS|  |TAMS 0x000000008ff00000| PB 0x000000008ff00000| Complete |  0
| 180|0x0000000090000000, 0x0000000090100000, 0x0000000090100000|100%|HC|  |TAMS 0x0000000090000000| PB 0x0000000090000000| Complete |  0
| 181|0x0000000090100000, 0x0000000090100000, 0x0000000090200000|  0%| F|  |TAMS 0x0000000090100000| PB 0x0000000090100000| Untracked |  0
| 182|0x0000000090200000, 0x0000000090200000, 0x0000000090300000|  0%| F|  |TAMS 0x0000000090200000| PB 0x0000000090200000| Untracked |  0
| 183|0x0000000090300000, 0x0000000090300000, 0x0000000090400000|  0%| F|  |TAMS 0x0000000090300000| PB 0x0000000090300000| Untracked |  0
| 184|0x0000000090400000, 0x0000000090400000, 0x0000000090500000|  0%| F|  |TAMS 0x0000000090400000| PB 0x0000000090400000| Untracked |  0
| 185|0x0000000090500000, 0x0000000090500000, 0x0000000090600000|  0%| F|  |TAMS 0x0000000090500000| PB 0x0000000090500000| Untracked |  0
| 186|0x0000000090600000, 0x0000000090600000, 0x0000000090700000|  0%| F|  |TAMS 0x0000000090600000| PB 0x0000000090600000| Untracked |  0
| 187|0x0000000090700000, 0x0000000090700000, 0x0000000090800000|  0%| F|  |TAMS 0x0000000090700000| PB 0x0000000090700000| Untracked |  0
| 188|0x0000000090800000, 0x0000000090900000, 0x0000000090900000|100%|HS|  |TAMS 0x0000000090800000| PB 0x0000000090800000| Complete |  0
| 189|0x0000000090900000, 0x0000000090a00000, 0x0000000090a00000|100%|HC|  |TAMS 0x0000000090900000| PB 0x0000000090900000| Complete |  0
| 190|0x0000000090a00000, 0x0000000090a00000, 0x0000000090b00000|  0%| F|  |TAMS 0x0000000090a00000| PB 0x0000000090a00000| Untracked |  0
| 191|0x0000000090b00000, 0x0000000090b00000, 0x0000000090c00000|  0%| F|  |TAMS 0x0000000090b00000| PB 0x0000000090b00000| Untracked |  0
| 192|0x0000000090c00000, 0x0000000090d00000, 0x0000000090d00000|100%|HS|  |TAMS 0x0000000090c00000| PB 0x0000000090c00000| Complete |  0
| 193|0x0000000090d00000, 0x0000000090e00000, 0x0000000090e00000|100%|HC|  |TAMS 0x0000000090d00000| PB 0x0000000090d00000| Complete |  0
| 194|0x0000000090e00000, 0x0000000090e00000, 0x0000000090f00000|  0%| F|  |TAMS 0x0000000090e00000| PB 0x0000000090e00000| Untracked |  0
| 195|0x0000000090f00000, 0x0000000090f00000, 0x0000000091000000|  0%| F|  |TAMS 0x0000000090f00000| PB 0x0000000090f00000| Untracked |  0
| 196|0x0000000091000000, 0x0000000091000000, 0x0000000091100000|  0%| F|  |TAMS 0x0000000091000000| PB 0x0000000091000000| Untracked |  0
| 197|0x0000000091100000, 0x0000000091100000, 0x0000000091200000|  0%| F|  |TAMS 0x0000000091100000| PB 0x0000000091100000| Untracked |  0
| 198|0x0000000091200000, 0x0000000091200000, 0x0000000091300000|  0%| F|  |TAMS 0x0000000091200000| PB 0x0000000091200000| Untracked |  0
| 199|0x0000000091300000, 0x0000000091400000, 0x0000000091400000|100%|HS|  |TAMS 0x0000000091300000| PB 0x0000000091300000| Complete |  0
| 200|0x0000000091400000, 0x0000000091500000, 0x0000000091500000|100%|HC|  |TAMS 0x0000000091400000| PB 0x0000000091400000| Complete |  0
| 201|0x0000000091500000, 0x0000000091500000, 0x0000000091600000|  0%| F|  |TAMS 0x0000000091500000| PB 0x0000000091500000| Untracked |  0
| 202|0x0000000091600000, 0x0000000091600000, 0x0000000091700000|  0%| F|  |TAMS 0x0000000091600000| PB 0x0000000091600000| Untracked |  0
| 203|0x0000000091700000, 0x0000000091700000, 0x0000000091800000|  0%| F|  |TAMS 0x0000000091700000| PB 0x0000000091700000| Untracked |  0
| 204|0x0000000091800000, 0x0000000091800000, 0x0000000091900000|  0%| F|  |TAMS 0x0000000091800000| PB 0x0000000091800000| Untracked |  0
| 205|0x0000000091900000, 0x0000000091a00000, 0x0000000091a00000|100%|HS|  |TAMS 0x0000000091900000| PB 0x0000000091900000| Complete |  0
| 206|0x0000000091a00000, 0x0000000091b00000, 0x0000000091b00000|100%|HC|  |TAMS 0x0000000091a00000| PB 0x0000000091a00000| Complete |  0
| 207|0x0000000091b00000, 0x0000000091b00000, 0x0000000091c00000|  0%| F|  |TAMS 0x0000000091b00000| PB 0x0000000091b00000| Untracked |  0
| 208|0x0000000091c00000, 0x0000000091c00000, 0x0000000091d00000|  0%| F|  |TAMS 0x0000000091c00000| PB 0x0000000091c00000| Untracked |  0
| 209|0x0000000091d00000, 0x0000000091d00000, 0x0000000091e00000|  0%| F|  |TAMS 0x0000000091d00000| PB 0x0000000091d00000| Untracked |  0
| 210|0x0000000091e00000, 0x0000000091f00000, 0x0000000091f00000|100%|HS|  |TAMS 0x0000000091e00000| PB 0x0000000091e00000| Complete |  0
| 211|0x0000000091f00000, 0x0000000092000000, 0x0000000092000000|100%|HC|  |TAMS 0x0000000091f00000| PB 0x0000000091f00000| Complete |  0
| 212|0x0000000092000000, 0x0000000092000000, 0x0000000092100000|  0%| F|  |TAMS 0x0000000092000000| PB 0x0000000092000000| Untracked |  0
| 213|0x0000000092100000, 0x0000000092100000, 0x0000000092200000|  0%| F|  |TAMS 0x0000000092100000| PB 0x0000000092100000| Untracked |  0
| 214|0x0000000092200000, 0x0000000092300000, 0x0000000092300000|100%|HS|  |TAMS 0x0000000092200000| PB 0x0000000092200000| Complete |  0
| 215|0x0000000092300000, 0x0000000092400000, 0x0000000092400000|100%|HC|  |TAMS 0x0000000092300000| PB 0x0000000092300000| Complete |  0
| 216|0x0000000092400000, 0x0000000092400000, 0x0000000092500000|  0%| F|  |TAMS 0x0000000092400000| PB 0x0000000092400000| Untracked |  0
| 217|0x0000000092500000, 0x0000000092500000, 0x0000000092600000|  0%| F|  |TAMS 0x0000000092500000| PB 0x0000000092500000| Untracked |  0
| 218|0x0000000092600000, 0x0000000092600000, 0x0000000092700000|  0%| F|  |TAMS 0x0000000092600000| PB 0x0000000092600000| Untracked |  0
| 219|0x0000000092700000, 0x0000000092700000, 0x0000000092800000|  0%| F|  |TAMS 0x0000000092700000| PB 0x0000000092700000| Untracked |  0
| 220|0x0000000092800000, 0x0000000092900000, 0x0000000092900000|100%|HS|  |TAMS 0x0000000092800000| PB 0x0000000092800000| Complete |  0
| 221|0x0000000092900000, 0x0000000092a00000, 0x0000000092a00000|100%|HC|  |TAMS 0x0000000092900000| PB 0x0000000092900000| Complete |  0
| 222|0x0000000092a00000, 0x0000000092b00000, 0x0000000092b00000|100%|HS|  |TAMS 0x0000000092a00000| PB 0x0000000092a00000| Complete |  0
| 223|0x0000000092b00000, 0x0000000092c00000, 0x0000000092c00000|100%|HC|  |TAMS 0x0000000092b00000| PB 0x0000000092b00000| Complete |  0
| 224|0x0000000092c00000, 0x0000000092d00000, 0x0000000092d00000|100%|HS|  |TAMS 0x0000000092c00000| PB 0x0000000092c00000| Complete |  0
| 225|0x0000000092d00000, 0x0000000092e00000, 0x0000000092e00000|100%|HC|  |TAMS 0x0000000092d00000| PB 0x0000000092d00000| Complete |  0
| 226|0x0000000092e00000, 0x0000000092e00000, 0x0000000092f00000|  0%| F|  |TAMS 0x0000000092e00000| PB 0x0000000092e00000| Untracked |  0
| 227|0x0000000092f00000, 0x0000000092f00000, 0x0000000093000000|  0%| F|  |TAMS 0x0000000092f00000| PB 0x0000000092f00000| Untracked |  0
| 228|0x0000000093000000, 0x0000000093000000, 0x0000000093100000|  0%| F|  |TAMS 0x0000000093000000| PB 0x0000000093000000| Untracked |  0
| 229|0x0000000093100000, 0x0000000093100000, 0x0000000093200000|  0%| F|  |TAMS 0x0000000093100000| PB 0x0000000093100000| Untracked |  0
| 230|0x0000000093200000, 0x0000000093200000, 0x0000000093300000|  0%| F|  |TAMS 0x0000000093200000| PB 0x0000000093200000| Untracked |  0
| 231|0x0000000093300000, 0x0000000093300000, 0x0000000093400000|  0%| F|  |TAMS 0x0000000093300000| PB 0x0000000093300000| Untracked |  0
| 232|0x0000000093400000, 0x0000000093400000, 0x0000000093500000|  0%| F|  |TAMS 0x0000000093400000| PB 0x0000000093400000| Untracked |  0
| 233|0x0000000093500000, 0x0000000093500000, 0x0000000093600000|  0%| F|  |TAMS 0x0000000093500000| PB 0x0000000093500000| Untracked |  0
| 234|0x0000000093600000, 0x0000000093700000, 0x0000000093700000|100%|HS|  |TAMS 0x0000000093600000| PB 0x0000000093600000| Complete |  0
| 235|0x0000000093700000, 0x0000000093800000, 0x0000000093800000|100%|HC|  |TAMS 0x0000000093700000| PB 0x0000000093700000| Complete |  0
| 236|0x0000000093800000, 0x0000000093800000, 0x0000000093900000|  0%| F|  |TAMS 0x0000000093800000| PB 0x0000000093800000| Untracked |  0
| 237|0x0000000093900000, 0x0000000093900000, 0x0000000093a00000|  0%| F|  |TAMS 0x0000000093900000| PB 0x0000000093900000| Untracked |  0
| 238|0x0000000093a00000, 0x0000000093a00000, 0x0000000093b00000|  0%| F|  |TAMS 0x0000000093a00000| PB 0x0000000093a00000| Untracked |  0
| 239|0x0000000093b00000, 0x0000000093b00000, 0x0000000093c00000|  0%| F|  |TAMS 0x0000000093b00000| PB 0x0000000093b00000| Untracked |  0
| 240|0x0000000093c00000, 0x0000000093c00000, 0x0000000093d00000|  0%| F|  |TAMS 0x0000000093c00000| PB 0x0000000093c00000| Untracked |  0
| 241|0x0000000093d00000, 0x0000000093d00000, 0x0000000093e00000|  0%| F|  |TAMS 0x0000000093d00000| PB 0x0000000093d00000| Untracked |  0
| 242|0x0000000093e00000, 0x0000000093e00000, 0x0000000093f00000|  0%| F|  |TAMS 0x0000000093e00000| PB 0x0000000093e00000| Untracked |  0
| 243|0x0000000093f00000, 0x0000000094000000, 0x0000000094000000|100%|HS|  |TAMS 0x0000000093f00000| PB 0x0000000093f00000| Complete |  0
| 244|0x0000000094000000, 0x0000000094100000, 0x0000000094100000|100%|HC|  |TAMS 0x0000000094000000| PB 0x0000000094000000| Complete |  0
| 245|0x0000000094100000, 0x0000000094200000, 0x0000000094200000|100%|HS|  |TAMS 0x0000000094100000| PB 0x0000000094100000| Complete |  0
| 246|0x0000000094200000, 0x0000000094300000, 0x0000000094300000|100%|HC|  |TAMS 0x0000000094200000| PB 0x0000000094200000| Complete |  0
| 247|0x0000000094300000, 0x0000000094300000, 0x0000000094400000|  0%| F|  |TAMS 0x0000000094300000| PB 0x0000000094300000| Untracked |  0
| 248|0x0000000094400000, 0x0000000094400000, 0x0000000094500000|  0%| F|  |TAMS 0x0000000094400000| PB 0x0000000094400000| Untracked |  0
| 249|0x0000000094500000, 0x0000000094500000, 0x0000000094600000|  0%| F|  |TAMS 0x0000000094500000| PB 0x0000000094500000| Untracked |  0
| 250|0x0000000094600000, 0x0000000094600000, 0x0000000094700000|  0%| F|  |TAMS 0x0000000094600000| PB 0x0000000094600000| Untracked |  0
| 251|0x0000000094700000, 0x0000000094700000, 0x0000000094800000|  0%| F|  |TAMS 0x0000000094700000| PB 0x0000000094700000| Untracked |  0
| 252|0x0000000094800000, 0x0000000094800000, 0x0000000094900000|  0%| F|  |TAMS 0x0000000094800000| PB 0x0000000094800000| Untracked |  0
| 253|0x0000000094900000, 0x0000000094900000, 0x0000000094a00000|  0%| F|  |TAMS 0x0000000094900000| PB 0x0000000094900000| Untracked |  0
| 254|0x0000000094a00000, 0x0000000094b00000, 0x0000000094b00000|100%|HS|  |TAMS 0x0000000094a00000| PB 0x0000000094a00000| Complete |  0
| 255|0x0000000094b00000, 0x0000000094b00000, 0x0000000094c00000|  0%| F|  |TAMS 0x0000000094b00000| PB 0x0000000094b00000| Untracked |  0
| 256|0x0000000094c00000, 0x0000000094c00000, 0x0000000094d00000|  0%| F|  |TAMS 0x0000000094c00000| PB 0x0000000094c00000| Untracked |  0
| 257|0x0000000094d00000, 0x0000000094e00000, 0x0000000094e00000|100%|HS|  |TAMS 0x0000000094d00000| PB 0x0000000094d00000| Complete |  0
| 258|0x0000000094e00000, 0x0000000094f00000, 0x0000000094f00000|100%|HC|  |TAMS 0x0000000094e00000| PB 0x0000000094e00000| Complete |  0
| 259|0x0000000094f00000, 0x0000000095000000, 0x0000000095000000|100%|HS|  |TAMS 0x0000000094f00000| PB 0x0000000094f00000| Complete |  0
| 260|0x0000000095000000, 0x0000000095100000, 0x0000000095100000|100%|HC|  |TAMS 0x0000000095000000| PB 0x0000000095000000| Complete |  0
| 261|0x0000000095100000, 0x0000000095200000, 0x0000000095200000|100%|HS|  |TAMS 0x0000000095100000| PB 0x0000000095100000| Complete |  0
| 262|0x0000000095200000, 0x0000000095300000, 0x0000000095300000|100%|HC|  |TAMS 0x0000000095200000| PB 0x0000000095200000| Complete |  0
| 263|0x0000000095300000, 0x0000000095300000, 0x0000000095400000|  0%| F|  |TAMS 0x0000000095300000| PB 0x0000000095300000| Untracked |  0
| 264|0x0000000095400000, 0x0000000095400000, 0x0000000095500000|  0%| F|  |TAMS 0x0000000095400000| PB 0x0000000095400000| Untracked |  0
| 265|0x0000000095500000, 0x0000000095500000, 0x0000000095600000|  0%| F|  |TAMS 0x0000000095500000| PB 0x0000000095500000| Untracked |  0
| 266|0x0000000095600000, 0x0000000095600000, 0x0000000095700000|  0%| F|  |TAMS 0x0000000095600000| PB 0x0000000095600000| Untracked |  0
| 267|0x0000000095700000, 0x0000000095800000, 0x0000000095800000|100%|HS|  |TAMS 0x0000000095700000| PB 0x0000000095700000| Complete |  0
| 268|0x0000000095800000, 0x0000000095900000, 0x0000000095900000|100%|HS|  |TAMS 0x0000000095800000| PB 0x0000000095800000| Complete |  0
| 269|0x0000000095900000, 0x0000000095a00000, 0x0000000095a00000|100%|HC|  |TAMS 0x0000000095900000| PB 0x0000000095900000| Complete |  0
| 270|0x0000000095a00000, 0x0000000095a00000, 0x0000000095b00000|  0%| F|  |TAMS 0x0000000095a00000| PB 0x0000000095a00000| Untracked |  0
| 271|0x0000000095b00000, 0x0000000095b00000, 0x0000000095c00000|  0%| F|  |TAMS 0x0000000095b00000| PB 0x0000000095b00000| Untracked |  0
| 272|0x0000000095c00000, 0x0000000095c00000, 0x0000000095d00000|  0%| F|  |TAMS 0x0000000095c00000| PB 0x0000000095c00000| Untracked |  0
| 273|0x0000000095d00000, 0x0000000095d00000, 0x0000000095e00000|  0%| F|  |TAMS 0x0000000095d00000| PB 0x0000000095d00000| Untracked |  0
| 274|0x0000000095e00000, 0x0000000095f00000, 0x0000000095f00000|100%|HS|  |TAMS 0x0000000095e00000| PB 0x0000000095e00000| Complete |  0
| 275|0x0000000095f00000, 0x0000000096000000, 0x0000000096000000|100%|HC|  |TAMS 0x0000000095f00000| PB 0x0000000095f00000| Complete |  0
| 276|0x0000000096000000, 0x0000000096000000, 0x0000000096100000|  0%| F|  |TAMS 0x0000000096000000| PB 0x0000000096000000| Untracked |  0
| 277|0x0000000096100000, 0x0000000096100000, 0x0000000096200000|  0%| F|  |TAMS 0x0000000096100000| PB 0x0000000096100000| Untracked |  0
| 278|0x0000000096200000, 0x0000000096300000, 0x0000000096300000|100%|HS|  |TAMS 0x0000000096200000| PB 0x0000000096200000| Complete |  0
| 279|0x0000000096300000, 0x0000000096400000, 0x0000000096400000|100%|HC|  |TAMS 0x0000000096300000| PB 0x0000000096300000| Complete |  0
| 280|0x0000000096400000, 0x0000000096500000, 0x0000000096500000|100%|HS|  |TAMS 0x0000000096400000| PB 0x0000000096400000| Complete |  0
| 281|0x0000000096500000, 0x0000000096600000, 0x0000000096600000|100%|HC|  |TAMS 0x0000000096500000| PB 0x0000000096500000| Complete |  0
| 282|0x0000000096600000, 0x0000000096600000, 0x0000000096700000|  0%| F|  |TAMS 0x0000000096600000| PB 0x0000000096600000| Untracked |  0
| 283|0x0000000096700000, 0x0000000096700000, 0x0000000096800000|  0%| F|  |TAMS 0x0000000096700000| PB 0x0000000096700000| Untracked |  0
| 284|0x0000000096800000, 0x0000000096800000, 0x0000000096900000|  0%| F|  |TAMS 0x0000000096800000| PB 0x0000000096800000| Untracked |  0
| 285|0x0000000096900000, 0x0000000096a00000, 0x0000000096a00000|100%|HS|  |TAMS 0x0000000096900000| PB 0x0000000096900000| Complete |  0
| 286|0x0000000096a00000, 0x0000000096b00000, 0x0000000096b00000|100%|HC|  |TAMS 0x0000000096a00000| PB 0x0000000096a00000| Complete |  0
| 287|0x0000000096b00000, 0x0000000096c00000, 0x0000000096c00000|100%|HS|  |TAMS 0x0000000096b00000| PB 0x0000000096b00000| Complete |  0
| 288|0x0000000096c00000, 0x0000000096d00000, 0x0000000096d00000|100%|HC|  |TAMS 0x0000000096c00000| PB 0x0000000096c00000| Complete |  0
| 289|0x0000000096d00000, 0x0000000096e00000, 0x0000000096e00000|100%|HS|  |TAMS 0x0000000096d00000| PB 0x0000000096d00000| Complete |  0
| 290|0x0000000096e00000, 0x0000000096f00000, 0x0000000096f00000|100%|HC|  |TAMS 0x0000000096e00000| PB 0x0000000096e00000| Complete |  0
| 291|0x0000000096f00000, 0x0000000097000000, 0x0000000097000000|100%|HS|  |TAMS 0x0000000096f00000| PB 0x0000000096f00000| Complete |  0
| 292|0x0000000097000000, 0x0000000097100000, 0x0000000097100000|100%|HC|  |TAMS 0x0000000097000000| PB 0x0000000097000000| Complete |  0
| 293|0x0000000097100000, 0x0000000097100000, 0x0000000097200000|  0%| F|  |TAMS 0x0000000097100000| PB 0x0000000097100000| Untracked |  0
| 294|0x0000000097200000, 0x0000000097200000, 0x0000000097300000|  0%| F|  |TAMS 0x0000000097200000| PB 0x0000000097200000| Untracked |  0
| 295|0x0000000097300000, 0x0000000097300000, 0x0000000097400000|  0%| F|  |TAMS 0x0000000097300000| PB 0x0000000097300000| Untracked |  0
| 296|0x0000000097400000, 0x0000000097400000, 0x0000000097500000|  0%| F|  |TAMS 0x0000000097400000| PB 0x0000000097400000| Untracked |  0
| 297|0x0000000097500000, 0x0000000097500000, 0x0000000097600000|  0%| F|  |TAMS 0x0000000097500000| PB 0x0000000097500000| Untracked |  0
| 298|0x0000000097600000, 0x0000000097600000, 0x0000000097700000|  0%| F|  |TAMS 0x0000000097600000| PB 0x0000000097600000| Untracked |  0
| 299|0x0000000097700000, 0x0000000097700000, 0x0000000097800000|  0%| F|  |TAMS 0x0000000097700000| PB 0x0000000097700000| Untracked |  0
| 300|0x0000000097800000, 0x0000000097800000, 0x0000000097900000|  0%| F|  |TAMS 0x0000000097800000| PB 0x0000000097800000| Untracked |  0
| 301|0x0000000097900000, 0x0000000097900000, 0x0000000097a00000|  0%| F|  |TAMS 0x0000000097900000| PB 0x0000000097900000| Untracked |  0
| 302|0x0000000097a00000, 0x0000000097a00000, 0x0000000097b00000|  0%| F|  |TAMS 0x0000000097a00000| PB 0x0000000097a00000| Untracked |  0
| 303|0x0000000097b00000, 0x0000000097b00000, 0x0000000097c00000|  0%| F|  |TAMS 0x0000000097b00000| PB 0x0000000097b00000| Untracked |  0
| 304|0x0000000097c00000, 0x0000000097c00000, 0x0000000097d00000|  0%| F|  |TAMS 0x0000000097c00000| PB 0x0000000097c00000| Untracked |  0
| 305|0x0000000097d00000, 0x0000000097d00000, 0x0000000097e00000|  0%| F|  |TAMS 0x0000000097d00000| PB 0x0000000097d00000| Untracked |  0
| 306|0x0000000097e00000, 0x0000000097e00000, 0x0000000097f00000|  0%| F|  |TAMS 0x0000000097e00000| PB 0x0000000097e00000| Untracked |  0
| 307|0x0000000097f00000, 0x0000000097f00000, 0x0000000098000000|  0%| F|  |TAMS 0x0000000097f00000| PB 0x0000000097f00000| Untracked |  0
| 308|0x0000000098000000, 0x0000000098000000, 0x0000000098100000|  0%| F|  |TAMS 0x0000000098000000| PB 0x0000000098000000| Untracked |  0
| 309|0x0000000098100000, 0x0000000098100000, 0x0000000098200000|  0%| F|  |TAMS 0x0000000098100000| PB 0x0000000098100000| Untracked |  0
| 310|0x0000000098200000, 0x0000000098200000, 0x0000000098300000|  0%| F|  |TAMS 0x0000000098200000| PB 0x0000000098200000| Untracked |  0
| 311|0x0000000098300000, 0x0000000098300000, 0x0000000098400000|  0%| F|  |TAMS 0x0000000098300000| PB 0x0000000098300000| Untracked |  0
| 312|0x0000000098400000, 0x0000000098400000, 0x0000000098500000|  0%| F|  |TAMS 0x0000000098400000| PB 0x0000000098400000| Untracked |  0
| 313|0x0000000098500000, 0x0000000098500000, 0x0000000098600000|  0%| F|  |TAMS 0x0000000098500000| PB 0x0000000098500000| Untracked |  0
| 314|0x0000000098600000, 0x0000000098600000, 0x0000000098700000|  0%| F|  |TAMS 0x0000000098600000| PB 0x0000000098600000| Untracked |  0
| 315|0x0000000098700000, 0x0000000098700000, 0x0000000098800000|  0%| F|  |TAMS 0x0000000098700000| PB 0x0000000098700000| Untracked |  0
| 316|0x0000000098800000, 0x0000000098800000, 0x0000000098900000|  0%| F|  |TAMS 0x0000000098800000| PB 0x0000000098800000| Untracked |  0
| 317|0x0000000098900000, 0x0000000098900000, 0x0000000098a00000|  0%| F|  |TAMS 0x0000000098900000| PB 0x0000000098900000| Untracked |  0
| 318|0x0000000098a00000, 0x0000000098a00000, 0x0000000098b00000|  0%| F|  |TAMS 0x0000000098a00000| PB 0x0000000098a00000| Untracked |  0
| 319|0x0000000098b00000, 0x0000000098b00000, 0x0000000098c00000|  0%| F|  |TAMS 0x0000000098b00000| PB 0x0000000098b00000| Untracked |  0
| 320|0x0000000098c00000, 0x0000000098c00000, 0x0000000098d00000|  0%| F|  |TAMS 0x0000000098c00000| PB 0x0000000098c00000| Untracked |  0
| 321|0x0000000098d00000, 0x0000000098d00000, 0x0000000098e00000|  0%| F|  |TAMS 0x0000000098d00000| PB 0x0000000098d00000| Untracked |  0
| 322|0x0000000098e00000, 0x0000000098e00000, 0x0000000098f00000|  0%| F|  |TAMS 0x0000000098e00000| PB 0x0000000098e00000| Untracked |  0
| 323|0x0000000098f00000, 0x0000000098f00000, 0x0000000099000000|  0%| F|  |TAMS 0x0000000098f00000| PB 0x0000000098f00000| Untracked |  0
| 324|0x0000000099000000, 0x0000000099000000, 0x0000000099100000|  0%| F|  |TAMS 0x0000000099000000| PB 0x0000000099000000| Untracked |  0
| 325|0x0000000099100000, 0x0000000099100000, 0x0000000099200000|  0%| F|  |TAMS 0x0000000099100000| PB 0x0000000099100000| Untracked |  0
| 326|0x0000000099200000, 0x0000000099200000, 0x0000000099300000|  0%| F|  |TAMS 0x0000000099200000| PB 0x0000000099200000| Untracked |  0
| 327|0x0000000099300000, 0x0000000099300000, 0x0000000099400000|  0%| F|  |TAMS 0x0000000099300000| PB 0x0000000099300000| Untracked |  0
| 328|0x0000000099400000, 0x0000000099400000, 0x0000000099500000|  0%| F|  |TAMS 0x0000000099400000| PB 0x0000000099400000| Untracked |  0
| 329|0x0000000099500000, 0x0000000099500000, 0x0000000099600000|  0%| F|  |TAMS 0x0000000099500000| PB 0x0000000099500000| Untracked |  0
| 330|0x0000000099600000, 0x0000000099600000, 0x0000000099700000|  0%| F|  |TAMS 0x0000000099600000| PB 0x0000000099600000| Untracked |  0
| 331|0x0000000099700000, 0x0000000099700000, 0x0000000099800000|  0%| F|  |TAMS 0x0000000099700000| PB 0x0000000099700000| Untracked |  0
| 332|0x0000000099800000, 0x0000000099800000, 0x0000000099900000|  0%| F|  |TAMS 0x0000000099800000| PB 0x0000000099800000| Untracked |  0
| 333|0x0000000099900000, 0x0000000099900000, 0x0000000099a00000|  0%| F|  |TAMS 0x0000000099900000| PB 0x0000000099900000| Untracked |  0
| 334|0x0000000099a00000, 0x0000000099a00000, 0x0000000099b00000|  0%| F|  |TAMS 0x0000000099a00000| PB 0x0000000099a00000| Untracked |  0
| 335|0x0000000099b00000, 0x0000000099b00000, 0x0000000099c00000|  0%| F|  |TAMS 0x0000000099b00000| PB 0x0000000099b00000| Untracked |  0
| 336|0x0000000099c00000, 0x0000000099c00000, 0x0000000099d00000|  0%| F|  |TAMS 0x0000000099c00000| PB 0x0000000099c00000| Untracked |  0
| 337|0x0000000099d00000, 0x0000000099d00000, 0x0000000099e00000|  0%| F|  |TAMS 0x0000000099d00000| PB 0x0000000099d00000| Untracked |  0
| 338|0x0000000099e00000, 0x0000000099e00000, 0x0000000099f00000|  0%| F|  |TAMS 0x0000000099e00000| PB 0x0000000099e00000| Untracked |  0
| 339|0x0000000099f00000, 0x0000000099f00000, 0x000000009a000000|  0%| F|  |TAMS 0x0000000099f00000| PB 0x0000000099f00000| Untracked |  0
| 340|0x000000009a000000, 0x000000009a000000, 0x000000009a100000|  0%| F|  |TAMS 0x000000009a000000| PB 0x000000009a000000| Untracked |  0
| 341|0x000000009a100000, 0x000000009a100000, 0x000000009a200000|  0%| F|  |TAMS 0x000000009a100000| PB 0x000000009a100000| Untracked |  0
| 342|0x000000009a200000, 0x000000009a200000, 0x000000009a300000|  0%| F|  |TAMS 0x000000009a200000| PB 0x000000009a200000| Untracked |  0
| 343|0x000000009a300000, 0x000000009a300000, 0x000000009a400000|  0%| F|  |TAMS 0x000000009a300000| PB 0x000000009a300000| Untracked |  0
| 344|0x000000009a400000, 0x000000009a400000, 0x000000009a500000|  0%| F|  |TAMS 0x000000009a400000| PB 0x000000009a400000| Untracked |  0
| 345|0x000000009a500000, 0x000000009a500000, 0x000000009a600000|  0%| F|  |TAMS 0x000000009a500000| PB 0x000000009a500000| Untracked |  0
| 346|0x000000009a600000, 0x000000009a600000, 0x000000009a700000|  0%| F|  |TAMS 0x000000009a600000| PB 0x000000009a600000| Untracked |  0
| 347|0x000000009a700000, 0x000000009a700000, 0x000000009a800000|  0%| F|  |TAMS 0x000000009a700000| PB 0x000000009a700000| Untracked |  0
| 348|0x000000009a800000, 0x000000009a800000, 0x000000009a900000|  0%| F|  |TAMS 0x000000009a800000| PB 0x000000009a800000| Untracked |  0
| 349|0x000000009a900000, 0x000000009a900000, 0x000000009aa00000|  0%| F|  |TAMS 0x000000009a900000| PB 0x000000009a900000| Untracked |  0
| 350|0x000000009aa00000, 0x000000009aa00000, 0x000000009ab00000|  0%| F|  |TAMS 0x000000009aa00000| PB 0x000000009aa00000| Untracked |  0
| 351|0x000000009ab00000, 0x000000009ab00000, 0x000000009ac00000|  0%| F|  |TAMS 0x000000009ab00000| PB 0x000000009ab00000| Untracked |  0
| 352|0x000000009ac00000, 0x000000009ac00000, 0x000000009ad00000|  0%| F|  |TAMS 0x000000009ac00000| PB 0x000000009ac00000| Untracked |  0
| 353|0x000000009ad00000, 0x000000009ad00000, 0x000000009ae00000|  0%| F|  |TAMS 0x000000009ad00000| PB 0x000000009ad00000| Untracked |  0
| 354|0x000000009ae00000, 0x000000009ae00000, 0x000000009af00000|  0%| F|  |TAMS 0x000000009ae00000| PB 0x000000009ae00000| Untracked |  0
| 355|0x000000009af00000, 0x000000009af00000, 0x000000009b000000|  0%| F|  |TAMS 0x000000009af00000| PB 0x000000009af00000| Untracked |  0
| 356|0x000000009b000000, 0x000000009b000000, 0x000000009b100000|  0%| F|  |TAMS 0x000000009b000000| PB 0x000000009b000000| Untracked |  0
| 357|0x000000009b100000, 0x000000009b100000, 0x000000009b200000|  0%| F|  |TAMS 0x000000009b100000| PB 0x000000009b100000| Untracked |  0
| 358|0x000000009b200000, 0x000000009b200000, 0x000000009b300000|  0%| F|  |TAMS 0x000000009b200000| PB 0x000000009b200000| Untracked |  0
| 359|0x000000009b300000, 0x000000009b300000, 0x000000009b400000|  0%| F|  |TAMS 0x000000009b300000| PB 0x000000009b300000| Untracked |  0
| 360|0x000000009b400000, 0x000000009b400000, 0x000000009b500000|  0%| F|  |TAMS 0x000000009b400000| PB 0x000000009b400000| Untracked |  0
| 361|0x000000009b500000, 0x000000009b500000, 0x000000009b600000|  0%| F|  |TAMS 0x000000009b500000| PB 0x000000009b500000| Untracked |  0
| 362|0x000000009b600000, 0x000000009b600000, 0x000000009b700000|  0%| F|  |TAMS 0x000000009b600000| PB 0x000000009b600000| Untracked |  0
| 363|0x000000009b700000, 0x000000009b700000, 0x000000009b800000|  0%| F|  |TAMS 0x000000009b700000| PB 0x000000009b700000| Untracked |  0
| 364|0x000000009b800000, 0x000000009b800000, 0x000000009b900000|  0%| F|  |TAMS 0x000000009b800000| PB 0x000000009b800000| Untracked |  0
| 365|0x000000009b900000, 0x000000009b900000, 0x000000009ba00000|  0%| F|  |TAMS 0x000000009b900000| PB 0x000000009b900000| Untracked |  0
| 366|0x000000009ba00000, 0x000000009ba00000, 0x000000009bb00000|  0%| F|  |TAMS 0x000000009ba00000| PB 0x000000009ba00000| Untracked |  0
| 367|0x000000009bb00000, 0x000000009bb00000, 0x000000009bc00000|  0%| F|  |TAMS 0x000000009bb00000| PB 0x000000009bb00000| Untracked |  0
| 368|0x000000009bc00000, 0x000000009bc00000, 0x000000009bd00000|  0%| F|  |TAMS 0x000000009bc00000| PB 0x000000009bc00000| Untracked |  0
| 369|0x000000009bd00000, 0x000000009bd00000, 0x000000009be00000|  0%| F|  |TAMS 0x000000009bd00000| PB 0x000000009bd00000| Untracked |  0
| 370|0x000000009be00000, 0x000000009be00000, 0x000000009bf00000|  0%| F|  |TAMS 0x000000009be00000| PB 0x000000009be00000| Untracked |  0
| 371|0x000000009bf00000, 0x000000009bf00000, 0x000000009c000000|  0%| F|  |TAMS 0x000000009bf00000| PB 0x000000009bf00000| Untracked |  0
| 372|0x000000009c000000, 0x000000009c000000, 0x000000009c100000|  0%| F|  |TAMS 0x000000009c000000| PB 0x000000009c000000| Untracked |  0
| 373|0x000000009c100000, 0x000000009c100000, 0x000000009c200000|  0%| F|  |TAMS 0x000000009c100000| PB 0x000000009c100000| Untracked |  0
| 374|0x000000009c200000, 0x000000009c200000, 0x000000009c300000|  0%| F|  |TAMS 0x000000009c200000| PB 0x000000009c200000| Untracked |  0
| 375|0x000000009c300000, 0x000000009c300000, 0x000000009c400000|  0%| F|  |TAMS 0x000000009c300000| PB 0x000000009c300000| Untracked |  0
| 376|0x000000009c400000, 0x000000009c400000, 0x000000009c500000|  0%| F|  |TAMS 0x000000009c400000| PB 0x000000009c400000| Untracked |  0
| 377|0x000000009c500000, 0x000000009c500000, 0x000000009c600000|  0%| F|  |TAMS 0x000000009c500000| PB 0x000000009c500000| Untracked |  0
| 378|0x000000009c600000, 0x000000009c600000, 0x000000009c700000|  0%| F|  |TAMS 0x000000009c600000| PB 0x000000009c600000| Untracked |  0
| 379|0x000000009c700000, 0x000000009c700000, 0x000000009c800000|  0%| F|  |TAMS 0x000000009c700000| PB 0x000000009c700000| Untracked |  0
| 380|0x000000009c800000, 0x000000009c800000, 0x000000009c900000|  0%| F|  |TAMS 0x000000009c800000| PB 0x000000009c800000| Untracked |  0
| 381|0x000000009c900000, 0x000000009c900000, 0x000000009ca00000|  0%| F|  |TAMS 0x000000009c900000| PB 0x000000009c900000| Untracked |  0
| 382|0x000000009ca00000, 0x000000009ca00000, 0x000000009cb00000|  0%| F|  |TAMS 0x000000009ca00000| PB 0x000000009ca00000| Untracked |  0
| 383|0x000000009cb00000, 0x000000009cb00000, 0x000000009cc00000|  0%| F|  |TAMS 0x000000009cb00000| PB 0x000000009cb00000| Untracked |  0
| 384|0x000000009cc00000, 0x000000009cc00000, 0x000000009cd00000|  0%| F|  |TAMS 0x000000009cc00000| PB 0x000000009cc00000| Untracked |  0
| 385|0x000000009cd00000, 0x000000009cd00000, 0x000000009ce00000|  0%| F|  |TAMS 0x000000009cd00000| PB 0x000000009cd00000| Untracked |  0
| 386|0x000000009ce00000, 0x000000009ce00000, 0x000000009cf00000|  0%| F|  |TAMS 0x000000009ce00000| PB 0x000000009ce00000| Untracked |  0
| 387|0x000000009cf00000, 0x000000009cf00000, 0x000000009d000000|  0%| F|  |TAMS 0x000000009cf00000| PB 0x000000009cf00000| Untracked |  0
| 388|0x000000009d000000, 0x000000009d000000, 0x000000009d100000|  0%| F|  |TAMS 0x000000009d000000| PB 0x000000009d000000| Untracked |  0
| 389|0x000000009d100000, 0x000000009d100000, 0x000000009d200000|  0%| F|  |TAMS 0x000000009d100000| PB 0x000000009d100000| Untracked |  0
| 390|0x000000009d200000, 0x000000009d200000, 0x000000009d300000|  0%| F|  |TAMS 0x000000009d200000| PB 0x000000009d200000| Untracked |  0
| 391|0x000000009d300000, 0x000000009d300000, 0x000000009d400000|  0%| F|  |TAMS 0x000000009d300000| PB 0x000000009d300000| Untracked |  0
| 392|0x000000009d400000, 0x000000009d400000, 0x000000009d500000|  0%| F|  |TAMS 0x000000009d400000| PB 0x000000009d400000| Untracked |  0
| 393|0x000000009d500000, 0x000000009d500000, 0x000000009d600000|  0%| F|  |TAMS 0x000000009d500000| PB 0x000000009d500000| Untracked |  0
| 394|0x000000009d600000, 0x000000009d600000, 0x000000009d700000|  0%| F|  |TAMS 0x000000009d600000| PB 0x000000009d600000| Untracked |  0
| 395|0x000000009d700000, 0x000000009d700000, 0x000000009d800000|  0%| F|  |TAMS 0x000000009d700000| PB 0x000000009d700000| Untracked |  0
| 396|0x000000009d800000, 0x000000009d800000, 0x000000009d900000|  0%| F|  |TAMS 0x000000009d800000| PB 0x000000009d800000| Untracked |  0
| 397|0x000000009d900000, 0x000000009d900000, 0x000000009da00000|  0%| F|  |TAMS 0x000000009d900000| PB 0x000000009d900000| Untracked |  0
| 398|0x000000009da00000, 0x000000009da00000, 0x000000009db00000|  0%| F|  |TAMS 0x000000009da00000| PB 0x000000009da00000| Untracked |  0
| 399|0x000000009db00000, 0x000000009db00000, 0x000000009dc00000|  0%| F|  |TAMS 0x000000009db00000| PB 0x000000009db00000| Untracked |  0
| 400|0x000000009dc00000, 0x000000009dc00000, 0x000000009dd00000|  0%| F|  |TAMS 0x000000009dc00000| PB 0x000000009dc00000| Untracked |  0
| 401|0x000000009dd00000, 0x000000009dd00000, 0x000000009de00000|  0%| F|  |TAMS 0x000000009dd00000| PB 0x000000009dd00000| Untracked |  0
| 402|0x000000009de00000, 0x000000009de00000, 0x000000009df00000|  0%| F|  |TAMS 0x000000009de00000| PB 0x000000009de00000| Untracked |  0
| 403|0x000000009df00000, 0x000000009df00000, 0x000000009e000000|  0%| F|  |TAMS 0x000000009df00000| PB 0x000000009df00000| Untracked |  0
| 404|0x000000009e000000, 0x000000009e000000, 0x000000009e100000|  0%| F|  |TAMS 0x000000009e000000| PB 0x000000009e000000| Untracked |  0
| 405|0x000000009e100000, 0x000000009e100000, 0x000000009e200000|  0%| F|  |TAMS 0x000000009e100000| PB 0x000000009e100000| Untracked |  0
| 406|0x000000009e200000, 0x000000009e200000, 0x000000009e300000|  0%| F|  |TAMS 0x000000009e200000| PB 0x000000009e200000| Untracked |  0
| 407|0x000000009e300000, 0x000000009e300000, 0x000000009e400000|  0%| F|  |TAMS 0x000000009e300000| PB 0x000000009e300000| Untracked |  0
| 408|0x000000009e400000, 0x000000009e400000, 0x000000009e500000|  0%| F|  |TAMS 0x000000009e400000| PB 0x000000009e400000| Untracked |  0
| 409|0x000000009e500000, 0x000000009e500000, 0x000000009e600000|  0%| F|  |TAMS 0x000000009e500000| PB 0x000000009e500000| Untracked |  0
| 410|0x000000009e600000, 0x000000009e600000, 0x000000009e700000|  0%| F|  |TAMS 0x000000009e600000| PB 0x000000009e600000| Untracked |  0
| 411|0x000000009e700000, 0x000000009e700000, 0x000000009e800000|  0%| F|  |TAMS 0x000000009e700000| PB 0x000000009e700000| Untracked |  0
| 412|0x000000009e800000, 0x000000009e800000, 0x000000009e900000|  0%| F|  |TAMS 0x000000009e800000| PB 0x000000009e800000| Untracked |  0
| 413|0x000000009e900000, 0x000000009e900000, 0x000000009ea00000|  0%| F|  |TAMS 0x000000009e900000| PB 0x000000009e900000| Untracked |  0
| 414|0x000000009ea00000, 0x000000009ea00000, 0x000000009eb00000|  0%| F|  |TAMS 0x000000009ea00000| PB 0x000000009ea00000| Untracked |  0
| 415|0x000000009eb00000, 0x000000009eb00000, 0x000000009ec00000|  0%| F|  |TAMS 0x000000009eb00000| PB 0x000000009eb00000| Untracked |  0
| 416|0x000000009ec00000, 0x000000009ec00000, 0x000000009ed00000|  0%| F|  |TAMS 0x000000009ec00000| PB 0x000000009ec00000| Untracked |  0
| 417|0x000000009ed00000, 0x000000009ed00000, 0x000000009ee00000|  0%| F|  |TAMS 0x000000009ed00000| PB 0x000000009ed00000| Untracked |  0
| 418|0x000000009ee00000, 0x000000009ee00000, 0x000000009ef00000|  0%| F|  |TAMS 0x000000009ee00000| PB 0x000000009ee00000| Untracked |  0
| 419|0x000000009ef00000, 0x000000009ef00000, 0x000000009f000000|  0%| F|  |TAMS 0x000000009ef00000| PB 0x000000009ef00000| Untracked |  0
| 420|0x000000009f000000, 0x000000009f000000, 0x000000009f100000|  0%| F|  |TAMS 0x000000009f000000| PB 0x000000009f000000| Untracked |  0
| 421|0x000000009f100000, 0x000000009f100000, 0x000000009f200000|  0%| F|  |TAMS 0x000000009f100000| PB 0x000000009f100000| Untracked |  0
| 422|0x000000009f200000, 0x000000009f200000, 0x000000009f300000|  0%| F|  |TAMS 0x000000009f200000| PB 0x000000009f200000| Untracked |  0
| 423|0x000000009f300000, 0x000000009f300000, 0x000000009f400000|  0%| F|  |TAMS 0x000000009f300000| PB 0x000000009f300000| Untracked |  0
| 424|0x000000009f400000, 0x000000009f400000, 0x000000009f500000|  0%| F|  |TAMS 0x000000009f400000| PB 0x000000009f400000| Untracked |  0
| 425|0x000000009f500000, 0x000000009f500000, 0x000000009f600000|  0%| F|  |TAMS 0x000000009f500000| PB 0x000000009f500000| Untracked |  0
| 426|0x000000009f600000, 0x000000009f600000, 0x000000009f700000|  0%| F|  |TAMS 0x000000009f600000| PB 0x000000009f600000| Untracked |  0
| 427|0x000000009f700000, 0x000000009f700000, 0x000000009f800000|  0%| F|  |TAMS 0x000000009f700000| PB 0x000000009f700000| Untracked |  0
| 428|0x000000009f800000, 0x000000009f800000, 0x000000009f900000|  0%| F|  |TAMS 0x000000009f800000| PB 0x000000009f800000| Untracked |  0
| 429|0x000000009f900000, 0x000000009f900000, 0x000000009fa00000|  0%| F|  |TAMS 0x000000009f900000| PB 0x000000009f900000| Untracked |  0
| 430|0x000000009fa00000, 0x000000009fa00000, 0x000000009fb00000|  0%| F|  |TAMS 0x000000009fa00000| PB 0x000000009fa00000| Untracked |  0
| 431|0x000000009fb00000, 0x000000009fb00000, 0x000000009fc00000|  0%| F|  |TAMS 0x000000009fb00000| PB 0x000000009fb00000| Untracked |  0
| 432|0x000000009fc00000, 0x000000009fc00000, 0x000000009fd00000|  0%| F|  |TAMS 0x000000009fc00000| PB 0x000000009fc00000| Untracked |  0
| 433|0x000000009fd00000, 0x000000009fd00000, 0x000000009fe00000|  0%| F|  |TAMS 0x000000009fd00000| PB 0x000000009fd00000| Untracked |  0
| 434|0x000000009fe00000, 0x000000009fe00000, 0x000000009ff00000|  0%| F|  |TAMS 0x000000009fe00000| PB 0x000000009fe00000| Untracked |  0
| 435|0x000000009ff00000, 0x000000009ff00000, 0x00000000a0000000|  0%| F|  |TAMS 0x000000009ff00000| PB 0x000000009ff00000| Untracked |  0
| 436|0x00000000a0000000, 0x00000000a0000000, 0x00000000a0100000|  0%| F|  |TAMS 0x00000000a0000000| PB 0x00000000a0000000| Untracked |  0
| 437|0x00000000a0100000, 0x00000000a0100000, 0x00000000a0200000|  0%| F|  |TAMS 0x00000000a0100000| PB 0x00000000a0100000| Untracked |  0
| 438|0x00000000a0200000, 0x00000000a0200000, 0x00000000a0300000|  0%| F|  |TAMS 0x00000000a0200000| PB 0x00000000a0200000| Untracked |  0
| 439|0x00000000a0300000, 0x00000000a0300000, 0x00000000a0400000|  0%| F|  |TAMS 0x00000000a0300000| PB 0x00000000a0300000| Untracked |  0
| 440|0x00000000a0400000, 0x00000000a0400000, 0x00000000a0500000|  0%| F|  |TAMS 0x00000000a0400000| PB 0x00000000a0400000| Untracked |  0
| 441|0x00000000a0500000, 0x00000000a0500000, 0x00000000a0600000|  0%| F|  |TAMS 0x00000000a0500000| PB 0x00000000a0500000| Untracked |  0
| 442|0x00000000a0600000, 0x00000000a0600000, 0x00000000a0700000|  0%| F|  |TAMS 0x00000000a0600000| PB 0x00000000a0600000| Untracked |  0
| 443|0x00000000a0700000, 0x00000000a0700000, 0x00000000a0800000|  0%| F|  |TAMS 0x00000000a0700000| PB 0x00000000a0700000| Untracked |  0
| 444|0x00000000a0800000, 0x00000000a0800000, 0x00000000a0900000|  0%| F|  |TAMS 0x00000000a0800000| PB 0x00000000a0800000| Untracked |  0
| 445|0x00000000a0900000, 0x00000000a0900000, 0x00000000a0a00000|  0%| F|  |TAMS 0x00000000a0900000| PB 0x00000000a0900000| Untracked |  0
| 446|0x00000000a0a00000, 0x00000000a0a00000, 0x00000000a0b00000|  0%| F|  |TAMS 0x00000000a0a00000| PB 0x00000000a0a00000| Untracked |  0
| 447|0x00000000a0b00000, 0x00000000a0b00000, 0x00000000a0c00000|  0%| F|  |TAMS 0x00000000a0b00000| PB 0x00000000a0b00000| Untracked |  0
| 448|0x00000000a0c00000, 0x00000000a0c00000, 0x00000000a0d00000|  0%| F|  |TAMS 0x00000000a0c00000| PB 0x00000000a0c00000| Untracked |  0
| 449|0x00000000a0d00000, 0x00000000a0d00000, 0x00000000a0e00000|  0%| F|  |TAMS 0x00000000a0d00000| PB 0x00000000a0d00000| Untracked |  0
| 450|0x00000000a0e00000, 0x00000000a0e00000, 0x00000000a0f00000|  0%| F|  |TAMS 0x00000000a0e00000| PB 0x00000000a0e00000| Untracked |  0
| 451|0x00000000a0f00000, 0x00000000a0f00000, 0x00000000a1000000|  0%| F|  |TAMS 0x00000000a0f00000| PB 0x00000000a0f00000| Untracked |  0
| 452|0x00000000a1000000, 0x00000000a1000000, 0x00000000a1100000|  0%| F|  |TAMS 0x00000000a1000000| PB 0x00000000a1000000| Untracked |  0
| 453|0x00000000a1100000, 0x00000000a1100000, 0x00000000a1200000|  0%| F|  |TAMS 0x00000000a1100000| PB 0x00000000a1100000| Untracked |  0
| 454|0x00000000a1200000, 0x00000000a1200000, 0x00000000a1300000|  0%| F|  |TAMS 0x00000000a1200000| PB 0x00000000a1200000| Untracked |  0
| 455|0x00000000a1300000, 0x00000000a1300000, 0x00000000a1400000|  0%| F|  |TAMS 0x00000000a1300000| PB 0x00000000a1300000| Untracked |  0
| 456|0x00000000a1400000, 0x00000000a1400000, 0x00000000a1500000|  0%| F|  |TAMS 0x00000000a1400000| PB 0x00000000a1400000| Untracked |  0
| 457|0x00000000a1500000, 0x00000000a1500000, 0x00000000a1600000|  0%| F|  |TAMS 0x00000000a1500000| PB 0x00000000a1500000| Untracked |  0
| 458|0x00000000a1600000, 0x00000000a1600000, 0x00000000a1700000|  0%| F|  |TAMS 0x00000000a1600000| PB 0x00000000a1600000| Untracked |  0
| 459|0x00000000a1700000, 0x00000000a1700000, 0x00000000a1800000|  0%| F|  |TAMS 0x00000000a1700000| PB 0x00000000a1700000| Untracked |  0
| 460|0x00000000a1800000, 0x00000000a1800000, 0x00000000a1900000|  0%| F|  |TAMS 0x00000000a1800000| PB 0x00000000a1800000| Untracked |  0
| 461|0x00000000a1900000, 0x00000000a1900000, 0x00000000a1a00000|  0%| F|  |TAMS 0x00000000a1900000| PB 0x00000000a1900000| Untracked |  0
| 462|0x00000000a1a00000, 0x00000000a1a00000, 0x00000000a1b00000|  0%| F|  |TAMS 0x00000000a1a00000| PB 0x00000000a1a00000| Untracked |  0
| 463|0x00000000a1b00000, 0x00000000a1b00000, 0x00000000a1c00000|  0%| F|  |TAMS 0x00000000a1b00000| PB 0x00000000a1b00000| Untracked |  0
| 464|0x00000000a1c00000, 0x00000000a1c00000, 0x00000000a1d00000|  0%| F|  |TAMS 0x00000000a1c00000| PB 0x00000000a1c00000| Untracked |  0
| 465|0x00000000a1d00000, 0x00000000a1d00000, 0x00000000a1e00000|  0%| F|  |TAMS 0x00000000a1d00000| PB 0x00000000a1d00000| Untracked |  0
| 466|0x00000000a1e00000, 0x00000000a1e00000, 0x00000000a1f00000|  0%| F|  |TAMS 0x00000000a1e00000| PB 0x00000000a1e00000| Untracked |  0
| 467|0x00000000a1f00000, 0x00000000a1f00000, 0x00000000a2000000|  0%| F|  |TAMS 0x00000000a1f00000| PB 0x00000000a1f00000| Untracked |  0
| 468|0x00000000a2000000, 0x00000000a2000000, 0x00000000a2100000|  0%| F|  |TAMS 0x00000000a2000000| PB 0x00000000a2000000| Untracked |  0
| 469|0x00000000a2100000, 0x00000000a2100000, 0x00000000a2200000|  0%| F|  |TAMS 0x00000000a2100000| PB 0x00000000a2100000| Untracked |  0
| 470|0x00000000a2200000, 0x00000000a2200000, 0x00000000a2300000|  0%| F|  |TAMS 0x00000000a2200000| PB 0x00000000a2200000| Untracked |  0
| 471|0x00000000a2300000, 0x00000000a2300000, 0x00000000a2400000|  0%| F|  |TAMS 0x00000000a2300000| PB 0x00000000a2300000| Untracked |  0
| 472|0x00000000a2400000, 0x00000000a2400000, 0x00000000a2500000|  0%| F|  |TAMS 0x00000000a2400000| PB 0x00000000a2400000| Untracked |  0
| 473|0x00000000a2500000, 0x00000000a2500000, 0x00000000a2600000|  0%| F|  |TAMS 0x00000000a2500000| PB 0x00000000a2500000| Untracked |  0
| 474|0x00000000a2600000, 0x00000000a2600000, 0x00000000a2700000|  0%| F|  |TAMS 0x00000000a2600000| PB 0x00000000a2600000| Untracked |  0
| 475|0x00000000a2700000, 0x00000000a2700000, 0x00000000a2800000|  0%| F|  |TAMS 0x00000000a2700000| PB 0x00000000a2700000| Untracked |  0
| 476|0x00000000a2800000, 0x00000000a2800000, 0x00000000a2900000|  0%| F|  |TAMS 0x00000000a2800000| PB 0x00000000a2800000| Untracked |  0
| 477|0x00000000a2900000, 0x00000000a2900000, 0x00000000a2a00000|  0%| F|  |TAMS 0x00000000a2900000| PB 0x00000000a2900000| Untracked |  0
| 478|0x00000000a2a00000, 0x00000000a2a00000, 0x00000000a2b00000|  0%| F|  |TAMS 0x00000000a2a00000| PB 0x00000000a2a00000| Untracked |  0
| 479|0x00000000a2b00000, 0x00000000a2b00000, 0x00000000a2c00000|  0%| F|  |TAMS 0x00000000a2b00000| PB 0x00000000a2b00000| Untracked |  0
| 480|0x00000000a2c00000, 0x00000000a2c00000, 0x00000000a2d00000|  0%| F|  |TAMS 0x00000000a2c00000| PB 0x00000000a2c00000| Untracked |  0
| 481|0x00000000a2d00000, 0x00000000a2d00000, 0x00000000a2e00000|  0%| F|  |TAMS 0x00000000a2d00000| PB 0x00000000a2d00000| Untracked |  0
| 482|0x00000000a2e00000, 0x00000000a2e00000, 0x00000000a2f00000|  0%| F|  |TAMS 0x00000000a2e00000| PB 0x00000000a2e00000| Untracked |  0
| 483|0x00000000a2f00000, 0x00000000a2f00000, 0x00000000a3000000|  0%| F|  |TAMS 0x00000000a2f00000| PB 0x00000000a2f00000| Untracked |  0
| 484|0x00000000a3000000, 0x00000000a3000000, 0x00000000a3100000|  0%| F|  |TAMS 0x00000000a3000000| PB 0x00000000a3000000| Untracked |  0
| 485|0x00000000a3100000, 0x00000000a3100000, 0x00000000a3200000|  0%| F|  |TAMS 0x00000000a3100000| PB 0x00000000a3100000| Untracked |  0
| 486|0x00000000a3200000, 0x00000000a3200000, 0x00000000a3300000|  0%| F|  |TAMS 0x00000000a3200000| PB 0x00000000a3200000| Untracked |  0
| 487|0x00000000a3300000, 0x00000000a3300000, 0x00000000a3400000|  0%| F|  |TAMS 0x00000000a3300000| PB 0x00000000a3300000| Untracked |  0
| 488|0x00000000a3400000, 0x00000000a3400000, 0x00000000a3500000|  0%| F|  |TAMS 0x00000000a3400000| PB 0x00000000a3400000| Untracked |  0
| 489|0x00000000a3500000, 0x00000000a3500000, 0x00000000a3600000|  0%| F|  |TAMS 0x00000000a3500000| PB 0x00000000a3500000| Untracked |  0
| 490|0x00000000a3600000, 0x00000000a3600000, 0x00000000a3700000|  0%| F|  |TAMS 0x00000000a3600000| PB 0x00000000a3600000| Untracked |  0
| 491|0x00000000a3700000, 0x00000000a3700000, 0x00000000a3800000|  0%| F|  |TAMS 0x00000000a3700000| PB 0x00000000a3700000| Untracked |  0
| 492|0x00000000a3800000, 0x00000000a3800000, 0x00000000a3900000|  0%| F|  |TAMS 0x00000000a3800000| PB 0x00000000a3800000| Untracked |  0
| 493|0x00000000a3900000, 0x00000000a3900000, 0x00000000a3a00000|  0%| F|  |TAMS 0x00000000a3900000| PB 0x00000000a3900000| Untracked |  0
| 494|0x00000000a3a00000, 0x00000000a3a00000, 0x00000000a3b00000|  0%| F|  |TAMS 0x00000000a3a00000| PB 0x00000000a3a00000| Untracked |  0
| 495|0x00000000a3b00000, 0x00000000a3b00000, 0x00000000a3c00000|  0%| F|  |TAMS 0x00000000a3b00000| PB 0x00000000a3b00000| Untracked |  0
| 496|0x00000000a3c00000, 0x00000000a3c00000, 0x00000000a3d00000|  0%| F|  |TAMS 0x00000000a3c00000| PB 0x00000000a3c00000| Untracked |  0
| 497|0x00000000a3d00000, 0x00000000a3d00000, 0x00000000a3e00000|  0%| F|  |TAMS 0x00000000a3d00000| PB 0x00000000a3d00000| Untracked |  0
| 498|0x00000000a3e00000, 0x00000000a3e00000, 0x00000000a3f00000|  0%| F|  |TAMS 0x00000000a3e00000| PB 0x00000000a3e00000| Untracked |  0
| 499|0x00000000a3f00000, 0x00000000a3f00000, 0x00000000a4000000|  0%| F|  |TAMS 0x00000000a3f00000| PB 0x00000000a3f00000| Untracked |  0
| 500|0x00000000a4000000, 0x00000000a4000000, 0x00000000a4100000|  0%| F|  |TAMS 0x00000000a4000000| PB 0x00000000a4000000| Untracked |  0
| 501|0x00000000a4100000, 0x00000000a4100000, 0x00000000a4200000|  0%| F|  |TAMS 0x00000000a4100000| PB 0x00000000a4100000| Untracked |  0
| 502|0x00000000a4200000, 0x00000000a4200000, 0x00000000a4300000|  0%| F|  |TAMS 0x00000000a4200000| PB 0x00000000a4200000| Untracked |  0
| 503|0x00000000a4300000, 0x00000000a4300000, 0x00000000a4400000|  0%| F|  |TAMS 0x00000000a4300000| PB 0x00000000a4300000| Untracked |  0
| 504|0x00000000a4400000, 0x00000000a4400000, 0x00000000a4500000|  0%| F|  |TAMS 0x00000000a4400000| PB 0x00000000a4400000| Untracked |  0
| 505|0x00000000a4500000, 0x00000000a4500000, 0x00000000a4600000|  0%| F|  |TAMS 0x00000000a4500000| PB 0x00000000a4500000| Untracked |  0
| 506|0x00000000a4600000, 0x00000000a4600000, 0x00000000a4700000|  0%| F|  |TAMS 0x00000000a4600000| PB 0x00000000a4600000| Untracked |  0
| 507|0x00000000a4700000, 0x00000000a4700000, 0x00000000a4800000|  0%| F|  |TAMS 0x00000000a4700000| PB 0x00000000a4700000| Untracked |  0
| 508|0x00000000a4800000, 0x00000000a4800000, 0x00000000a4900000|  0%| F|  |TAMS 0x00000000a4800000| PB 0x00000000a4800000| Untracked |  0
| 509|0x00000000a4900000, 0x00000000a4900000, 0x00000000a4a00000|  0%| F|  |TAMS 0x00000000a4900000| PB 0x00000000a4900000| Untracked |  0
| 510|0x00000000a4a00000, 0x00000000a4a00000, 0x00000000a4b00000|  0%| F|  |TAMS 0x00000000a4a00000| PB 0x00000000a4a00000| Untracked |  0
| 511|0x00000000a4b00000, 0x00000000a4b00000, 0x00000000a4c00000|  0%| F|  |TAMS 0x00000000a4b00000| PB 0x00000000a4b00000| Untracked |  0
| 512|0x00000000a4c00000, 0x00000000a4c00000, 0x00000000a4d00000|  0%| F|  |TAMS 0x00000000a4c00000| PB 0x00000000a4c00000| Untracked |  0
| 513|0x00000000a4d00000, 0x00000000a4d00000, 0x00000000a4e00000|  0%| F|  |TAMS 0x00000000a4d00000| PB 0x00000000a4d00000| Untracked |  0
| 514|0x00000000a4e00000, 0x00000000a4e00000, 0x00000000a4f00000|  0%| F|  |TAMS 0x00000000a4e00000| PB 0x00000000a4e00000| Untracked |  0
| 515|0x00000000a4f00000, 0x00000000a4f00000, 0x00000000a5000000|  0%| F|  |TAMS 0x00000000a4f00000| PB 0x00000000a4f00000| Untracked |  0
| 516|0x00000000a5000000, 0x00000000a5000000, 0x00000000a5100000|  0%| F|  |TAMS 0x00000000a5000000| PB 0x00000000a5000000| Untracked |  0
| 517|0x00000000a5100000, 0x00000000a5100000, 0x00000000a5200000|  0%| F|  |TAMS 0x00000000a5100000| PB 0x00000000a5100000| Untracked |  0
| 518|0x00000000a5200000, 0x00000000a5200000, 0x00000000a5300000|  0%| F|  |TAMS 0x00000000a5200000| PB 0x00000000a5200000| Untracked |  0
| 519|0x00000000a5300000, 0x00000000a5300000, 0x00000000a5400000|  0%| F|  |TAMS 0x00000000a5300000| PB 0x00000000a5300000| Untracked |  0
| 520|0x00000000a5400000, 0x00000000a5400000, 0x00000000a5500000|  0%| F|  |TAMS 0x00000000a5400000| PB 0x00000000a5400000| Untracked |  0
| 521|0x00000000a5500000, 0x00000000a5500000, 0x00000000a5600000|  0%| F|  |TAMS 0x00000000a5500000| PB 0x00000000a5500000| Untracked |  0
| 522|0x00000000a5600000, 0x00000000a5600000, 0x00000000a5700000|  0%| F|  |TAMS 0x00000000a5600000| PB 0x00000000a5600000| Untracked |  0
| 523|0x00000000a5700000, 0x00000000a5700000, 0x00000000a5800000|  0%| F|  |TAMS 0x00000000a5700000| PB 0x00000000a5700000| Untracked |  0
| 524|0x00000000a5800000, 0x00000000a5800000, 0x00000000a5900000|  0%| F|  |TAMS 0x00000000a5800000| PB 0x00000000a5800000| Untracked |  0
| 525|0x00000000a5900000, 0x00000000a5900000, 0x00000000a5a00000|  0%| F|  |TAMS 0x00000000a5900000| PB 0x00000000a5900000| Untracked |  0
| 526|0x00000000a5a00000, 0x00000000a5a00000, 0x00000000a5b00000|  0%| F|  |TAMS 0x00000000a5a00000| PB 0x00000000a5a00000| Untracked |  0
| 527|0x00000000a5b00000, 0x00000000a5b00000, 0x00000000a5c00000|  0%| F|  |TAMS 0x00000000a5b00000| PB 0x00000000a5b00000| Untracked |  0
| 528|0x00000000a5c00000, 0x00000000a5c00000, 0x00000000a5d00000|  0%| F|  |TAMS 0x00000000a5c00000| PB 0x00000000a5c00000| Untracked |  0
| 529|0x00000000a5d00000, 0x00000000a5d00000, 0x00000000a5e00000|  0%| F|  |TAMS 0x00000000a5d00000| PB 0x00000000a5d00000| Untracked |  0
| 530|0x00000000a5e00000, 0x00000000a5e00000, 0x00000000a5f00000|  0%| F|  |TAMS 0x00000000a5e00000| PB 0x00000000a5e00000| Untracked |  0
| 531|0x00000000a5f00000, 0x00000000a5f00000, 0x00000000a6000000|  0%| F|  |TAMS 0x00000000a5f00000| PB 0x00000000a5f00000| Untracked |  0
| 532|0x00000000a6000000, 0x00000000a6000000, 0x00000000a6100000|  0%| F|  |TAMS 0x00000000a6000000| PB 0x00000000a6000000| Untracked |  0
| 533|0x00000000a6100000, 0x00000000a6100000, 0x00000000a6200000|  0%| F|  |TAMS 0x00000000a6100000| PB 0x00000000a6100000| Untracked |  0
| 534|0x00000000a6200000, 0x00000000a6200000, 0x00000000a6300000|  0%| F|  |TAMS 0x00000000a6200000| PB 0x00000000a6200000| Untracked |  0
| 535|0x00000000a6300000, 0x00000000a6300000, 0x00000000a6400000|  0%| F|  |TAMS 0x00000000a6300000| PB 0x00000000a6300000| Untracked |  0
| 536|0x00000000a6400000, 0x00000000a6400000, 0x00000000a6500000|  0%| F|  |TAMS 0x00000000a6400000| PB 0x00000000a6400000| Untracked |  0
| 537|0x00000000a6500000, 0x00000000a6500000, 0x00000000a6600000|  0%| F|  |TAMS 0x00000000a6500000| PB 0x00000000a6500000| Untracked |  0
| 538|0x00000000a6600000, 0x00000000a6600000, 0x00000000a6700000|  0%| F|  |TAMS 0x00000000a6600000| PB 0x00000000a6600000| Untracked |  0
| 539|0x00000000a6700000, 0x00000000a6700000, 0x00000000a6800000|  0%| F|  |TAMS 0x00000000a6700000| PB 0x00000000a6700000| Untracked |  0
| 540|0x00000000a6800000, 0x00000000a6800000, 0x00000000a6900000|  0%| F|  |TAMS 0x00000000a6800000| PB 0x00000000a6800000| Untracked |  0
| 541|0x00000000a6900000, 0x00000000a6900000, 0x00000000a6a00000|  0%| F|  |TAMS 0x00000000a6900000| PB 0x00000000a6900000| Untracked |  0
| 542|0x00000000a6a00000, 0x00000000a6a00000, 0x00000000a6b00000|  0%| F|  |TAMS 0x00000000a6a00000| PB 0x00000000a6a00000| Untracked |  0
| 543|0x00000000a6b00000, 0x00000000a6b00000, 0x00000000a6c00000|  0%| F|  |TAMS 0x00000000a6b00000| PB 0x00000000a6b00000| Untracked |  0
| 544|0x00000000a6c00000, 0x00000000a6c00000, 0x00000000a6d00000|  0%| F|  |TAMS 0x00000000a6c00000| PB 0x00000000a6c00000| Untracked |  0
| 545|0x00000000a6d00000, 0x00000000a6d00000, 0x00000000a6e00000|  0%| F|  |TAMS 0x00000000a6d00000| PB 0x00000000a6d00000| Untracked |  0
| 546|0x00000000a6e00000, 0x00000000a6e00000, 0x00000000a6f00000|  0%| F|  |TAMS 0x00000000a6e00000| PB 0x00000000a6e00000| Untracked |  0
| 547|0x00000000a6f00000, 0x00000000a6f00000, 0x00000000a7000000|  0%| F|  |TAMS 0x00000000a6f00000| PB 0x00000000a6f00000| Untracked |  0
| 548|0x00000000a7000000, 0x00000000a7000000, 0x00000000a7100000|  0%| F|  |TAMS 0x00000000a7000000| PB 0x00000000a7000000| Untracked |  0
| 549|0x00000000a7100000, 0x00000000a7100000, 0x00000000a7200000|  0%| F|  |TAMS 0x00000000a7100000| PB 0x00000000a7100000| Untracked |  0
| 550|0x00000000a7200000, 0x00000000a7200000, 0x00000000a7300000|  0%| F|  |TAMS 0x00000000a7200000| PB 0x00000000a7200000| Untracked |  0
| 551|0x00000000a7300000, 0x00000000a7300000, 0x00000000a7400000|  0%| F|  |TAMS 0x00000000a7300000| PB 0x00000000a7300000| Untracked |  0
| 552|0x00000000a7400000, 0x00000000a7400000, 0x00000000a7500000|  0%| F|  |TAMS 0x00000000a7400000| PB 0x00000000a7400000| Untracked |  0
| 553|0x00000000a7500000, 0x00000000a7500000, 0x00000000a7600000|  0%| F|  |TAMS 0x00000000a7500000| PB 0x00000000a7500000| Untracked |  0
| 554|0x00000000a7600000, 0x00000000a7600000, 0x00000000a7700000|  0%| F|  |TAMS 0x00000000a7600000| PB 0x00000000a7600000| Untracked |  0
| 555|0x00000000a7700000, 0x00000000a7700000, 0x00000000a7800000|  0%| F|  |TAMS 0x00000000a7700000| PB 0x00000000a7700000| Untracked |  0
| 556|0x00000000a7800000, 0x00000000a7800000, 0x00000000a7900000|  0%| F|  |TAMS 0x00000000a7800000| PB 0x00000000a7800000| Untracked |  0
| 557|0x00000000a7900000, 0x00000000a7900000, 0x00000000a7a00000|  0%| F|  |TAMS 0x00000000a7900000| PB 0x00000000a7900000| Untracked |  0
| 558|0x00000000a7a00000, 0x00000000a7a00000, 0x00000000a7b00000|  0%| F|  |TAMS 0x00000000a7a00000| PB 0x00000000a7a00000| Untracked |  0
| 559|0x00000000a7b00000, 0x00000000a7b00000, 0x00000000a7c00000|  0%| F|  |TAMS 0x00000000a7b00000| PB 0x00000000a7b00000| Untracked |  0
| 560|0x00000000a7c00000, 0x00000000a7c00000, 0x00000000a7d00000|  0%| F|  |TAMS 0x00000000a7c00000| PB 0x00000000a7c00000| Untracked |  0
| 561|0x00000000a7d00000, 0x00000000a7d00000, 0x00000000a7e00000|  0%| F|  |TAMS 0x00000000a7d00000| PB 0x00000000a7d00000| Untracked |  0
| 562|0x00000000a7e00000, 0x00000000a7e00000, 0x00000000a7f00000|  0%| F|  |TAMS 0x00000000a7e00000| PB 0x00000000a7e00000| Untracked |  0
| 563|0x00000000a7f00000, 0x00000000a7f00000, 0x00000000a8000000|  0%| F|  |TAMS 0x00000000a7f00000| PB 0x00000000a7f00000| Untracked |  0
| 564|0x00000000a8000000, 0x00000000a8000000, 0x00000000a8100000|  0%| F|  |TAMS 0x00000000a8000000| PB 0x00000000a8000000| Untracked |  0
| 565|0x00000000a8100000, 0x00000000a8100000, 0x00000000a8200000|  0%| F|  |TAMS 0x00000000a8100000| PB 0x00000000a8100000| Untracked |  0
| 566|0x00000000a8200000, 0x00000000a8200000, 0x00000000a8300000|  0%| F|  |TAMS 0x00000000a8200000| PB 0x00000000a8200000| Untracked |  0
| 567|0x00000000a8300000, 0x00000000a8300000, 0x00000000a8400000|  0%| F|  |TAMS 0x00000000a8300000| PB 0x00000000a8300000| Untracked |  0
| 568|0x00000000a8400000, 0x00000000a8400000, 0x00000000a8500000|  0%| F|  |TAMS 0x00000000a8400000| PB 0x00000000a8400000| Untracked |  0
| 569|0x00000000a8500000, 0x00000000a8500000, 0x00000000a8600000|  0%| F|  |TAMS 0x00000000a8500000| PB 0x00000000a8500000| Untracked |  0
| 570|0x00000000a8600000, 0x00000000a8600000, 0x00000000a8700000|  0%| F|  |TAMS 0x00000000a8600000| PB 0x00000000a8600000| Untracked |  0
| 571|0x00000000a8700000, 0x00000000a8700000, 0x00000000a8800000|  0%| F|  |TAMS 0x00000000a8700000| PB 0x00000000a8700000| Untracked |  0
| 572|0x00000000a8800000, 0x00000000a8800000, 0x00000000a8900000|  0%| F|  |TAMS 0x00000000a8800000| PB 0x00000000a8800000| Untracked |  0
| 573|0x00000000a8900000, 0x00000000a8900000, 0x00000000a8a00000|  0%| F|  |TAMS 0x00000000a8900000| PB 0x00000000a8900000| Untracked |  0
| 574|0x00000000a8a00000, 0x00000000a8a00000, 0x00000000a8b00000|  0%| F|  |TAMS 0x00000000a8a00000| PB 0x00000000a8a00000| Untracked |  0
| 575|0x00000000a8b00000, 0x00000000a8b00000, 0x00000000a8c00000|  0%| F|  |TAMS 0x00000000a8b00000| PB 0x00000000a8b00000| Untracked |  0
| 576|0x00000000a8c00000, 0x00000000a8c00000, 0x00000000a8d00000|  0%| F|  |TAMS 0x00000000a8c00000| PB 0x00000000a8c00000| Untracked |  0
| 577|0x00000000a8d00000, 0x00000000a8d00000, 0x00000000a8e00000|  0%| F|  |TAMS 0x00000000a8d00000| PB 0x00000000a8d00000| Untracked |  0
| 578|0x00000000a8e00000, 0x00000000a8e00000, 0x00000000a8f00000|  0%| F|  |TAMS 0x00000000a8e00000| PB 0x00000000a8e00000| Untracked |  0
| 579|0x00000000a8f00000, 0x00000000a8f00000, 0x00000000a9000000|  0%| F|  |TAMS 0x00000000a8f00000| PB 0x00000000a8f00000| Untracked |  0
| 580|0x00000000a9000000, 0x00000000a9000000, 0x00000000a9100000|  0%| F|  |TAMS 0x00000000a9000000| PB 0x00000000a9000000| Untracked |  0
| 581|0x00000000a9100000, 0x00000000a9100000, 0x00000000a9200000|  0%| F|  |TAMS 0x00000000a9100000| PB 0x00000000a9100000| Untracked |  0
| 582|0x00000000a9200000, 0x00000000a9200000, 0x00000000a9300000|  0%| F|  |TAMS 0x00000000a9200000| PB 0x00000000a9200000| Untracked |  0
| 583|0x00000000a9300000, 0x00000000a9300000, 0x00000000a9400000|  0%| F|  |TAMS 0x00000000a9300000| PB 0x00000000a9300000| Untracked |  0
| 584|0x00000000a9400000, 0x00000000a9400000, 0x00000000a9500000|  0%| F|  |TAMS 0x00000000a9400000| PB 0x00000000a9400000| Untracked |  0
| 585|0x00000000a9500000, 0x00000000a9500000, 0x00000000a9600000|  0%| F|  |TAMS 0x00000000a9500000| PB 0x00000000a9500000| Untracked |  0
| 586|0x00000000a9600000, 0x00000000a9600000, 0x00000000a9700000|  0%| F|  |TAMS 0x00000000a9600000| PB 0x00000000a9600000| Untracked |  0
| 587|0x00000000a9700000, 0x00000000a9700000, 0x00000000a9800000|  0%| F|  |TAMS 0x00000000a9700000| PB 0x00000000a9700000| Untracked |  0
| 588|0x00000000a9800000, 0x00000000a9800000, 0x00000000a9900000|  0%| F|  |TAMS 0x00000000a9800000| PB 0x00000000a9800000| Untracked |  0
| 589|0x00000000a9900000, 0x00000000a9900000, 0x00000000a9a00000|  0%| F|  |TAMS 0x00000000a9900000| PB 0x00000000a9900000| Untracked |  0
| 590|0x00000000a9a00000, 0x00000000a9a00000, 0x00000000a9b00000|  0%| F|  |TAMS 0x00000000a9a00000| PB 0x00000000a9a00000| Untracked |  0
| 591|0x00000000a9b00000, 0x00000000a9b00000, 0x00000000a9c00000|  0%| F|  |TAMS 0x00000000a9b00000| PB 0x00000000a9b00000| Untracked |  0
| 592|0x00000000a9c00000, 0x00000000a9c00000, 0x00000000a9d00000|  0%| F|  |TAMS 0x00000000a9c00000| PB 0x00000000a9c00000| Untracked |  0
| 593|0x00000000a9d00000, 0x00000000a9d00000, 0x00000000a9e00000|  0%| F|  |TAMS 0x00000000a9d00000| PB 0x00000000a9d00000| Untracked |  0
| 594|0x00000000a9e00000, 0x00000000a9e00000, 0x00000000a9f00000|  0%| F|  |TAMS 0x00000000a9e00000| PB 0x00000000a9e00000| Untracked |  0
| 595|0x00000000a9f00000, 0x00000000a9f00000, 0x00000000aa000000|  0%| F|  |TAMS 0x00000000a9f00000| PB 0x00000000a9f00000| Untracked |  0
| 596|0x00000000aa000000, 0x00000000aa000000, 0x00000000aa100000|  0%| F|  |TAMS 0x00000000aa000000| PB 0x00000000aa000000| Untracked |  0
| 597|0x00000000aa100000, 0x00000000aa100000, 0x00000000aa200000|  0%| F|  |TAMS 0x00000000aa100000| PB 0x00000000aa100000| Untracked |  0
| 598|0x00000000aa200000, 0x00000000aa200000, 0x00000000aa300000|  0%| F|  |TAMS 0x00000000aa200000| PB 0x00000000aa200000| Untracked |  0
| 599|0x00000000aa300000, 0x00000000aa300000, 0x00000000aa400000|  0%| F|  |TAMS 0x00000000aa300000| PB 0x00000000aa300000| Untracked |  0
| 600|0x00000000aa400000, 0x00000000aa400000, 0x00000000aa500000|  0%| F|  |TAMS 0x00000000aa400000| PB 0x00000000aa400000| Untracked |  0
| 601|0x00000000aa500000, 0x00000000aa500000, 0x00000000aa600000|  0%| F|  |TAMS 0x00000000aa500000| PB 0x00000000aa500000| Untracked |  0
| 602|0x00000000aa600000, 0x00000000aa600000, 0x00000000aa700000|  0%| F|  |TAMS 0x00000000aa600000| PB 0x00000000aa600000| Untracked |  0
| 603|0x00000000aa700000, 0x00000000aa700000, 0x00000000aa800000|  0%| F|  |TAMS 0x00000000aa700000| PB 0x00000000aa700000| Untracked |  0
| 604|0x00000000aa800000, 0x00000000aa800000, 0x00000000aa900000|  0%| F|  |TAMS 0x00000000aa800000| PB 0x00000000aa800000| Untracked |  0
| 605|0x00000000aa900000, 0x00000000aa900000, 0x00000000aaa00000|  0%| F|  |TAMS 0x00000000aa900000| PB 0x00000000aa900000| Untracked |  0
| 606|0x00000000aaa00000, 0x00000000aaa00000, 0x00000000aab00000|  0%| F|  |TAMS 0x00000000aaa00000| PB 0x00000000aaa00000| Untracked |  0
| 607|0x00000000aab00000, 0x00000000aab00000, 0x00000000aac00000|  0%| F|  |TAMS 0x00000000aab00000| PB 0x00000000aab00000| Untracked |  0
| 608|0x00000000aac00000, 0x00000000aac00000, 0x00000000aad00000|  0%| F|  |TAMS 0x00000000aac00000| PB 0x00000000aac00000| Untracked |  0
| 609|0x00000000aad00000, 0x00000000aad00000, 0x00000000aae00000|  0%| F|  |TAMS 0x00000000aad00000| PB 0x00000000aad00000| Untracked |  0
| 610|0x00000000aae00000, 0x00000000aae00000, 0x00000000aaf00000|  0%| F|  |TAMS 0x00000000aae00000| PB 0x00000000aae00000| Untracked |  0
| 611|0x00000000aaf00000, 0x00000000aaf00000, 0x00000000ab000000|  0%| F|  |TAMS 0x00000000aaf00000| PB 0x00000000aaf00000| Untracked |  0
| 612|0x00000000ab000000, 0x00000000ab000000, 0x00000000ab100000|  0%| F|  |TAMS 0x00000000ab000000| PB 0x00000000ab000000| Untracked |  0
| 613|0x00000000ab100000, 0x00000000ab100000, 0x00000000ab200000|  0%| F|  |TAMS 0x00000000ab100000| PB 0x00000000ab100000| Untracked |  0
| 614|0x00000000ab200000, 0x00000000ab200000, 0x00000000ab300000|  0%| F|  |TAMS 0x00000000ab200000| PB 0x00000000ab200000| Untracked |  0
| 615|0x00000000ab300000, 0x00000000ab300000, 0x00000000ab400000|  0%| F|  |TAMS 0x00000000ab300000| PB 0x00000000ab300000| Untracked |  0
| 616|0x00000000ab400000, 0x00000000ab400000, 0x00000000ab500000|  0%| F|  |TAMS 0x00000000ab400000| PB 0x00000000ab400000| Untracked |  0
| 617|0x00000000ab500000, 0x00000000ab500000, 0x00000000ab600000|  0%| F|  |TAMS 0x00000000ab500000| PB 0x00000000ab500000| Untracked |  0
| 618|0x00000000ab600000, 0x00000000ab600000, 0x00000000ab700000|  0%| F|  |TAMS 0x00000000ab600000| PB 0x00000000ab600000| Untracked |  0
| 619|0x00000000ab700000, 0x00000000ab700000, 0x00000000ab800000|  0%| F|  |TAMS 0x00000000ab700000| PB 0x00000000ab700000| Untracked |  0
| 620|0x00000000ab800000, 0x00000000ab800000, 0x00000000ab900000|  0%| F|  |TAMS 0x00000000ab800000| PB 0x00000000ab800000| Untracked |  0
| 621|0x00000000ab900000, 0x00000000ab900000, 0x00000000aba00000|  0%| F|  |TAMS 0x00000000ab900000| PB 0x00000000ab900000| Untracked |  0
| 622|0x00000000aba00000, 0x00000000aba00000, 0x00000000abb00000|  0%| F|  |TAMS 0x00000000aba00000| PB 0x00000000aba00000| Untracked |  0
| 623|0x00000000abb00000, 0x00000000abb00000, 0x00000000abc00000|  0%| F|  |TAMS 0x00000000abb00000| PB 0x00000000abb00000| Untracked |  0
| 624|0x00000000abc00000, 0x00000000abc00000, 0x00000000abd00000|  0%| F|  |TAMS 0x00000000abc00000| PB 0x00000000abc00000| Untracked |  0
| 625|0x00000000abd00000, 0x00000000abd00000, 0x00000000abe00000|  0%| F|  |TAMS 0x00000000abd00000| PB 0x00000000abd00000| Untracked |  0
| 626|0x00000000abe00000, 0x00000000abe00000, 0x00000000abf00000|  0%| F|  |TAMS 0x00000000abe00000| PB 0x00000000abe00000| Untracked |  0
| 627|0x00000000abf00000, 0x00000000abf00000, 0x00000000ac000000|  0%| F|  |TAMS 0x00000000abf00000| PB 0x00000000abf00000| Untracked |  0
| 628|0x00000000ac000000, 0x00000000ac000000, 0x00000000ac100000|  0%| F|  |TAMS 0x00000000ac000000| PB 0x00000000ac000000| Untracked |  0
| 629|0x00000000ac100000, 0x00000000ac100000, 0x00000000ac200000|  0%| F|  |TAMS 0x00000000ac100000| PB 0x00000000ac100000| Untracked |  0
| 630|0x00000000ac200000, 0x00000000ac200000, 0x00000000ac300000|  0%| F|  |TAMS 0x00000000ac200000| PB 0x00000000ac200000| Untracked |  0
| 631|0x00000000ac300000, 0x00000000ac300000, 0x00000000ac400000|  0%| F|  |TAMS 0x00000000ac300000| PB 0x00000000ac300000| Untracked |  0
| 632|0x00000000ac400000, 0x00000000ac400000, 0x00000000ac500000|  0%| F|  |TAMS 0x00000000ac400000| PB 0x00000000ac400000| Untracked |  0
| 633|0x00000000ac500000, 0x00000000ac500000, 0x00000000ac600000|  0%| F|  |TAMS 0x00000000ac500000| PB 0x00000000ac500000| Untracked |  0
| 634|0x00000000ac600000, 0x00000000ac600000, 0x00000000ac700000|  0%| F|  |TAMS 0x00000000ac600000| PB 0x00000000ac600000| Untracked |  0
| 635|0x00000000ac700000, 0x00000000ac700000, 0x00000000ac800000|  0%| F|  |TAMS 0x00000000ac700000| PB 0x00000000ac700000| Untracked |  0
| 636|0x00000000ac800000, 0x00000000ac800000, 0x00000000ac900000|  0%| F|  |TAMS 0x00000000ac800000| PB 0x00000000ac800000| Untracked |  0
| 637|0x00000000ac900000, 0x00000000ac900000, 0x00000000aca00000|  0%| F|  |TAMS 0x00000000ac900000| PB 0x00000000ac900000| Untracked |  0
| 638|0x00000000aca00000, 0x00000000aca00000, 0x00000000acb00000|  0%| F|  |TAMS 0x00000000aca00000| PB 0x00000000aca00000| Untracked |  0
| 639|0x00000000acb00000, 0x00000000acb00000, 0x00000000acc00000|  0%| F|  |TAMS 0x00000000acb00000| PB 0x00000000acb00000| Untracked |  0
| 640|0x00000000acc00000, 0x00000000acc00000, 0x00000000acd00000|  0%| F|  |TAMS 0x00000000acc00000| PB 0x00000000acc00000| Untracked |  0
| 641|0x00000000acd00000, 0x00000000acd00000, 0x00000000ace00000|  0%| F|  |TAMS 0x00000000acd00000| PB 0x00000000acd00000| Untracked |  0
| 642|0x00000000ace00000, 0x00000000ace00000, 0x00000000acf00000|  0%| F|  |TAMS 0x00000000ace00000| PB 0x00000000ace00000| Untracked |  0
| 643|0x00000000acf00000, 0x00000000acf00000, 0x00000000ad000000|  0%| F|  |TAMS 0x00000000acf00000| PB 0x00000000acf00000| Untracked |  0
| 644|0x00000000ad000000, 0x00000000ad000000, 0x00000000ad100000|  0%| F|  |TAMS 0x00000000ad000000| PB 0x00000000ad000000| Untracked |  0
| 645|0x00000000ad100000, 0x00000000ad100000, 0x00000000ad200000|  0%| F|  |TAMS 0x00000000ad100000| PB 0x00000000ad100000| Untracked |  0
| 646|0x00000000ad200000, 0x00000000ad200000, 0x00000000ad300000|  0%| F|  |TAMS 0x00000000ad200000| PB 0x00000000ad200000| Untracked |  0
| 647|0x00000000ad300000, 0x00000000ad300000, 0x00000000ad400000|  0%| F|  |TAMS 0x00000000ad300000| PB 0x00000000ad300000| Untracked |  0
| 648|0x00000000ad400000, 0x00000000ad400000, 0x00000000ad500000|  0%| F|  |TAMS 0x00000000ad400000| PB 0x00000000ad400000| Untracked |  0
| 649|0x00000000ad500000, 0x00000000ad500000, 0x00000000ad600000|  0%| F|  |TAMS 0x00000000ad500000| PB 0x00000000ad500000| Untracked |  0
| 650|0x00000000ad600000, 0x00000000ad600000, 0x00000000ad700000|  0%| F|  |TAMS 0x00000000ad600000| PB 0x00000000ad600000| Untracked |  0
| 651|0x00000000ad700000, 0x00000000ad700000, 0x00000000ad800000|  0%| F|  |TAMS 0x00000000ad700000| PB 0x00000000ad700000| Untracked |  0
| 652|0x00000000ad800000, 0x00000000ad800000, 0x00000000ad900000|  0%| F|  |TAMS 0x00000000ad800000| PB 0x00000000ad800000| Untracked |  0
| 653|0x00000000ad900000, 0x00000000ad900000, 0x00000000ada00000|  0%| F|  |TAMS 0x00000000ad900000| PB 0x00000000ad900000| Untracked |  0
| 654|0x00000000ada00000, 0x00000000ada0b310, 0x00000000adb00000|  4%| S|CS|TAMS 0x00000000ada00000| PB 0x00000000ada00000| Complete |  0
| 655|0x00000000adb00000, 0x00000000adb00000, 0x00000000adc00000|  0%| F|  |TAMS 0x00000000adb00000| PB 0x00000000adb00000| Untracked |  0
| 656|0x00000000adc00000, 0x00000000adc00000, 0x00000000add00000|  0%| F|  |TAMS 0x00000000adc00000| PB 0x00000000adc00000| Untracked |  0
| 657|0x00000000add00000, 0x00000000add00000, 0x00000000ade00000|  0%| F|  |TAMS 0x00000000add00000| PB 0x00000000add00000| Untracked |  0
| 658|0x00000000ade00000, 0x00000000ade00000, 0x00000000adf00000|  0%| F|  |TAMS 0x00000000ade00000| PB 0x00000000ade00000| Untracked |  0
| 659|0x00000000adf00000, 0x00000000adf00000, 0x00000000ae000000|  0%| F|  |TAMS 0x00000000adf00000| PB 0x00000000adf00000| Untracked |  0
| 660|0x00000000ae000000, 0x00000000ae000000, 0x00000000ae100000|  0%| F|  |TAMS 0x00000000ae000000| PB 0x00000000ae000000| Untracked |  0
| 661|0x00000000ae100000, 0x00000000ae100000, 0x00000000ae200000|  0%| F|  |TAMS 0x00000000ae100000| PB 0x00000000ae100000| Untracked |  0
| 662|0x00000000ae200000, 0x00000000ae200000, 0x00000000ae300000|  0%| F|  |TAMS 0x00000000ae200000| PB 0x00000000ae200000| Untracked |  0
| 663|0x00000000ae300000, 0x00000000ae300000, 0x00000000ae400000|  0%| F|  |TAMS 0x00000000ae300000| PB 0x00000000ae300000| Untracked |  0
| 664|0x00000000ae400000, 0x00000000ae400000, 0x00000000ae500000|  0%| F|  |TAMS 0x00000000ae400000| PB 0x00000000ae400000| Untracked |  0
| 665|0x00000000ae500000, 0x00000000ae600000, 0x00000000ae600000|100%| E|  |TAMS 0x00000000ae500000| PB 0x00000000ae500000| Complete |  0
| 666|0x00000000ae600000, 0x00000000ae700000, 0x00000000ae700000|100%| E|CS|TAMS 0x00000000ae600000| PB 0x00000000ae600000| Complete |  0
| 667|0x00000000ae700000, 0x00000000ae800000, 0x00000000ae800000|100%| E|CS|TAMS 0x00000000ae700000| PB 0x00000000ae700000| Complete |  0
| 668|0x00000000ae800000, 0x00000000ae900000, 0x00000000ae900000|100%| E|CS|TAMS 0x00000000ae800000| PB 0x00000000ae800000| Complete |  0
|1966|0x00000000ffa00000, 0x00000000ffa87f18, 0x00000000ffb00000| 53%| O|  |TAMS 0x00000000ffa00000| PB 0x00000000ffa00000| Untracked |  0
|1967|0x00000000ffb00000, 0x00000000ffc00000, 0x00000000ffc00000|100%| O|  |TAMS 0x00000000ffb00000| PB 0x00000000ffb00000| Untracked |  0
|1968|0x00000000ffc00000, 0x00000000ffd00000, 0x00000000ffd00000|100%| O|  |TAMS 0x00000000ffc00000| PB 0x00000000ffc00000| Untracked |  0
|1969|0x00000000ffd00000, 0x00000000ffe00000, 0x00000000ffe00000|100%| O|  |TAMS 0x00000000ffd00000| PB 0x00000000ffd00000| Untracked |  0
|1970|0x00000000ffe00000, 0x00000000fff00000, 0x00000000fff00000|100%| O|  |TAMS 0x00000000ffe00000| PB 0x00000000ffe00000| Untracked |  0
|1971|0x00000000fff00000, 0x0000000100000000, 0x0000000100000000|100%| E|CS|TAMS 0x00000000fff00000| PB 0x00000000fff00000| Complete |  0

Card table byte_map: [0x00000206529c0000,0x0000020652da0000] _byte_map_base: 0x000002065259a000

Marking Bits: (CMBitMap*) 0x000002063ab461e0
 Bits: [0x0000020652da0000, 0x0000020654c70000)

Polling page: 0x000002063a1d0000

Metaspace:
Metaspace        used 21516K, committed 21824K, reserved 1114112K
 class space     used 2397K, committed 2560K, reserved 1048576K

Usage:
  Non-class:     18.67 MB used.
      Class:      2.34 MB used.
       Both:     21.01 MB used.

Virtual space:
  Non-class space:       64.00 MB reserved,      18.81 MB ( 29%) committed,  1 nodes.
      Class space:        1.00 GB reserved,       2.50 MB ( <1%) committed,  1 nodes.
             Both:        1.06 GB reserved,      21.31 MB (  2%) committed. 

Chunk freelists:
   Non-Class:  12.75 MB
       Class:  13.55 MB
        Both:  26.30 MB

MaxMetaspaceSize: unlimited
CompressedClassSpaceSize: 1.00 GB
Initial GC threshold: 21.00 MB
Current GC threshold: 35.00 MB
CDS: on
 - commit_granule_bytes: 65536.
 - commit_granule_words: 8192.
 - virtual_space_node_default_size: 8388608.
 - enlarge_chunks_in_place: 1.
UseCompressedClassPointers 1, UseCompactObjectHeaders 0
Narrow klass pointer bits 32, Max shift 3
Narrow klass base: 0x0000000016000000, Narrow klass shift: 0
Encoding Range: [0x0000000016000000 - 0x0000000116000000), (4294967296 bytes)
Klass Range:    [0x0000000016010000 - 0x0000000057000000), (1090453504 bytes)
Klass ID Range:  [65536 - 1090519033) (1090453497)
Protection zone: [0x0000000016000000 - 0x0000000016010000), (65536 bytes)


Internal statistics:

num_allocs_failed_limit: 0.
num_arena_births: 272.
num_arena_deaths: 0.
num_vsnodes_births: 2.
num_vsnodes_deaths: 0.
num_space_committed: 341.
num_space_uncommitted: 0.
num_chunks_returned_to_freelist: 0.
num_chunks_taken_from_freelist: 902.
num_chunk_merges: 0.
num_chunk_splits: 637.
num_chunks_enlarged: 496.
num_inconsistent_stats: 0.

CodeHeap 'non-profiled nmethods': size=120064Kb used=2090Kb max_used=2090Kb free=117973Kb
 bounds [0x000002064b0a0000, 0x000002064b310000, 0x00000206525e0000]
CodeHeap 'profiled nmethods': size=120000Kb used=7357Kb max_used=8073Kb free=112643Kb
 bounds [0x00000206435e0000, 0x0000020643dd0000, 0x000002064ab10000]
CodeHeap 'non-nmethods': size=5696Kb used=2070Kb max_used=2150Kb free=3625Kb
 bounds [0x000002064ab10000, 0x000002064ad80000, 0x000002064b0a0000]
CodeCache: size=245760Kb, used=11517Kb, max_used=12313Kb, free=234241Kb
 total_blobs=5888, nmethods=4936, adapters=852, full_count=0
Compilation: enabled, stopped_count=0, restarted_count=0

Compilation events (20 events):
Event: 29.184 Thread 0x00000206570f2310 nmethod 5526 0x000002064b261108 code [0x000002064b261200, 0x000002064b261408]
Event: 29.193 Thread 0x0000020657108d00 5527       3       com.sun.marlin.Helpers$IndexStack::push (114 bytes)
Event: 29.194 Thread 0x0000020657108d00 nmethod 5527 0x0000020643704f08 code [0x0000020643705000, 0x0000020643705380]
Event: 29.233 Thread 0x0000020657108d00 5528       1       org.bridj.Pointer::getIO (5 bytes)
Event: 29.233 Thread 0x0000020657108d00 nmethod 5528 0x000002064b260e08 code [0x000002064b260f00, 0x000002064b260fc8]
Event: 29.233 Thread 0x0000020657108d00 5529       3       com.github.sarxos.webcam.ds.buildin.WebcamDefaultDevice::isOpen (8 bytes)
Event: 29.233 Thread 0x0000020657108d00 nmethod 5529 0x00000206436b7b08 code [0x00000206436b7c00, 0x00000206436b7e40]
Event: 29.300 Thread 0x0000020657108d00 5530       3       jdk.internal.misc.Unsafe::checkOffset (32 bytes)
Event: 29.300 Thread 0x0000020657108d00 nmethod 5530 0x0000020643704b88 code [0x0000020643704c80, 0x0000020643704ee8]
Event: 29.300 Thread 0x0000020657108d00 5531       3       java.nio.MappedByteBuffer::position (6 bytes)
Event: 29.300 Thread 0x0000020657108d00 nmethod 5531 0x0000020643704788 code [0x0000020643704880, 0x0000020643704b08]
Event: 29.325 Thread 0x0000020657108d00 5532       3       java.util.LinkedList::remove (77 bytes)
Event: 29.325 Thread 0x0000020657108d00 nmethod 5532 0x0000020643704088 code [0x0000020643704180, 0x0000020643704640]
Event: 29.348 Thread 0x00000206570f2310 5533   !   4       java.util.concurrent.LinkedTransferQueue$DualNode::await (252 bytes)
Event: 29.353 Thread 0x00000206570f2310 nmethod 5533 0x000002064b1f4f88 code [0x000002064b1f5080, 0x000002064b1f5848]
Event: 29.382 Thread 0x0000020657108d00 5534       3       com.sun.prism.impl.ps.BaseShaderGraphics::fillRect (149 bytes)
Event: 29.383 Thread 0x0000020657108d00 nmethod 5534 0x0000020643789908 code [0x0000020643789a20, 0x0000020643789f70]
Event: 29.384 Thread 0x00000206570f2310 5535       4       java.util.TimSort::mergeLo (659 bytes)
Event: 29.409 Thread 0x0000020657108d00 5538       3       com.sun.media.jfxmediaimpl.platform.gstreamer.GSTMediaPlayer::playerGetPresentationTime (32 bytes)
Event: 29.409 Thread 0x0000020657108d00 nmethod 5538 0x0000020643789488 code [0x0000020643789580, 0x0000020643789880]

GC Heap Usage History (20 events):
Event: 24.081 {heap Before GC invocations=38 (full 0):
 garbage-first heap   total reserved 2019328K, committed 230400K, used 104996K [0x0000000084c00000, 0x0000000100000000)
  region size 1024K, 4 young (4096K), 1 survivors (1024K)
}
Event: 24.082 {heap After GC invocations=39 (full 0):
 garbage-first heap   total reserved 2019328K, committed 230400K, used 99873K [0x0000000084c00000, 0x0000000100000000)
  region size 1024K, 1 young (1024K), 1 survivors (1024K)
}
Event: 24.082 {heap Before GC invocations=39 (full 0):
 garbage-first heap   total reserved 2019328K, committed 230400K, used 103969K [0x0000000084c00000, 0x0000000100000000)
  region size 1024K, 2 young (2048K), 1 survivors (1024K)
}
Event: 24.083 {heap After GC invocations=40 (full 0):
 garbage-first heap   total reserved 2019328K, committed 230400K, used 95784K [0x0000000084c00000, 0x0000000100000000)
  region size 1024K, 1 young (1024K), 1 survivors (1024K)
}
Event: 24.145 {heap Before GC invocations=40 (full 0):
 garbage-first heap   total reserved 2019328K, committed 230400K, used 106024K [0x0000000084c00000, 0x0000000100000000)
  region size 1024K, 5 young (5120K), 1 survivors (1024K)
}
Event: 24.146 {heap After GC invocations=41 (full 0):
 garbage-first heap   total reserved 2019328K, committed 230400K, used 99875K [0x0000000084c00000, 0x0000000100000000)
  region size 1024K, 1 young (1024K), 1 survivors (1024K)
}
Event: 24.146 {heap Before GC invocations=41 (full 0):
 garbage-first heap   total reserved 2019328K, committed 230400K, used 103971K [0x0000000084c00000, 0x0000000100000000)
  region size 1024K, 2 young (2048K), 1 survivors (1024K)
}
Event: 24.147 {heap After GC invocations=42 (full 0):
 garbage-first heap   total reserved 2019328K, committed 230400K, used 95783K [0x0000000084c00000, 0x0000000100000000)
  region size 1024K, 1 young (1024K), 1 survivors (1024K)
}
Event: 24.209 {heap Before GC invocations=42 (full 0):
 garbage-first heap   total reserved 2019328K, committed 230400K, used 104999K [0x0000000084c00000, 0x0000000100000000)
  region size 1024K, 4 young (4096K), 1 survivors (1024K)
}
Event: 24.211 {heap After GC invocations=43 (full 0):
 garbage-first heap   total reserved 2019328K, committed 691200K, used 99875K [0x0000000084c00000, 0x0000000100000000)
  region size 1024K, 1 young (1024K), 1 survivors (1024K)
}
Event: 25.668 {heap Before GC invocations=43 (full 0):
 garbage-first heap   total reserved 2019328K, committed 691200K, used 330275K [0x0000000084c00000, 0x0000000100000000)
  region size 1024K, 21 young (21504K), 1 survivors (1024K)
}
Event: 25.669 {heap After GC invocations=44 (full 0):
 garbage-first heap   total reserved 2019328K, committed 691200K, used 235070K [0x0000000084c00000, 0x0000000100000000)
  region size 1024K, 1 young (1024K), 1 survivors (1024K)
}
Event: 26.249 {heap Before GC invocations=44 (full 0):
 garbage-first heap   total reserved 2019328K, committed 691200K, used 323134K [0x0000000084c00000, 0x0000000100000000)
  region size 1024K, 14 young (14336K), 1 survivors (1024K)
}
Event: 26.251 {heap After GC invocations=45 (full 0):
 garbage-first heap   total reserved 2019328K, committed 691200K, used 147003K [0x0000000084c00000, 0x0000000100000000)
  region size 1024K, 1 young (1024K), 1 survivors (1024K)
}
Event: 27.442 {heap Before GC invocations=45 (full 0):
 garbage-first heap   total reserved 2019328K, committed 691200K, used 344635K [0x0000000084c00000, 0x0000000100000000)
  region size 1024K, 35 young (35840K), 1 survivors (1024K)
}
Event: 27.443 {heap After GC invocations=46 (full 0):
 garbage-first heap   total reserved 2019328K, committed 691200K, used 205374K [0x0000000084c00000, 0x0000000100000000)
  region size 1024K, 1 young (1024K), 1 survivors (1024K)
}
Event: 28.235 {heap Before GC invocations=46 (full 0):
 garbage-first heap   total reserved 2019328K, committed 691200K, used 325182K [0x0000000084c00000, 0x0000000100000000)
  region size 1024K, 16 young (16384K), 1 survivors (1024K)
}
Event: 28.237 {heap After GC invocations=47 (full 0):
 garbage-first heap   total reserved 2019328K, committed 691200K, used 166461K [0x0000000084c00000, 0x0000000100000000)
  region size 1024K, 1 young (1024K), 1 survivors (1024K)
}
Event: 29.298 {heap Before GC invocations=47 (full 0):
 garbage-first heap   total reserved 2019328K, committed 691200K, used 329277K [0x0000000084c00000, 0x0000000100000000)
  region size 1024K, 20 young (20480K), 1 survivors (1024K)
}
Event: 29.299 {heap After GC invocations=48 (full 0):
 garbage-first heap   total reserved 2019328K, committed 691200K, used 190027K [0x0000000084c00000, 0x0000000100000000)
  region size 1024K, 1 young (1024K), 1 survivors (1024K)
}

Metaspace Usage History (20 events):
Event: 24.081 {metaspace Before GC invocations=38 (full 0):
 Metaspace       used 21272K, committed 21568K, reserved 1114112K
  class space    used 2397K, committed 2560K, reserved 1048576K
}
Event: 24.082 {metaspace After GC invocations=39 (full 0):
 Metaspace       used 21272K, committed 21568K, reserved 1114112K
  class space    used 2397K, committed 2560K, reserved 1048576K
}
Event: 24.082 {metaspace Before GC invocations=39 (full 0):
 Metaspace       used 21273K, committed 21568K, reserved 1114112K
  class space    used 2397K, committed 2560K, reserved 1048576K
}
Event: 24.083 {metaspace After GC invocations=40 (full 0):
 Metaspace       used 21273K, committed 21568K, reserved 1114112K
  class space    used 2397K, committed 2560K, reserved 1048576K
}
Event: 24.145 {metaspace Before GC invocations=40 (full 0):
 Metaspace       used 21274K, committed 21568K, reserved 1114112K
  class space    used 2397K, committed 2560K, reserved 1048576K
}
Event: 24.146 {metaspace After GC invocations=41 (full 0):
 Metaspace       used 21274K, committed 21568K, reserved 1114112K
  class space    used 2397K, committed 2560K, reserved 1048576K
}
Event: 24.146 {metaspace Before GC invocations=41 (full 0):
 Metaspace       used 21274K, committed 21568K, reserved 1114112K
  class space    used 2397K, committed 2560K, reserved 1048576K
}
Event: 24.147 {metaspace After GC invocations=42 (full 0):
 Metaspace       used 21274K, committed 21568K, reserved 1114112K
  class space    used 2397K, committed 2560K, reserved 1048576K
}
Event: 24.209 {metaspace Before GC invocations=42 (full 0):
 Metaspace       used 21274K, committed 21568K, reserved 1114112K
  class space    used 2397K, committed 2560K, reserved 1048576K
}
Event: 24.211 {metaspace After GC invocations=43 (full 0):
 Metaspace       used 21274K, committed 21568K, reserved 1114112K
  class space    used 2397K, committed 2560K, reserved 1048576K
}
Event: 25.668 {metaspace Before GC invocations=43 (full 0):
 Metaspace       used 21330K, committed 21696K, reserved 1114112K
  class space    used 2397K, committed 2560K, reserved 1048576K
}
Event: 25.669 {metaspace After GC invocations=44 (full 0):
 Metaspace       used 21330K, committed 21696K, reserved 1114112K
  class space    used 2397K, committed 2560K, reserved 1048576K
}
Event: 26.250 {metaspace Before GC invocations=44 (full 0):
 Metaspace       used 21366K, committed 21696K, reserved 1114112K
  class space    used 2397K, committed 2560K, reserved 1048576K
}
Event: 26.251 {metaspace After GC invocations=45 (full 0):
 Metaspace       used 21366K, committed 21696K, reserved 1114112K
  class space    used 2397K, committed 2560K, reserved 1048576K
}
Event: 27.442 {metaspace Before GC invocations=45 (full 0):
 Metaspace       used 21424K, committed 21696K, reserved 1114112K
  class space    used 2397K, committed 2560K, reserved 1048576K
}
Event: 27.443 {metaspace After GC invocations=46 (full 0):
 Metaspace       used 21424K, committed 21696K, reserved 1114112K
  class space    used 2397K, committed 2560K, reserved 1048576K
}
Event: 28.235 {metaspace Before GC invocations=46 (full 0):
 Metaspace       used 21431K, committed 21696K, reserved 1114112K
  class space    used 2397K, committed 2560K, reserved 1048576K
}
Event: 28.237 {metaspace After GC invocations=47 (full 0):
 Metaspace       used 21431K, committed 21696K, reserved 1114112K
  class space    used 2397K, committed 2560K, reserved 1048576K
}
Event: 29.298 {metaspace Before GC invocations=47 (full 0):
 Metaspace       used 21454K, committed 21760K, reserved 1114112K
  class space    used 2397K, committed 2560K, reserved 1048576K
}
Event: 29.299 {metaspace After GC invocations=48 (full 0):
 Metaspace       used 21454K, committed 21760K, reserved 1114112K
  class space    used 2397K, committed 2560K, reserved 1048576K
}

Dll operation events (20 events):
Event: 0.567 Loaded shared library C:\Users\lirawr\.openjfx\cache\21.0.1+6\amd64\api-ms-win-crt-stdio-l1-1-0.dll
Event: 0.571 Loaded shared library C:\Users\lirawr\.openjfx\cache\21.0.1+6\amd64\api-ms-win-crt-string-l1-1-0.dll
Event: 0.576 Loaded shared library C:\Users\lirawr\.openjfx\cache\21.0.1+6\amd64\api-ms-win-crt-time-l1-1-0.dll
Event: 0.580 Loaded shared library C:\Users\lirawr\.openjfx\cache\21.0.1+6\amd64\api-ms-win-crt-utility-l1-1-0.dll
Event: 0.597 Loaded shared library C:\Users\lirawr\.openjfx\cache\21.0.1+6\amd64\ucrtbase.dll
Event: 0.603 Loaded shared library C:\Users\lirawr\.openjfx\cache\21.0.1+6\amd64\vcruntime140.dll
Event: 0.610 Loaded shared library C:\Users\lirawr\.openjfx\cache\21.0.1+6\amd64\vcruntime140_1.dll
Event: 0.622 Loaded shared library C:\Users\lirawr\.openjfx\cache\21.0.1+6\amd64\msvcp140.dll
Event: 0.630 Loaded shared library C:\Users\lirawr\.openjfx\cache\21.0.1+6\amd64\msvcp140_1.dll
Event: 0.638 Loaded shared library C:\Users\lirawr\.openjfx\cache\21.0.1+6\amd64\msvcp140_2.dll
Event: 0.692 Loaded shared library C:\Users\lirawr\.openjfx\cache\21.0.1+6\amd64\prism_d3d.dll
Event: 0.786 Loaded shared library C:\Users\lirawr\.openjfx\cache\21.0.1+6\amd64\glass.dll
Event: 0.901 Loaded shared library C:\Program Files\Eclipse Adoptium\jdk-25.0.1.8-hotspot\bin\jimage.dll
Event: 1.079 Loaded shared library C:\Users\lirawr\.openjfx\cache\21.0.1+6\amd64\javafx_font.dll
Event: 1.232 Loaded shared library C:\Users\lirawr\.openjfx\cache\21.0.1+6\amd64\glib-lite.dll
Event: 1.254 Loaded shared library C:\Users\lirawr\.openjfx\cache\21.0.1+6\amd64\gstreamer-lite.dll
Event: 1.267 Loaded shared library C:\Users\lirawr\.openjfx\cache\21.0.1+6\amd64\jfxmedia.dll
Event: 14.530 Loaded shared library C:\Program Files\Eclipse Adoptium\jdk-25.0.1.8-hotspot\bin\verify.dll
Event: 16.516 Loaded shared library C:\Users\lirawr\AppData\Local\Temp\BridJExtractedLibraries753879240517788476\bridj.dll
Event: 19.726 Loaded shared library C:\Program Files\Eclipse Adoptium\jdk-25.0.1.8-hotspot\bin\awt.dll

Deoptimization events (20 events):
Event: 28.968 Thread 0x0000020657d85da0 DEOPT PACKING pc=0x000002064b23d734 sp=0x00000087a2bfc8d0
Event: 28.968 Thread 0x0000020657d85da0 DEOPT UNPACKING pc=0x000002064ac3f482 sp=0x00000087a2bfc890 mode 2
Event: 28.968 Thread 0x0000020657d85da0 Uncommon trap: trap_request=0xffffffd6 fr.pc=0x000002064b23d734 relative=0x00000000000015b4
Event: 28.968 Thread 0x0000020657d85da0 Uncommon trap: reason=array_check action=maybe_recompile pc=0x000002064b23d734 method=java.util.TimSort.mergeLo(IIII)V @ 81 c2
Event: 28.968 Thread 0x0000020657d85da0 DEOPT PACKING pc=0x000002064b23d734 sp=0x00000087a2bfc8d0
Event: 28.968 Thread 0x0000020657d85da0 DEOPT UNPACKING pc=0x000002064ac3f482 sp=0x00000087a2bfc890 mode 2
Event: 28.968 Thread 0x0000020657d85da0 Uncommon trap: trap_request=0xffffffd6 fr.pc=0x000002064b23d734 relative=0x00000000000015b4
Event: 28.968 Thread 0x0000020657d85da0 Uncommon trap: reason=array_check action=maybe_recompile pc=0x000002064b23d734 method=java.util.TimSort.mergeLo(IIII)V @ 81 c2
Event: 28.968 Thread 0x0000020657d85da0 DEOPT PACKING pc=0x000002064b23d734 sp=0x00000087a2bfc8d0
Event: 28.968 Thread 0x0000020657d85da0 DEOPT UNPACKING pc=0x000002064ac3f482 sp=0x00000087a2bfc890 mode 2
Event: 29.192 Thread 0x0000020657d85da0 Uncommon trap: trap_request=0xffffffd6 fr.pc=0x000002064b262d68 relative=0x00000000000014e8
Event: 29.192 Thread 0x0000020657d85da0 Uncommon trap: reason=array_check action=maybe_recompile pc=0x000002064b262d68 method=java.util.TimSort.mergeLo(IIII)V @ 212 c2
Event: 29.192 Thread 0x0000020657d85da0 DEOPT PACKING pc=0x000002064b262d68 sp=0x00000087a2bfc8d0
Event: 29.192 Thread 0x0000020657d85da0 DEOPT UNPACKING pc=0x000002064ac3f482 sp=0x00000087a2bfc890 mode 2
Event: 29.192 Thread 0x0000020657d85da0 Uncommon trap: trap_request=0xffffffd6 fr.pc=0x000002064b262d68 relative=0x00000000000014e8
Event: 29.192 Thread 0x0000020657d85da0 Uncommon trap: reason=array_check action=maybe_recompile pc=0x000002064b262d68 method=java.util.TimSort.mergeLo(IIII)V @ 212 c2
Event: 29.192 Thread 0x0000020657d85da0 DEOPT PACKING pc=0x000002064b262d68 sp=0x00000087a2bfc8d0
Event: 29.192 Thread 0x0000020657d85da0 DEOPT UNPACKING pc=0x000002064ac3f482 sp=0x00000087a2bfc890 mode 2
Event: 29.348 Thread 0x000002065718e660 DEOPT PACKING pc=0x000002064365463b sp=0x00000087a69fee60
Event: 29.348 Thread 0x000002065718e660 DEOPT UNPACKING pc=0x000002064ab612a2 sp=0x00000087a69fe3f8 mode 0

Classes loaded (20 events):
Event: 21.245 Loading class sun/java2d/loops/SetFillSpansANY
Event: 21.245 Loading class sun/java2d/loops/SetFillSpansANY done
Event: 21.245 Loading class sun/java2d/loops/DrawGlyphList$General
Event: 21.245 Loading class sun/java2d/loops/DrawGlyphList$General done
Event: 21.245 Loading class sun/java2d/loops/MaskFill$General
Event: 21.245 Loading class sun/java2d/loops/MaskFill$General done
Event: 21.245 Loading class sun/java2d/loops/MaskBlit$General
Event: 21.245 Loading class sun/java2d/loops/GraphicsPrimitive$GeneralBinaryOp
Event: 21.245 Loading class sun/java2d/loops/GraphicsPrimitive$GeneralBinaryOp done
Event: 21.245 Loading class sun/java2d/loops/MaskBlit$General done
Event: 21.245 Loading class sun/java2d/loops/OpaqueCopyAnyToArgb
Event: 21.245 Loading class sun/java2d/loops/OpaqueCopyAnyToArgb done
Event: 21.245 Loading class sun/java2d/loops/OpaqueCopyArgbToAny
Event: 21.245 Loading class sun/java2d/loops/OpaqueCopyArgbToAny done
Event: 21.246 Loading class sun/java2d/loops/DrawGlyphListAA$General
Event: 21.246 Loading class sun/java2d/loops/DrawGlyphListAA$General done
Event: 21.247 Loading class sun/java2d/pipe/RegionSpanIterator
Event: 21.247 Loading class sun/java2d/pipe/SpanIterator
Event: 21.247 Loading class sun/java2d/pipe/SpanIterator done
Event: 21.247 Loading class sun/java2d/pipe/RegionSpanIterator done

Classes unloaded (0 events):
No events

Classes redefined (0 events):
No events

Internal exceptions (20 events):
Event: 19.109 Thread 0x0000020672e6eef0 Exception <a 'java/lang/NoSuchMethodError'{0x000000008c8130a0}: static Lcom/github/sarxos/webcam/ds/buildin/natives/OpenIMAJGrabber;.getWidth()I> (0x000000008c8130a0) 
thrown [s\src\hotspot\share\prims\jni.cpp, line 1106]
Event: 19.109 Thread 0x0000020672e6eef0 Exception <a 'java/lang/NoSuchMethodError'{0x000000008c813428}: static Lcom/github/sarxos/webcam/ds/buildin/natives/OpenIMAJGrabber;.startSession(IIDLorg/bridj/Pointer;)Z> (0x000000008c813428) 
thrown [s\src\hotspot\share\prims\jni.cpp, line 1106]
Event: 19.109 Thread 0x0000020672e6eef0 Exception <a 'java/lang/NoSuchMethodError'{0x000000008c813790}: static Lcom/github/sarxos/webcam/ds/buildin/natives/OpenIMAJGrabber;.startSession(IID)Z> (0x000000008c813790) 
thrown [s\src\hotspot\share\prims\jni.cpp, line 1106]
Event: 19.109 Thread 0x0000020672e6eef0 Exception <a 'java/lang/NoSuchMethodError'{0x000000008c813b18}: static Lcom/github/sarxos/webcam/ds/buildin/natives/OpenIMAJGrabber;.getVideoDevices()Lorg/bridj/Pointer;> (0x000000008c813b18) 
thrown [s\src\hotspot\share\prims\jni.cpp, line 1106]
Event: 19.109 Thread 0x0000020672e6eef0 Exception <a 'java/lang/NoSuchMethodError'{0x000000008c813e80}: static Lcom/github/sarxos/webcam/ds/buildin/natives/OpenIMAJGrabber;.stopSession()V> (0x000000008c813e80) 
thrown [s\src\hotspot\share\prims\jni.cpp, line 1106]
Event: 19.109 Thread 0x0000020672e6eef0 Exception <a 'java/lang/NoSuchMethodError'{0x000000008c814200}: static Lcom/github/sarxos/webcam/ds/buildin/natives/OpenIMAJGrabber;.getImage()Lorg/bridj/Pointer;> (0x000000008c814200) 
thrown [s\src\hotspot\share\prims\jni.cpp, line 1106]
Event: 19.198 Thread 0x0000020672e6eef0 Exception <a 'java/lang/NoSuchMethodError'{0x000000008c8a7e30}: static Lorg/bridj/cpp/CPPRuntime_CPPDestructor_NativeImpl;.destroy(J)V> (0x000000008c8a7e30) 
thrown [s\src\hotspot\share\prims\jni.cpp, line 1106]
Event: 19.245 Thread 0x0000020672e6eef0 Exception <a 'java/lang/NoSuchMethodError'{0x000000008c8bfd58}: static Lorg/bridj/dyncallbacks/PointerToVoid_0;.apply(Lorg/bridj/Pointer;)V> (0x000000008c8bfd58) 
thrown [s\src\hotspot\share\prims\jni.cpp, line 1106]
Event: 19.245 Thread 0x0000020672e6eef0 Exception <a 'java/lang/NoSuchMethodError'{0x000000008c8c0f90}: static Lorg/bridj/dyncallbacks/PointerToVoid_0;.apply(Lorg/bridj/Pointer;)V> (0x000000008c8c0f90) 
thrown [s\src\hotspot\share\prims\jni.cpp, line 1106]
Event: 19.489 Thread 0x0000020672e6eef0 Exception <a 'java/lang/NoSuchMethodError'{0x000000008c8df348}: static Lcom/github/sarxos/webcam/ds/buildin/natives/DeviceList;.getNumDevices()I> (0x000000008c8df348) 
thrown [s\src\hotspot\share\prims\jni.cpp, line 1106]
Event: 19.489 Thread 0x0000020672e6eef0 Exception <a 'java/lang/NoSuchMethodError'{0x000000008c8df6c0}: static Lcom/github/sarxos/webcam/ds/buildin/natives/DeviceList;.getDevice(I)Lorg/bridj/Pointer;> (0x000000008c8df6c0) 
thrown [s\src\hotspot\share\prims\jni.cpp, line 1106]
Event: 19.491 Thread 0x0000020672e6eef0 Exception <a 'java/lang/NoSuchMethodError'{0x000000008c8e7fe8}: static Lcom/github/sarxos/webcam/ds/buildin/natives/Device;.getName()Lorg/bridj/Pointer;> (0x000000008c8e7fe8) 
thrown [s\src\hotspot\share\prims\jni.cpp, line 1106]
Event: 19.491 Thread 0x0000020672e6eef0 Exception <a 'java/lang/NoSuchMethodError'{0x000000008c8e8360}: static Lcom/github/sarxos/webcam/ds/buildin/natives/Device;.getIdentifier()Lorg/bridj/Pointer;> (0x000000008c8e8360) 
thrown [s\src\hotspot\share\prims\jni.cpp, line 1106]
Event: 19.599 Thread 0x0000020672e6eef0 Exception <a 'java/lang/ClassNotFoundException'{0x000000008c8fa6f0}: sun/awt/resources/spi/awtProvider> (0x000000008c8fa6f0) 
thrown [s\src\hotspot\share\classfile\systemDictionary.cpp, line 327]
Event: 19.727 Thread 0x0000020672e6eef0 Exception <a 'java/io/FileNotFoundException'{0x000000008c8fcc30}> (0x000000008c8fcc30) 
thrown [s\src\hotspot\share\prims\jni.cpp, line 516]
Event: 19.727 Thread 0x0000020672e6eef0 Exception <a 'java/io/FileNotFoundException'{0x000000008c8fd680}> (0x000000008c8fd680) 
thrown [s\src\hotspot\share\prims\jni.cpp, line 516]
Event: 19.770 Thread 0x0000020672e73540 Exception <a 'java/lang/NoSuchMethodError'{0x000000008c43eed8}: 'void java.lang.invoke.DirectMethodHandle$Holder.invokeSpecial(java.lang.Object, java.lang.Object, int, int)'> (0x000000008c43eed8) 
thrown [s\src\hotspot\share\interpreter\linkResolver.cpp, line 804]
Event: 19.772 Thread 0x0000020672e73540 Exception <a 'java/lang/NoSuchMethodError'{0x000000008c44e288}: 'java.lang.Object java.lang.invoke.DirectMethodHandle$Holder.newInvokeSpecial(java.lang.Object, java.lang.Object, int, int)'> (0x000000008c44e288) 
thrown [s\src\hotspot\share\interpreter\linkResolver.cpp, line 804]
Event: 19.787 Thread 0x000002065c63bd30 Implicit null exception at 0x000002064b1f9809 to 0x000002064b1fa160
Event: 21.331 Thread 0x000002065718e660 Implicit null exception at 0x000002064b258676 to 0x000002064b258abc

VM Operations (20 events):
Event: 24.081 Executing safepoint VM operation: G1TryInitiateConcMark (G1 Humongous Allocation)
Event: 24.082 Executing safepoint VM operation: G1TryInitiateConcMark (G1 Humongous Allocation) done
Event: 24.082 Executing safepoint VM operation: G1TryInitiateConcMark (G1 Humongous Allocation)
Event: 24.083 Executing safepoint VM operation: G1TryInitiateConcMark (G1 Humongous Allocation) done
Event: 24.145 Executing safepoint VM operation: G1TryInitiateConcMark (G1 Humongous Allocation)
Event: 24.146 Executing safepoint VM operation: G1TryInitiateConcMark (G1 Humongous Allocation) done
Event: 24.146 Executing safepoint VM operation: G1TryInitiateConcMark (G1 Humongous Allocation)
Event: 24.147 Executing safepoint VM operation: G1TryInitiateConcMark (G1 Humongous Allocation) done
Event: 24.209 Executing safepoint VM operation: G1TryInitiateConcMark (G1 Humongous Allocation)
Event: 24.211 Executing safepoint VM operation: G1TryInitiateConcMark (G1 Humongous Allocation) done
Event: 25.668 Executing safepoint VM operation: G1TryInitiateConcMark (G1 Humongous Allocation)
Event: 25.669 Executing safepoint VM operation: G1TryInitiateConcMark (G1 Humongous Allocation) done
Event: 26.249 Executing safepoint VM operation: G1TryInitiateConcMark (G1 Humongous Allocation)
Event: 26.251 Executing safepoint VM operation: G1TryInitiateConcMark (G1 Humongous Allocation) done
Event: 27.442 Executing safepoint VM operation: G1TryInitiateConcMark (G1 Humongous Allocation)
Event: 27.443 Executing safepoint VM operation: G1TryInitiateConcMark (G1 Humongous Allocation) done
Event: 28.235 Executing safepoint VM operation: G1TryInitiateConcMark (G1 Humongous Allocation)
Event: 28.237 Executing safepoint VM operation: G1TryInitiateConcMark (G1 Humongous Allocation) done
Event: 29.298 Executing safepoint VM operation: G1TryInitiateConcMark (G1 Humongous Allocation)
Event: 29.299 Executing safepoint VM operation: G1TryInitiateConcMark (G1 Humongous Allocation) done

Memory protections (0 events):
No events

Nmethod flushes (20 events):
Event: 22.078 Thread 0x00000206570cb2d0 flushing  nmethod 0x0000020643b86288
Event: 22.078 Thread 0x00000206570cb2d0 flushing  nmethod 0x0000020643bbd908
Event: 22.078 Thread 0x00000206570cb2d0 flushing  nmethod 0x0000020643c31c08
Event: 22.078 Thread 0x00000206570cb2d0 flushing  nmethod 0x0000020643dac688
Event: 22.256 Thread 0x00000206570cb2d0 flushing  nmethod 0x0000020643a90a08
Event: 22.384 Thread 0x00000206570cb2d0 flushing  nmethod 0x0000020643aa6a88
Event: 22.384 Thread 0x00000206570cb2d0 flushing  nmethod 0x0000020643d56208
Event: 22.384 Thread 0x00000206570cb2d0 flushing  nmethod 0x0000020643ad7388
Event: 22.556 Thread 0x00000206570cb2d0 flushing  nmethod 0x0000020643a95208
Event: 22.556 Thread 0x00000206570cb2d0 flushing  nmethod 0x0000020643acf908
Event: 22.618 Thread 0x00000206570cb2d0 flushing  nmethod 0x0000020643a7ab88
Event: 22.731 Thread 0x00000206570cb2d0 flushing  nmethod 0x0000020643a8c408
Event: 22.731 Thread 0x00000206570cb2d0 flushing  nmethod 0x000002064368f488
Event: 22.801 Thread 0x00000206570cb2d0 flushing  nmethod 0x0000020643ade308
Event: 22.801 Thread 0x00000206570cb2d0 flushing  nmethod 0x0000020643d58e08
Event: 22.836 Thread 0x00000206570cb2d0 flushing  nmethod 0x000002064b154908
Event: 22.836 Thread 0x00000206570cb2d0 flushing  nmethod 0x0000020643acfd08
Event: 22.836 Thread 0x00000206570cb2d0 flushing  nmethod 0x0000020643ad0508
Event: 22.836 Thread 0x00000206570cb2d0 flushing  nmethod 0x0000020643a94408
Event: 22.836 Thread 0x00000206570cb2d0 flushing  nmethod 0x0000020643adea08

Events (20 events):
Event: 27.291 Thread 0x000002065cf7b9a0 Thread exited: 0x000002065cf7b9a0
Event: 27.291 Thread 0x000002065cf7b9a0 Thread added: 0x000002065cf7b9a0
Event: 27.291 Thread 0x000002065cf7d110 Thread added: 0x000002065cf7d110
Event: 27.291 Thread 0x000002065cf7b9a0 Thread exited: 0x000002065cf7b9a0
Event: 27.291 Thread 0x000002065cf7d110 Thread exited: 0x000002065cf7d110
Event: 27.291 Thread 0x000002065cf7d110 Thread added: 0x000002065cf7d110
Event: 27.291 Thread 0x000002065cf7d110 Thread exited: 0x000002065cf7d110
Event: 27.291 Thread 0x000002065cf7b9a0 Thread added: 0x000002065cf7b9a0
Event: 27.291 Thread 0x000002065cf7b9a0 Thread exited: 0x000002065cf7b9a0
Event: 27.291 Thread 0x000002065cf7b9a0 Thread added: 0x000002065cf7b9a0
Event: 27.291 Thread 0x000002065cf7b9a0 Thread exited: 0x000002065cf7b9a0
Event: 27.291 Thread 0x000002065cf7b9a0 Thread added: 0x000002065cf7b9a0
Event: 27.291 Thread 0x000002065cf7b9a0 Thread exited: 0x000002065cf7b9a0
Event: 27.322 Thread 0x000002065c63bd30 Thread added: 0x000002065cf7b9a0
Event: 27.741 Thread 0x000002065718fdd0 Thread added: 0x000002065718fdd0
Event: 27.742 Thread 0x000002065718fdd0 Thread exited: 0x000002065718fdd0
Event: 28.647 Thread 0x000002065718fdd0 Thread added: 0x000002065718fdd0
Event: 28.648 Thread 0x000002065718fdd0 Thread exited: 0x000002065718fdd0
Event: 28.648 Thread 0x000002065718fdd0 Thread added: 0x000002065718fdd0
Event: 28.648 Thread 0x000002065718fdd0 Thread exited: 0x000002065718fdd0


Dynamic libraries:
0x00007ff725320000 - 0x00007ff72532e000 	C:\Program Files\Eclipse Adoptium\jdk-25.0.1.8-hotspot\bin\java.exe
0x00007ffe519c0000 - 0x00007ffe51c28000 	C:\WINDOWS\SYSTEM32\ntdll.dll
0x00007ffe506d0000 - 0x00007ffe50799000 	C:\WINDOWS\System32\KERNEL32.DLL
0x00007ffe4f390000 - 0x00007ffe4f782000 	C:\WINDOWS\System32\KERNELBASE.dll
0x00007ffe4ed60000 - 0x00007ffe4eeab000 	C:\WINDOWS\System32\ucrtbase.dll
0x00007ffe37640000 - 0x00007ffe3765e000 	C:\Program Files\Eclipse Adoptium\jdk-25.0.1.8-hotspot\bin\VCRUNTIME140.dll
0x00007ffe2afc0000 - 0x00007ffe2afd6000 	C:\Program Files\Eclipse Adoptium\jdk-25.0.1.8-hotspot\bin\jli.dll
0x00007ffe515e0000 - 0x00007ffe517a5000 	C:\WINDOWS\System32\USER32.dll
0x00007ffe4f360000 - 0x00007ffe4f387000 	C:\WINDOWS\System32\win32u.dll
0x00007ffe517b0000 - 0x00007ffe517db000 	C:\WINDOWS\System32\GDI32.dll
0x00007ffe4f230000 - 0x00007ffe4f35d000 	C:\WINDOWS\System32\gdi32full.dll
0x00007ffe30600000 - 0x00007ffe30893000 	C:\WINDOWS\WinSxS\amd64_microsoft.windows.common-controls_6595b64144ccf1df_6.0.26100.6899_none_3e0efeeae32e88c1\COMCTL32.dll
0x00007ffe4fc60000 - 0x00007ffe4fd09000 	C:\WINDOWS\System32\msvcrt.dll
0x00007ffe4ecb0000 - 0x00007ffe4ed53000 	C:\WINDOWS\System32\msvcp_win.dll
0x00007ffe4f840000 - 0x00007ffe4f86f000 	C:\WINDOWS\System32\IMM32.DLL
0x00007ffe48c40000 - 0x00007ffe48c4c000 	C:\Program Files\Eclipse Adoptium\jdk-25.0.1.8-hotspot\bin\vcruntime140_1.dll
0x00007ffe11740000 - 0x00007ffe117cd000 	C:\Program Files\Eclipse Adoptium\jdk-25.0.1.8-hotspot\bin\msvcp140.dll
0x00007ffdd04a0000 - 0x00007ffdd13c6000 	C:\Program Files\Eclipse Adoptium\jdk-25.0.1.8-hotspot\bin\server\jvm.dll
0x00007ffe4fd10000 - 0x00007ffe4fdc4000 	C:\WINDOWS\System32\ADVAPI32.dll
0x00007ffe4f790000 - 0x00007ffe4f836000 	C:\WINDOWS\System32\sechost.dll
0x00007ffe50da0000 - 0x00007ffe50eb8000 	C:\WINDOWS\System32\RPCRT4.dll
0x00007ffe513d0000 - 0x00007ffe51444000 	C:\WINDOWS\System32\WS2_32.dll
0x00007ffe44a20000 - 0x00007ffe44a55000 	C:\WINDOWS\SYSTEM32\WINMM.dll
0x00007ffe4e9d0000 - 0x00007ffe4ea2e000 	C:\WINDOWS\SYSTEM32\POWRPROF.dll
0x00007ffe3e860000 - 0x00007ffe3e86b000 	C:\WINDOWS\SYSTEM32\VERSION.dll
0x00007ffe4e9b0000 - 0x00007ffe4e9c4000 	C:\WINDOWS\SYSTEM32\UMPDC.dll
0x00007ffe4d920000 - 0x00007ffe4d93b000 	C:\WINDOWS\SYSTEM32\kernel.appcore.dll
0x00007ffe37cb0000 - 0x00007ffe37cba000 	C:\Program Files\Eclipse Adoptium\jdk-25.0.1.8-hotspot\bin\jimage.dll
0x00007ffe4c2e0000 - 0x00007ffe4c522000 	C:\WINDOWS\SYSTEM32\DBGHELP.DLL
0x00007ffe4f880000 - 0x00007ffe4fbfb000 	C:\WINDOWS\System32\combase.dll
0x00007ffe505f0000 - 0x00007ffe506c7000 	C:\WINDOWS\System32\OLEAUT32.dll
0x00007ffe2a220000 - 0x00007ffe2a25c000 	C:\WINDOWS\SYSTEM32\dbgcore.DLL
0x00007ffe4eb50000 - 0x00007ffe4ebe8000 	C:\WINDOWS\System32\bcryptPrimitives.dll
0x00007ffe26e60000 - 0x00007ffe26e7e000 	C:\Program Files\Eclipse Adoptium\jdk-25.0.1.8-hotspot\bin\java.dll
0x00007ffe517e0000 - 0x00007ffe51978000 	C:\WINDOWS\System32\ole32.dll
0x00007ffe4fdd0000 - 0x00007ffe5051d000 	C:\WINDOWS\System32\SHELL32.dll
0x00007ffe4f0c0000 - 0x00007ffe4f22b000 	C:\WINDOWS\System32\wintypes.dll
0x00007ffe4c7c0000 - 0x00007ffe4d01d000 	C:\WINDOWS\SYSTEM32\windows.storage.dll
0x00007ffe514d0000 - 0x00007ffe515c2000 	C:\WINDOWS\System32\SHCORE.dll
0x00007ffe50ec0000 - 0x00007ffe50f22000 	C:\WINDOWS\System32\shlwapi.dll
0x00007ffe4ea70000 - 0x00007ffe4ea99000 	C:\WINDOWS\SYSTEM32\profapi.dll
0x00007ffe13f60000 - 0x00007ffe13f71000 	C:\Program Files\Eclipse Adoptium\jdk-25.0.1.8-hotspot\bin\net.dll
0x00007ffe4de90000 - 0x00007ffe4defb000 	C:\WINDOWS\system32\mswsock.dll
0x00007ffe11c50000 - 0x00007ffe11c66000 	C:\Program Files\Eclipse Adoptium\jdk-25.0.1.8-hotspot\bin\nio.dll
0x00007ffe165f0000 - 0x00007ffe16607000 	C:\Program Files\Eclipse Adoptium\jdk-25.0.1.8-hotspot\bin\zip.dll
0x000002063a260000 - 0x000002063a263000 	C:\Users\lirawr\.openjfx\cache\21.0.1+6\amd64\api-ms-win-core-console-l1-1-0.dll
0x000002063a270000 - 0x000002063a273000 	C:\Users\lirawr\.openjfx\cache\21.0.1+6\amd64\api-ms-win-core-console-l1-2-0.dll
0x000002063a280000 - 0x000002063a283000 	C:\Users\lirawr\.openjfx\cache\21.0.1+6\amd64\api-ms-win-core-datetime-l1-1-0.dll
0x000002063a290000 - 0x000002063a293000 	C:\Users\lirawr\.openjfx\cache\21.0.1+6\amd64\api-ms-win-core-debug-l1-1-0.dll
0x000002063a9e0000 - 0x000002063a9e3000 	C:\Users\lirawr\.openjfx\cache\21.0.1+6\amd64\api-ms-win-core-errorhandling-l1-1-0.dll
0x000002063a9f0000 - 0x000002063a9f4000 	C:\Users\lirawr\.openjfx\cache\21.0.1+6\amd64\api-ms-win-core-file-l1-1-0.dll
0x000002063aa00000 - 0x000002063aa03000 	C:\Users\lirawr\.openjfx\cache\21.0.1+6\amd64\api-ms-win-core-file-l1-2-0.dll
0x000002063aa10000 - 0x000002063aa13000 	C:\Users\lirawr\.openjfx\cache\21.0.1+6\amd64\api-ms-win-core-file-l2-1-0.dll
0x000002063aa20000 - 0x000002063aa23000 	C:\Users\lirawr\.openjfx\cache\21.0.1+6\amd64\api-ms-win-core-handle-l1-1-0.dll
0x000002063aa30000 - 0x000002063aa33000 	C:\Users\lirawr\.openjfx\cache\21.0.1+6\amd64\api-ms-win-core-heap-l1-1-0.dll
0x000002063aa40000 - 0x000002063aa43000 	C:\Users\lirawr\.openjfx\cache\21.0.1+6\amd64\api-ms-win-core-interlocked-l1-1-0.dll
0x000002063aa50000 - 0x000002063aa53000 	C:\Users\lirawr\.openjfx\cache\21.0.1+6\amd64\api-ms-win-core-libraryloader-l1-1-0.dll
0x000002063aa60000 - 0x000002063aa63000 	C:\Users\lirawr\.openjfx\cache\21.0.1+6\amd64\api-ms-win-core-localization-l1-2-0.dll
0x000002063aa70000 - 0x000002063aa73000 	C:\Users\lirawr\.openjfx\cache\21.0.1+6\amd64\api-ms-win-core-memory-l1-1-0.dll
0x000002063aa80000 - 0x000002063aa83000 	C:\Users\lirawr\.openjfx\cache\21.0.1+6\amd64\api-ms-win-core-namedpipe-l1-1-0.dll
0x000002063aa90000 - 0x000002063aa93000 	C:\Users\lirawr\.openjfx\cache\21.0.1+6\amd64\api-ms-win-core-processenvironment-l1-1-0.dll
0x000002063aaa0000 - 0x000002063aaa3000 	C:\Users\lirawr\.openjfx\cache\21.0.1+6\amd64\api-ms-win-core-processthreads-l1-1-0.dll
0x0000020657f00000 - 0x0000020657f03000 	C:\Users\lirawr\.openjfx\cache\21.0.1+6\amd64\api-ms-win-core-processthreads-l1-1-1.dll
0x0000020657f10000 - 0x0000020657f13000 	C:\Users\lirawr\.openjfx\cache\21.0.1+6\amd64\api-ms-win-core-profile-l1-1-0.dll
0x0000020657f20000 - 0x0000020657f23000 	C:\Users\lirawr\.openjfx\cache\21.0.1+6\amd64\api-ms-win-core-rtlsupport-l1-1-0.dll
0x0000020657f30000 - 0x0000020657f33000 	C:\Users\lirawr\.openjfx\cache\21.0.1+6\amd64\api-ms-win-core-string-l1-1-0.dll
0x0000020657f40000 - 0x0000020657f43000 	C:\Users\lirawr\.openjfx\cache\21.0.1+6\amd64\api-ms-win-core-synch-l1-1-0.dll
0x0000020657f50000 - 0x0000020657f53000 	C:\Users\lirawr\.openjfx\cache\21.0.1+6\amd64\api-ms-win-core-synch-l1-2-0.dll
0x0000020657f60000 - 0x0000020657f63000 	C:\Users\lirawr\.openjfx\cache\21.0.1+6\amd64\api-ms-win-core-sysinfo-l1-1-0.dll
0x0000020657f70000 - 0x0000020657f73000 	C:\Users\lirawr\.openjfx\cache\21.0.1+6\amd64\api-ms-win-core-timezone-l1-1-0.dll
0x0000020657f80000 - 0x0000020657f83000 	C:\Users\lirawr\.openjfx\cache\21.0.1+6\amd64\api-ms-win-core-util-l1-1-0.dll
0x0000020657f90000 - 0x0000020657f93000 	C:\Users\lirawr\.openjfx\cache\21.0.1+6\amd64\api-ms-win-crt-conio-l1-1-0.dll
0x0000020657fa0000 - 0x0000020657fa4000 	C:\Users\lirawr\.openjfx\cache\21.0.1+6\amd64\api-ms-win-crt-convert-l1-1-0.dll
0x0000020657fb0000 - 0x0000020657fb3000 	C:\Users\lirawr\.openjfx\cache\21.0.1+6\amd64\api-ms-win-crt-environment-l1-1-0.dll
0x0000020657fc0000 - 0x0000020657fc3000 	C:\Users\lirawr\.openjfx\cache\21.0.1+6\amd64\api-ms-win-crt-filesystem-l1-1-0.dll
0x0000020657fd0000 - 0x0000020657fd3000 	C:\Users\lirawr\.openjfx\cache\21.0.1+6\amd64\api-ms-win-crt-heap-l1-1-0.dll
0x0000020657fe0000 - 0x0000020657fe3000 	C:\Users\lirawr\.openjfx\cache\21.0.1+6\amd64\api-ms-win-crt-locale-l1-1-0.dll
0x0000020657ff0000 - 0x0000020657ff5000 	C:\Users\lirawr\.openjfx\cache\21.0.1+6\amd64\api-ms-win-crt-math-l1-1-0.dll
0x000002065c000000 - 0x000002065c005000 	C:\Users\lirawr\.openjfx\cache\21.0.1+6\amd64\api-ms-win-crt-multibyte-l1-1-0.dll
0x000002065c010000 - 0x000002065c020000 	C:\Users\lirawr\.openjfx\cache\21.0.1+6\amd64\api-ms-win-crt-private-l1-1-0.dll
0x000002065c020000 - 0x000002065c023000 	C:\Users\lirawr\.openjfx\cache\21.0.1+6\amd64\api-ms-win-crt-process-l1-1-0.dll
0x000002065c030000 - 0x000002065c034000 	C:\Users\lirawr\.openjfx\cache\21.0.1+6\amd64\api-ms-win-crt-runtime-l1-1-0.dll
0x000002065c040000 - 0x000002065c044000 	C:\Users\lirawr\.openjfx\cache\21.0.1+6\amd64\api-ms-win-crt-stdio-l1-1-0.dll
0x000002065c050000 - 0x000002065c054000 	C:\Users\lirawr\.openjfx\cache\21.0.1+6\amd64\api-ms-win-crt-string-l1-1-0.dll
0x000002065c060000 - 0x000002065c063000 	C:\Users\lirawr\.openjfx\cache\21.0.1+6\amd64\api-ms-win-crt-time-l1-1-0.dll
0x000002065c070000 - 0x000002065c073000 	C:\Users\lirawr\.openjfx\cache\21.0.1+6\amd64\api-ms-win-crt-utility-l1-1-0.dll
0x00007ffe01c20000 - 0x00007ffe01d1c000 	C:\Users\lirawr\.openjfx\cache\21.0.1+6\amd64\ucrtbase.dll
0x00007ffe0fa30000 - 0x00007ffe0fa4b000 	C:\Users\lirawr\.openjfx\cache\21.0.1+6\amd64\vcruntime140.dll
0x00007ffe165e0000 - 0x00007ffe165ec000 	C:\Users\lirawr\.openjfx\cache\21.0.1+6\amd64\vcruntime140_1.dll
0x00007ffe0c1c0000 - 0x00007ffe0c24e000 	C:\Users\lirawr\.openjfx\cache\21.0.1+6\amd64\msvcp140.dll
0x00007ffe13b30000 - 0x00007ffe13b39000 	C:\Users\lirawr\.openjfx\cache\21.0.1+6\amd64\msvcp140_1.dll
0x00007ffe0d430000 - 0x00007ffe0d45f000 	C:\Users\lirawr\.openjfx\cache\21.0.1+6\amd64\msvcp140_2.dll
0x00007ffe0d0e0000 - 0x00007ffe0d10f000 	C:\Users\lirawr\.openjfx\cache\21.0.1+6\amd64\prism_d3d.dll
0x00007ffdaf3d0000 - 0x00007ffdaf580000 	C:\WINDOWS\system32\d3d9.dll
0x00007ffe49560000 - 0x00007ffe4958d000 	C:\WINDOWS\SYSTEM32\dwmapi.dll
0x00007ffe493b0000 - 0x00007ffe493f4000 	C:\WINDOWS\SYSTEM32\dxcore.dll
0x00007ffe492b0000 - 0x00007ffe4935a000 	C:\WINDOWS\system32\uxtheme.dll
0x00007ffdfbfb0000 - 0x00007ffdfc24f000 	C:\WINDOWS\System32\DriverStore\FileRepository\iigd_dch.inf_amd64_7bb1fa07ea2dce86\igdumdim64.dll
0x00007ffd84b20000 - 0x00007ffd86220000 	C:\WINDOWS\System32\DriverStore\FileRepository\iigd_dch.inf_amd64_7bb1fa07ea2dce86\igd9dxva64.dll
0x00007ffe507a0000 - 0x00007ffe50c28000 	C:\WINDOWS\System32\SETUPAPI.dll
0x00007ffe4e6a0000 - 0x00007ffe4e6f7000 	C:\WINDOWS\SYSTEM32\cfgmgr32.dll
0x00007ffe37d00000 - 0x00007ffe39d72000 	C:\WINDOWS\System32\DriverStore\FileRepository\iigd_dch.inf_amd64_7bb1fa07ea2dce86\media_bin_64.dll
0x00007ffe44360000 - 0x00007ffe448f1000 	C:\WINDOWS\System32\DriverStore\FileRepository\iigd_dch.inf_amd64_7bb1fa07ea2dce86\igdgmm64.dll
0x00007ffe46be0000 - 0x00007ffe46c43000 	C:\WINDOWS\SYSTEM32\directxdatabasehelper.dll
0x00007ffe06310000 - 0x00007ffe06352000 	C:\Users\lirawr\.openjfx\cache\21.0.1+6\amd64\glass.dll
0x00007ffe512d0000 - 0x00007ffe513c3000 	C:\WINDOWS\System32\COMDLG32.dll
0x00007ffe50c40000 - 0x00007ffe50d9b000 	C:\WINDOWS\System32\MSCTF.dll
0x00007ffe3e9d0000 - 0x00007ffe3e9f8000 	C:\WINDOWS\System32\DriverStore\FileRepository\iigd_dch.inf_amd64_7bb1fa07ea2dce86\igdinfo64.dll
0x00007ffe3ee80000 - 0x00007ffe43ef1000 	C:\WINDOWS\System32\DriverStore\FileRepository\iigd_dch.inf_amd64_7bb1fa07ea2dce86\igc64.dll
0x00007ffe0d0c0000 - 0x00007ffe0d0d4000 	C:\Users\lirawr\.openjfx\cache\21.0.1+6\amd64\javafx_font.dll
0x00007ffe018d0000 - 0x00007ffe0196f000 	C:\Users\lirawr\.openjfx\cache\21.0.1+6\amd64\glib-lite.dll
0x00007ffe013e0000 - 0x00007ffe014ce000 	C:\Users\lirawr\.openjfx\cache\21.0.1+6\amd64\gstreamer-lite.dll
0x00007ffe06270000 - 0x00007ffe06304000 	C:\WINDOWS\SYSTEM32\DSOUND.dll
0x00007ffe30930000 - 0x00007ffe30961000 	C:\WINDOWS\SYSTEM32\winmmbase.dll
0x00007ffdac090000 - 0x00007ffdac141000 	C:\WINDOWS\SYSTEM32\ResampleDmo.DLL
0x00007ffe2aae0000 - 0x00007ffe2aaee000 	C:\WINDOWS\SYSTEM32\msdmo.dll
0x00007ffe04a80000 - 0x00007ffe04aa5000 	C:\Users\lirawr\.openjfx\cache\21.0.1+6\amd64\jfxmedia.dll
0x00007ffe01bf0000 - 0x00007ffe01c14000 	C:\Users\lirawr\.openjfx\cache\21.0.1+6\amd64\fxplugins.dll
0x00007ffe3ea40000 - 0x00007ffe3ec57000 	C:\WINDOWS\SYSTEM32\MFPlat.DLL
0x00007ffe3ea00000 - 0x00007ffe3ea3d000 	C:\WINDOWS\SYSTEM32\RTWorkQ.DLL
0x00007ffe50fc0000 - 0x00007ffe51071000 	C:\WINDOWS\System32\clbcatq.dll
0x00007ffe440a0000 - 0x00007ffe44138000 	C:\WINDOWS\System32\MMDevApi.dll
0x00007ffe4e700000 - 0x00007ffe4e72d000 	C:\WINDOWS\System32\DEVOBJ.dll
0x00007ffe311c0000 - 0x00007ffe3137b000 	C:\WINDOWS\SYSTEM32\AUDIOSES.DLL
0x00007ffe4bf60000 - 0x00007ffe4bf74000 	C:\WINDOWS\SYSTEM32\resourcepolicyclient.dll
0x00007ffe4e160000 - 0x00007ffe4e16c000 	C:\WINDOWS\SYSTEM32\CRYPTBASE.DLL
0x00007ffe01360000 - 0x00007ffe0138c000 	C:\Windows\System32\qasf.dll
0x00007ffdd52b0000 - 0x00007ffdd54b9000 	C:\Windows\System32\WMVCore.DLL

JVMTI agents: none

dbghelp: loaded successfully - version: 4.0.5 - missing functions: none
symbol engine: initialized successfully - sym options: 0x614 - pdb path: .;C:\Program Files\Eclipse Adoptium\jdk-25.0.1.8-hotspot\bin;C:\WINDOWS\SYSTEM32;C:\WINDOWS\WinSxS\amd64_microsoft.windows.common-controls_6595b64144ccf1df_6.0.26100.6899_none_3e0efeeae32e88c1;C:\Program Files\Eclipse Adoptium\jdk-25.0.1.8-hotspot\bin\server;C:\Users\lirawr\.openjfx\cache\21.0.1+6\amd64;C:\WINDOWS\System32\DriverStore\FileRepository\iigd_dch.inf_amd64_7bb1fa07ea2dce86;C:\Program Files\Common Files\Microsoft Shared\Ink;C:\Users\lirawr\AppData\Local\Temp\BridJExtractedLibraries753879240517788476;C:\WINDOWS\WinSxS\amd64_microsoft.windows.gdiplus_6595b64144ccf1df_1.1.26100.6725_none_6ef34b0e3dc6ea59

VM Arguments:
jvm_args: --add-modules=javafx.controls,javafx.fxml,javafx.media,javafx.swing --module-path=C:\Users\lirawr\.m2\repository\org\openjfx\javafx-base\21.0.1\javafx-base-21.0.1-win.jar;C:\Users\lirawr\.m2\repository\org\openjfx\javafx-base\21.0.1\javafx-base-21.0.1.jar;C:\Users\lirawr\.m2\repository\org\openjfx\javafx-controls\21.0.1\javafx-controls-21.0.1-win.jar;C:\Users\lirawr\.m2\repository\org\openjfx\javafx-controls\21.0.1\javafx-controls-21.0.1.jar;C:\Users\lirawr\.m2\repository\org\openjfx\javafx-fxml\21.0.1\javafx-fxml-21.0.1-win.jar;C:\Users\lirawr\.m2\repository\org\openjfx\javafx-graphics\21.0.1\javafx-graphics-21.0.1-win.jar;C:\Users\lirawr\.m2\repository\org\openjfx\javafx-graphics\21.0.1\javafx-graphics-21.0.1.jar;C:\Users\lirawr\.m2\repository\org\openjfx\javafx-media\21.0.1\javafx-media-21.0.1-win.jar;C:\Users\lirawr\.m2\repository\org\openjfx\javafx-swing\21.0.1\javafx-swing-21.0.1-win.jar --add-modules=javafx.base,javafx.controls,javafx.fxml,javafx.graphics,javafx.media,javafx.swing 
java_command: com.example.photobooth.Main
java_class_path (initial): D:\VScode Files\Tara-Shot-\target\classes;C:\Users\lirawr\.m2\repository\com\github\sarxos\webcam-capture\0.3.12\webcam-capture-0.3.12.jar;C:\Users\lirawr\.m2\repository\com\nativelibs4java\bridj\0.7.0\bridj-0.7.0.jar;C:\Users\lirawr\.m2\repository\org\slf4j\slf4j-api\1.7.2\slf4j-api-1.7.2.jar
Launcher Type: SUN_STANDARD

[Global flags]
     intx CICompilerCount                          = 3                                         {product} {ergonomic}
     uint ConcGCThreads                            = 1                                         {product} {ergonomic}
     uint G1ConcRefinementThreads                  = 4                                         {product} {ergonomic}
   size_t G1HeapRegionSize                         = 1048576                                   {product} {ergonomic}
   size_t InitialHeapSize                          = 130023424                                 {product} {ergonomic}
   size_t MarkStackSize                            = 4194304                                   {product} {ergonomic}
   size_t MarkStackSizeMax                         = 536870912                                 {product} {ergonomic}
   size_t MaxHeapSize                              = 2067791872                                {product} {ergonomic}
   size_t MaxNewSize                               = 1240465408                                {product} {ergonomic}
   size_t MinHeapDeltaBytes                        = 1048576                                   {product} {ergonomic}
   size_t MinHeapSize                              = 8388608                                   {product} {ergonomic}
    uintx NonNMethodCodeHeapSize                   = 5832704                                {pd product} {ergonomic}
    uintx NonProfiledCodeHeapSize                  = 122945536                              {pd product} {ergonomic}
    uintx ProfiledCodeHeapSize                     = 122880000                              {pd product} {ergonomic}
    uintx ReservedCodeCacheSize                    = 251658240                              {pd product} {ergonomic}
     bool SegmentedCodeCache                       = true                                      {product} {ergonomic}
   size_t SoftMaxHeapSize                          = 2067791872                             {manageable} {ergonomic}
     bool UseCompressedOops                        = true                           {product lp64_product} {ergonomic}
     bool UseG1GC                                  = true                                      {product} {ergonomic}
     bool UseLargePagesIndividualAllocation        = false                                  {pd product} {ergonomic}

Logging:
Log output configuration:
 #0: stdout all=warning uptime,level,tags foldmultilines=false
 #1: stderr all=off uptime,level,tags foldmultilines=false

Release file:
IMPLEMENTOR="Eclipse Adoptium" 
IMPLEMENTOR_VERSION="Temurin-25.0.1+8" 
JAVA_RUNTIME_VERSION="25.0.1+8-LTS" 
JAVA_VERSION="25.0.1" 
JAVA_VERSION_DATE="2025-10-21" 
LIBC="default" 
MODULES="java.base java.compiler java.datatransfer java.xml java.prefs java.desktop java.instrument java.logging java.management java.security.sasl java.naming java.rmi java.management.rmi java.net.http java.scripting java.security.jgss java.transaction.xa java.sql java.sql.rowset java.xml.crypto java.se java.smartcardio jdk.accessibility jdk.internal.jvmstat jdk.attach jdk.charsets jdk.internal.opt jdk.zipfs jdk.compiler jdk.crypto.cryptoki jdk.crypto.ec jdk.crypto.mscapi jdk.dynalink jdk.internal.ed jdk.editpad jdk.internal.vm.ci jdk.graal.compiler jdk.graal.compiler.management jdk.hotspot.agent jdk.httpserver jdk.incubator.vector jdk.internal.le jdk.internal.md jdk.jartool jdk.javadoc jdk.jcmd jdk.management jdk.management.agent jdk.jconsole jdk.jdeps jdk.jdwp.agent jdk.jdi jdk.jfr jdk.jlink jdk.jpackage jdk.jshell jdk.jsobject jdk.jstatd jdk.localedata jdk.management.jfr jdk.naming.dns jdk.naming.rmi jdk.net jdk.nio.mapmode jdk.sctp jdk.security.auth jdk.security.jgss jdk.unsupported jdk.unsupported.desktop jdk.xml.dom" 
OS_ARCH="x86_64" 
OS_NAME="Windows" 
SOURCE=".:git:61d6a2c1b35e" 
BUILD_SOURCE="git:839fa0b45d809157cffd3dc8515aad262a4a1776"
BUILD_SOURCE_REPO="https://github.com/adoptium/temurin-build.git"
SOURCE_REPO="https://github.com/adoptium/jdk25u.git"
FULL_VERSION="25.0.1+8-LTS"
SEMANTIC_VERSION="25.0.1+8"
BUILD_INFO="OS: Windows Server 2022 Version: 10.0"
JVM_VARIANT="Hotspot"
JVM_VERSION="25.0.1+8-LTS"
IMAGE_TYPE="JDK"

Environment Variables:
JAVA_HOME=C:\Program Files\Eclipse Adoptium\jdk-25.0.1.8-hotspot
PATH=c:\Users\lirawr\AppData\Roaming\Code\User\globalStorage\github.copilot-chat\debugCommand;c:\Users\lirawr\AppData\Roaming\Code\User\globalStorage\github.copilot-chat\copilotCli;C:\Program Files\Eclipse Adoptium\jdk-25.0.1.8-hotspot\bin;C:\ProgramData\Oracle\Java\javapath;C:\WINDOWS\system32;C:\WINDOWS;C:\WINDOWS\System32\Wbem;C:\maven-mvnd-1.0.3-windows-amd64\bin;C:\WINDOWS\System32\WindowsPowerShell\v1.0\;C:\Program Files\Eclipse Adoptium\jdk-25.0.1.8-hotspot\bin;C:\WINDOWS\System32\OpenSSH\;C:\Program Files\dotnet\;C:\Program Files\Git\cmd;C:\msys64\mingw64\bin;C:\Users\lirawr\AppData\Local\Microsoft\WindowsApps;D:\Microsoft VS Code\bin;C:\msys64\ucrt64\bin;D:\msys2\ucrt64\bin;C:\maven-mvnd-1.0.3-windows-amd64\bin;C:\msys64\mingw64\bin;C:\Users\lirawr\AppData\Local\GitHubDesktop\bin;C:\ProgramData\lirawr\GitHubDesktop\bin;C:\apache-maven-3.9.11\apache-maven\src\bin;C:\apache-maven-3.9.11\bin;C:\apache-maven-3.9.11\apache-maven\src\bin;c:\Users\lirawr\.vscode\extensions\vscjava.vscode-java-debug-0.58.3\bundled\scripts\noConfigScripts
USERNAME=lirawr
LANG=en_US.UTF-8
OS=Windows_NT
PROCESSOR_IDENTIFIER=Intel64 Family 6 Model 140 Stepping 1, GenuineIntel
TMP=C:\Users\lirawr\AppData\Local\Temp
TEMP=C:\Users\lirawr\AppData\Local\Temp




Compilation memory statistics disabled.

Periodic native trim disabled

---------------  S Y S T E M  ---------------

OS:
 Windows 11 , 64 bit Build 26100 (10.0.26100.6725)
OS uptime: 0 days 5:35 hours

CPU: total 4 (initial active 4) (2 cores per cpu, 2 threads per core) family 6 model 140 stepping 1 microcode 0xb6, cx8, cmov, fxsr, ht, mmx, 3dnowpref, sse, sse2, sse3, ssse3, sse4.1, sse4.2, popcnt, lzcnt, tsc, tscinvbit, avx, avx2, aes, erms, clmul, bmi1, bmi2, adx, avx512f, avx512dq, avx512cd, avx512bw, avx512vl, sha, fma, vzeroupper, avx512_vpopcntdq, avx512_vpclmulqdq, avx512_vaes, avx512_vnni, clflush, clflushopt, clwb, avx512_vbmi2, avx512_vbmi, rdtscp, rdpid, fsrm, gfni, avx512_bitalg, f16c, pku, cet_ibt, cet_ss, avx512_ifma
Processor Information for the first 4 processors :
  Max Mhz: 2995, Current Mhz: 2995, Mhz Limit: 2995

Memory: 4k page, system-wide physical 7886M (395M free)
TotalPageFile size 22958M (AvailPageFile size 23M)
current process WorkingSet (physical memory assigned to process): 610M, peak: 678M
current process commit charge ("private bytes"): 1193M, peak: 1207M

vm_info: OpenJDK 64-Bit Server VM (25.0.1+8-LTS) for windows-amd64 JRE (25.0.1+8-LTS), built on 2025-10-21T00:00:00Z with unknown MS VC++:1942

END.
