version 2
JvmtiExport can_access_local_variables 0
JvmtiExport can_hotswap_or_post_breakpoint 1
JvmtiExport can_post_on_exceptions 0
# 224 ciObject found
instanceKlass java/util/TimSort
ciInstanceKlass java/lang/Cloneable 1 0 7 100 1 100 1 1 1
instanceKlass  @bci javafx/scene/media/MediaPlayer$_PlayerStateListener onStop (Lcom/sun/media/jfxmedia/events/PlayerStateEvent;)V 1 <appendix> member <vmtarget> ; # javafx/scene/media/MediaPlayer$_PlayerStateListener$$Lambda+0x00000000172706b0
instanceKlass com/example/photobooth/model/InvertedFilter
instanceKlass com/example/photobooth/model/Photo
instanceKlass  @bci com/example/photobooth/controller/PhotoboothController capturePhotoSequence (I)V 64 <appendix> member <vmtarget> ; # com/example/photobooth/controller/PhotoboothController$$Lambda+0x0000000017270000
instanceKlass  @bci com/example/photobooth/controller/PhotoboothController capturePhotoSequence (I)V 54 <appendix> member <vmtarget> ; # com/example/photobooth/controller/PhotoboothController$$Lambda+0x000000001726e400
instanceKlass com/sun/scenario/effect/impl/state/RenderState$3
instanceKlass com/sun/scenario/effect/impl/state/RenderState$2
instanceKlass com/sun/scenario/effect/impl/state/RenderState$1
instanceKlass  @bci com/example/photobooth/controller/PhotoboothController lambda$21 ()V 29 <appendix> member <vmtarget> ; # com/example/photobooth/controller/PhotoboothController$$Lambda+0x000000001726fb10
instanceKlass com/sun/javafx/image/impl/BaseIntToByteConverter
instanceKlass com/sun/javafx/image/impl/IntArgb$Accessor
instanceKlass com/sun/javafx/image/impl/IntArgb
instanceKlass com/sun/javafx/image/impl/IntArgbPre$Accessor
instanceKlass com/sun/javafx/image/IntPixelAccessor
instanceKlass com/sun/javafx/image/IntToBytePixelConverter
instanceKlass com/sun/javafx/image/IntPixelSetter
instanceKlass com/sun/javafx/image/IntPixelGetter
instanceKlass com/sun/javafx/image/impl/IntArgbPre
instanceKlass com/sun/javafx/image/PixelUtils$1
instanceKlass com/sun/javafx/image/PixelUtils
instanceKlass javafx/scene/image/WritableImage$2
instanceKlass com/sun/javafx/tk/quantum/QuantumToolkit$QuantumImage
instanceKlass javafx/scene/image/WritableImage$1
instanceKlass javafx/scene/image/PixelWriter
instanceKlass com/sun/javafx/tk/Toolkit$WritableImageAccessor
instanceKlass javafx/embed/swing/SwingFXUtils
instanceKlass sun/java2d/pipe/RegionSpanIterator
instanceKlass sun/java2d/pipe/SpanIterator
instanceKlass sun/java2d/loops/GraphicsPrimitive$GeneralBinaryOp
instanceKlass java/awt/image/MultiResolutionImage
instanceKlass java/awt/GraphicsDevice
instanceKlass java/awt/GraphicsConfiguration
instanceKlass sun/java2d/loops/GraphicsPrimitiveMgr$PrimitiveSpec
instanceKlass sun/java2d/loops/GraphicsPrimitiveMgr$2
instanceKlass sun/java2d/loops/GraphicsPrimitiveMgr$1
instanceKlass sun/java2d/loops/GeneralRenderer
instanceKlass sun/java2d/loops/CustomComponent
instanceKlass sun/awt/SunHints$Value
instanceKlass java/awt/RenderingHints$Key
instanceKlass sun/java2d/pipe/ValidatePipe
instanceKlass sun/awt/util/PerformanceLogger$TimeData
instanceKlass sun/awt/util/PerformanceLogger
instanceKlass java/awt/BasicStroke
instanceKlass java/awt/Stroke
instanceKlass sun/java2d/loops/GraphicsPrimitiveMgr$GeneralPrimitives
instanceKlass sun/awt/SunHints
instanceKlass java/awt/geom/Path2D
instanceKlass java/awt/AlphaComposite
instanceKlass sun/java2d/loops/XORComposite
instanceKlass java/awt/Composite
instanceKlass java/awt/Color
instanceKlass java/awt/Paint
instanceKlass java/awt/Graphics
instanceKlass sun/awt/ConstrainableGraphics
instanceKlass sun/java2d/loops/GraphicsPrimitiveMgr
instanceKlass sun/java2d/loops/GraphicsPrimitive
instanceKlass sun/java2d/loops/CompositeType
instanceKlass sun/java2d/DefaultDisposerRecord
instanceKlass sun/java2d/DisposerRecord
instanceKlass java/util/concurrent/ConcurrentLinkedDeque$Node
instanceKlass sun/awt/util/ThreadGroupUtils
instanceKlass sun/java2d/Disposer
instanceKlass sun/java2d/loops/RenderLoops
instanceKlass sun/awt/image/BufImgSurfaceData$ICMColorData
instanceKlass sun/awt/SunDisplayChanger
instanceKlass sun/java2d/windows/WindowsFlags
instanceKlass javax/swing/event/EventListenerList
instanceKlass sun/awt/windows/WDesktopPeer
instanceKlass java/awt/peer/DesktopPeer
instanceKlass java/awt/Component$DummyRequestFocusController
instanceKlass sun/awt/RequestFocusController
instanceKlass java/awt/Component$1
instanceKlass sun/awt/AWTAccessor$ComponentAccessor
instanceKlass java/awt/font/JavaAWTFontAccessImpl
instanceKlass jdk/internal/access/JavaAWTFontAccess
instanceKlass sun/font/AttributeValues
instanceKlass java/awt/geom/AffineTransform
instanceKlass sun/font/FontAccess
instanceKlass java/awt/Font
instanceKlass sun/awt/windows/WObjectPeer
instanceKlass java/awt/dnd/peer/DropTargetPeer
instanceKlass java/awt/peer/ComponentPeer
instanceKlass java/awt/event/InputEvent$1
instanceKlass sun/awt/AWTAccessor$InputEventAccessor
instanceKlass java/awt/event/NativeLibLoader
instanceKlass java/awt/AWTEvent$1
instanceKlass sun/awt/AWTAccessor$AWTEventAccessor
instanceKlass java/awt/Component$AWTTreeLock
instanceKlass java/awt/Component
instanceKlass java/awt/MenuContainer
instanceKlass java/awt/image/ImageObserver
instanceKlass sun/java2d/DestSurfaceProvider
instanceKlass sun/java2d/loops/RenderCache$Entry
instanceKlass sun/java2d/loops/RenderCache
instanceKlass sun/java2d/pipe/DrawImage
instanceKlass sun/java2d/pipe/GeneralCompositePipe
instanceKlass sun/java2d/pipe/SpanShapeRenderer
instanceKlass sun/java2d/pipe/AlphaPaintPipe
instanceKlass sun/java2d/pipe/AAShapePipe
instanceKlass sun/java2d/pipe/RegionIterator
instanceKlass sun/java2d/pipe/Region
instanceKlass sun/java2d/pipe/SpanClipRenderer
instanceKlass sun/java2d/pipe/PixelToShapeConverter
instanceKlass sun/java2d/pipe/AlphaColorPipe
instanceKlass sun/java2d/pipe/CompositePipe
instanceKlass sun/awt/OSInfo$1
instanceKlass sun/awt/OSInfo$WindowsVersion
instanceKlass sun/awt/OSInfo
instanceKlass sun/font/FontUtilities
instanceKlass sun/java2d/pipe/GlyphListPipe
instanceKlass sun/java2d/pipe/OutlineTextRenderer
instanceKlass sun/java2d/ReentrantContextProvider
instanceKlass sun/java2d/marlin/FloatMath
instanceKlass sun/java2d/marlin/MarlinProperties
instanceKlass sun/java2d/marlin/MarlinConst
instanceKlass sun/java2d/pipe/RenderingEngine
instanceKlass sun/java2d/pipe/LoopPipe
instanceKlass sun/java2d/pipe/LoopBasedPipe
instanceKlass sun/java2d/pipe/ParallelogramPipe
instanceKlass sun/java2d/pipe/NullPipe
instanceKlass sun/java2d/pipe/DrawImagePipe
instanceKlass sun/java2d/pipe/TextPipe
instanceKlass sun/java2d/pipe/ShapeDrawPipe
instanceKlass sun/java2d/pipe/PixelFillPipe
instanceKlass sun/java2d/pipe/PixelDrawPipe
instanceKlass java/awt/image/ColorModel$1RGBdefault
instanceKlass sun/awt/image/PixelConverter
instanceKlass sun/java2d/loops/SurfaceType
instanceKlass sun/java2d/SurfaceData
instanceKlass sun/java2d/Surface
instanceKlass sun/java2d/DisposerTarget
instanceKlass sun/util/logging/PlatformLogger
instanceKlass sun/awt/WeakIdentityHashMap
instanceKlass sun/awt/KeyboardFocusManagerPeerProvider
instanceKlass sun/awt/InputMethodSupport
instanceKlass sun/awt/ComponentFactory
instanceKlass sun/awt/DisplayChangedListener
instanceKlass java/awt/GraphicsEnvironment$LocalGE
instanceKlass sun/awt/image/NativeLibLoader
instanceKlass com/example/photobooth/model/MirrorFilter
instanceKlass sun/awt/image/SurfaceManager
instanceKlass sun/awt/image/SurfaceManager$ImageAccessor
instanceKlass java/awt/ImageCapabilities
instanceKlass java/awt/geom/RectangularShape
instanceKlass java/awt/Shape
instanceKlass java/awt/geom/Point2D
instanceKlass sun/java2d/StateTrackableDelegate$2
instanceKlass sun/java2d/StateTrackableDelegate
instanceKlass sun/java2d/StateTrackable
instanceKlass  @bci com/example/photobooth/controller/PhotoboothController startWebcamThread ()V 5 <appendix> member <vmtarget> ; # com/example/photobooth/controller/PhotoboothController$$Lambda+0x000000001726a668
instanceKlass java/awt/image/Raster
instanceKlass java/awt/image/DataBuffer$1
instanceKlass sun/awt/image/SunWritableRaster$DataStealer
instanceKlass javafx/scene/control/ScrollBar$4
instanceKlass javafx/scene/control/skin/ScrollPaneSkin$7
instanceKlass javafx/scene/control/ScrollPane$6
instanceKlass com/sun/javafx/geometry/BoundsUtils
instanceKlass javafx/scene/control/ChoiceBox$10
instanceKlass com/sun/javafx/scene/traversal/ContainerTabOrder$1
instanceKlass  @bci sun/awt/OSInfo$WindowsVersion toString ()Ljava/lang/String; 8 <appendix> form vmentry <vmtarget> ; # java/lang/invoke/LambdaForm$MH+0x000000001726e000
instanceKlass  @bci com/example/photobooth/controller/PhotoboothController capturePhotoSequence (I)V 31 <adapter> ; # java/lang/invoke/LambdaForm$MH+0x000000001726d800
instanceKlass  @bci com/example/photobooth/controller/PhotoboothController capturePhotoSequence (I)V 31 <appendix> form vmentry <vmtarget> ; # java/lang/invoke/LambdaForm$DMH+0x000000001726d400
instanceKlass  @bci com/example/photobooth/controller/PhotoboothController capturePhotoSequence (I)V 31 <appendix> member <vmtarget> ; # com/example/photobooth/controller/PhotoboothController$$Lambda+0x0000000017268d08
instanceKlass  @cpi com/example/photobooth/controller/PhotoboothController 1333 form vmentry <vmtarget> ; # java/lang/invoke/LambdaForm$DMH+0x000000001726d000
instanceKlass  @bci com/example/photobooth/controller/PhotoboothController capturePhoto ()V 51 <appendix> member <vmtarget> ; # com/example/photobooth/controller/PhotoboothController$$Lambda+0x0000000017268ad8
instanceKlass com/github/sarxos/webcam/Webcam$NotificationThreadFactory
instanceKlass com/github/sarxos/webcam/WebcamUpdater$DefaultDelayCalculator
instanceKlass  @bci com/example/photobooth/controller/PhotoboothController lambda$17 ()V 83 <adapter> ; # java/lang/invoke/LambdaForm$MH+0x000000001726cc00
instanceKlass  @bci com/example/photobooth/controller/PhotoboothController lambda$17 ()V 83 <appendix> form vmentry <vmtarget> ; # java/lang/invoke/LambdaForm$MH+0x000000001726c800
instanceKlass  @bci com/example/photobooth/controller/PhotoboothController lambda$17 ()V 83 <appendix> form names 6 function resolvedHandle form vmentry <vmtarget> ; # java/lang/invoke/LambdaForm$DMH+0x000000001726c400
instanceKlass com/github/sarxos/webcam/WebcamDiscoveryListener
instanceKlass com/github/sarxos/webcam/WebcamLock
instanceKlass org/bridj/Pointer$8
instanceKlass sun/java2d/cmm/ProfileDeferralInfo
instanceKlass java/awt/color/ICC_Profile$BuiltInProfile
instanceKlass  @bci java/awt/color/ICC_Profile <clinit> ()V 0 <appendix> argL0 ; # java/awt/color/ICC_Profile$$Lambda+0x0000000017159f30
instanceKlass sun/java2d/cmm/Profile
instanceKlass sun/awt/AWTAccessor$ICC_ProfileAccessor
instanceKlass java/awt/color/ICC_Profile
instanceKlass java/awt/color/ColorSpace$BuiltInSpace
instanceKlass java/awt/color/ColorSpace
instanceKlass sun/awt/PlatformGraphicsInfo
instanceKlass java/awt/GraphicsEnvironment
instanceKlass java/awt/Insets
instanceKlass sun/awt/AWTAccessor
instanceKlass java/awt/Toolkit$1
instanceKlass sun/awt/AWTAccessor$ToolkitAccessor
instanceKlass java/awt/Toolkit
instanceKlass java/awt/geom/Dimension2D
instanceKlass java/awt/image/SampleModel
instanceKlass java/awt/image/DataBuffer
instanceKlass java/awt/image/ColorModel
instanceKlass com/github/sarxos/webcam/ds/buildin/WebcamDefaultDevice
instanceKlass com/github/sarxos/webcam/WebcamDevice$FPSSource
instanceKlass com/github/sarxos/webcam/WebcamDevice$BufferAccess
instanceKlass com/github/sarxos/webcam/WebcamDevice
instanceKlass java/util/AbstractMap$SimpleImmutableEntry
instanceKlass org/bridj/cpp/CPPRuntime$7
instanceKlass org/bridj/DynamicFunctionFactory
instanceKlass org/bridj/util/ASMUtils
instanceKlass org/bridj/util/JNIUtils
instanceKlass org/bridj/cpp/CPPRuntime$4
instanceKlass org/bridj/util/Pair
instanceKlass org/bridj/Pointer$5
instanceKlass org/bridj/cpp/CPPRuntime$6
instanceKlass org/bridj/PlatformSupport
instanceKlass org/bridj/relocated/org/objectweb/asm/Label
instanceKlass org/bridj/relocated/org/objectweb/asm/Item
instanceKlass org/bridj/relocated/org/objectweb/asm/ByteVector
instanceKlass org/bridj/relocated/org/objectweb/asm/MethodVisitor
instanceKlass org/bridj/relocated/org/objectweb/asm/AnnotationVisitor
instanceKlass org/bridj/relocated/org/objectweb/asm/FieldVisitor
instanceKlass org/bridj/relocated/org/objectweb/asm/ClassVisitor
instanceKlass org/bridj/cpp/CPPRuntime$5
instanceKlass org/bridj/StructFieldDescription
instanceKlass org/bridj/SolidRanges
instanceKlass org/bridj/SolidRanges$Builder
instanceKlass org/bridj/ann/Alignment
instanceKlass org/bridj/StructUtils$1
instanceKlass jdk/internal/vm/annotation/IntrinsicCandidate
instanceKlass org/bridj/ann/Field
instanceKlass org/bridj/StructFieldDeclaration
instanceKlass org/bridj/StructUtils
instanceKlass org/bridj/CRuntime$CTypeInfo
instanceKlass org/bridj/cpp/CPPType
instanceKlass org/bridj/NativeEntities$CBInfo
instanceKlass java/lang/reflect/WildcardType
instanceKlass com/sun/prism/shader/FillCircle_RadialGradient_PAD_Loader
instanceKlass org/bridj/ann/Struct
instanceKlass org/bridj/StructCustomizer
instanceKlass org/bridj/StructDescription
instanceKlass org/bridj/StructIO
instanceKlass org/bridj/CommonPointerIOs
instanceKlass org/bridj/Pointer$FreeReleaser
instanceKlass org/bridj/PointerLRUCache
instanceKlass org/bridj/NativeList
instanceKlass org/bridj/PointerIO
instanceKlass org/bridj/CallIO$GenericPointerHandler
instanceKlass org/bridj/CallIO$Utils
instanceKlass sun/reflect/generics/tree/Wildcard
instanceKlass sun/reflect/generics/tree/BottomSignature
instanceKlass sun/reflect/generics/tree/BooleanSignature
instanceKlass sun/reflect/generics/tree/DoubleSignature
instanceKlass sun/reflect/generics/tree/IntSignature
instanceKlass org/bridj/demangling/Demangler$1
instanceKlass org/bridj/ann/Template
instanceKlass org/bridj/ann/Namespace
instanceKlass org/bridj/ValuedEnum
instanceKlass org/bridj/demangling/Demangler$2
instanceKlass org/bridj/demangling/VC9Demangler$CVClassModifier
instanceKlass org/bridj/demangling/VC9Demangler$AccessLevelAndStorageClass
instanceKlass org/bridj/demangling/Demangler$Ident
instanceKlass org/bridj/demangling/VC9Demangler$DemanglingOp
instanceKlass org/bridj/demangling/Demangler$IdentLike
instanceKlass org/bridj/demangling/Demangler$Annotations
instanceKlass org/bridj/demangling/Demangler$TypeRef
instanceKlass org/bridj/demangling/Demangler$TemplateArg
instanceKlass org/bridj/demangling/Demangler
instanceKlass org/bridj/demangling/Demangler$Symbol
instanceKlass org/bridj/ann/Name
instanceKlass org/bridj/ann/Symbol
instanceKlass org/bridj/ann/SetsLastError
instanceKlass org/bridj/ann/Convention
instanceKlass org/bridj/MethodCallInfo$1
instanceKlass org/bridj/ann/Constructor
instanceKlass org/bridj/ann/CLong
instanceKlass org/bridj/ann/Ptr
instanceKlass org/bridj/ann/DisableDirect
instanceKlass org/bridj/ann/Virtual
instanceKlass org/bridj/CallIO
instanceKlass org/bridj/MethodCallInfo
instanceKlass  @bci sun/reflect/annotation/AnnotationParser parseEnumArray (ILjava/lang/Class;Ljava/nio/ByteBuffer;Ljdk/internal/reflect/ConstantPool;Ljava/lang/Class;)Ljava/lang/Object; 16 <appendix> member <vmtarget> ; # sun/reflect/annotation/AnnotationParser$$Lambda+0x0000000017155e48
instanceKlass org/bridj/ann/Forwardable
instanceKlass org/bridj/ann/JNIBound
instanceKlass org/bridj/Pointer
instanceKlass org/bridj/NativeEntities$Builder
instanceKlass org/bridj/util/ConcurrentCache
instanceKlass org/bridj/JNI
instanceKlass  @bci com/sun/javafx/tk/quantum/GlassViewEventHandler lambda$handleScrollEvent$6 (Lcom/sun/glass/ui/View;DDDDIIIIIIIII)Ljava/lang/Void; 27 <appendix> member <vmtarget> ; # com/sun/javafx/tk/quantum/GlassViewEventHandler$$Lambda+0x0000000017254db8
instanceKlass  @bci com/sun/javafx/tk/quantum/GlassViewEventHandler handleScrollEvent (Lcom/sun/glass/ui/View;JIIIIDDIIIIIDD)V 60 <adapter> ; # java/lang/invoke/LambdaForm$MH+0x0000000017251000
# instanceKlass java/lang/invoke/LambdaForm$DMH+0x0000000017250c00
instanceKlass  @bci com/sun/javafx/tk/quantum/GlassViewEventHandler handleScrollEvent (Lcom/sun/glass/ui/View;JIIIIDDIIIIIDD)V 60 <appendix> form vmentry <vmtarget> ; # java/lang/invoke/LambdaForm$DMH+0x0000000017250800
instanceKlass  @bci com/sun/javafx/tk/quantum/GlassViewEventHandler handleScrollEvent (Lcom/sun/glass/ui/View;JIIIIDDIIIIIDD)V 60 <appendix> member <vmtarget> ; # com/sun/javafx/tk/quantum/GlassViewEventHandler$$Lambda+0x0000000017254b88
instanceKlass  @cpi com/sun/javafx/tk/quantum/GlassViewEventHandler 851 form vmentry <vmtarget> ; # java/lang/invoke/LambdaForm$DMH+0x0000000017250400
instanceKlass org/bridj/CRuntime$MethodCallInfoBuilder
instanceKlass org/bridj/util/Utils
instanceKlass org/bridj/CallbackInterface
instanceKlass org/bridj/NativeLibrary$SymbolAccepter
instanceKlass org/bridj/cpp/CPPRuntime$MethodTypeVariableExtractor
instanceKlass org/bridj/cpp/CPPRuntime$ClassTypeVariableExtractor
instanceKlass org/bridj/NativeLibrary
instanceKlass org/bridj/BridJRuntime$TypeInfo
instanceKlass org/bridj/Pointer$Releaser
instanceKlass org/bridj/AbstractBridJRuntime
instanceKlass org/bridj/BridJRuntime
instanceKlass org/bridj/ann/Library
instanceKlass org/bridj/util/AnnotationUtils
instanceKlass org/bridj/ann/Runtime
# instanceKlass java/lang/invoke/LambdaForm$MH+0x0000000017250000
instanceKlass java/io/DeleteOnExitHook$1
instanceKlass java/io/DeleteOnExitHook
instanceKlass java/io/FileOutputStream$1
instanceKlass com/sun/prism/shader/Mask_TextureSuper_Loader
instanceKlass org/bridj/NativeEntities
instanceKlass org/bridj/demangling/Demangler$MemberRef
instanceKlass org/bridj/util/ClassDefiner
instanceKlass org/bridj/BridJ
instanceKlass sun/security/provider/AbstractDrbg$NonceProvider
instanceKlass  @bci sun/security/provider/AbstractDrbg$SeederHolder <clinit> ()V 42 <appendix> member <vmtarget> ; # sun/security/provider/AbstractDrbg$SeederHolder$$Lambda+0x0000000017154078
instanceKlass  @cpi sun/security/provider/AbstractDrbg$SeederHolder 91 form vmentry <vmtarget> ; # java/lang/invoke/LambdaForm$DMH+0x0000000017249c00
# instanceKlass java/lang/invoke/LambdaForm$DMH+0x0000000017249800
instanceKlass sun/nio/fs/BasicFileAttributesHolder
instanceKlass sun/nio/fs/WindowsDirectoryStream$WindowsDirectoryIterator
instanceKlass sun/nio/fs/WindowsDirectoryStream
instanceKlass java/nio/file/DirectoryStream
instanceKlass java/nio/file/Files$AcceptAllFilter
instanceKlass java/nio/file/DirectoryStream$Filter
instanceKlass java/net/NetworkInterface$1
instanceKlass java/net/DefaultInterface
instanceKlass java/net/Inet6Address$Inet6AddressHolder
instanceKlass java/net/InetAddress$PlatformResolver
instanceKlass java/net/spi/InetAddressResolver
instanceKlass java/net/spi/InetAddressResolver$LookupPolicy
instanceKlass java/net/Inet4AddressImpl
instanceKlass java/net/Inet6AddressImpl
instanceKlass java/net/InetAddressImpl
instanceKlass java/util/concurrent/ConcurrentSkipListMap$Node
instanceKlass java/util/concurrent/ConcurrentSkipListMap$Index
instanceKlass java/util/concurrent/ConcurrentNavigableMap
instanceKlass java/util/NavigableSet
instanceKlass java/util/SortedSet
instanceKlass java/net/InetAddress$InetAddressHolder
instanceKlass sun/security/util/SecurityProperties
instanceKlass jdk/internal/util/Exceptions
instanceKlass java/net/InetAddress$1
instanceKlass jdk/internal/access/JavaNetInetAddressAccess
instanceKlass java/net/InetAddress
instanceKlass java/net/InterfaceAddress
instanceKlass java/net/NetworkInterface
instanceKlass sun/security/provider/ByteArrayAccess$BE
instanceKlass sun/security/provider/SeedGenerator
instanceKlass sun/security/provider/AbstractDrbg$SeederHolder
instanceKlass java/security/DrbgParameters$NextBytes
instanceKlass  @bci sun/security/provider/AbstractDrbg <clinit> ()V 12 <appendix> argL0 ; # sun/security/provider/AbstractDrbg$$Lambda+0x0000000017151ea0
instanceKlass  @cpi sun/security/provider/AbstractDrbg 383 form vmentry <vmtarget> ; # java/lang/invoke/LambdaForm$DMH+0x0000000017249400
# instanceKlass java/lang/invoke/LambdaForm$DMH+0x0000000017249000
instanceKlass sun/security/provider/EntropySource
instanceKlass sun/security/provider/AbstractDrbg
instanceKlass java/security/DrbgParameters$Instantiation
instanceKlass java/security/DrbgParameters
instanceKlass sun/security/provider/MoreDrbgParameters
instanceKlass java/security/SecureRandomSpi
instanceKlass java/io/File$TempDirectory
instanceKlass java/net/spi/URLStreamHandlerProvider
instanceKlass jdk/internal/misc/ThreadTracker
instanceKlass java/net/URL$ThreadTrackHolder
instanceKlass org/bridj/Platform
instanceKlass org/bridj/NativeObject
instanceKlass org/bridj/NativeObjectInterface
instanceKlass jdk/internal/util/random/RandomSupport
instanceKlass java/util/Random
instanceKlass java/util/random/RandomGenerator
instanceKlass sun/util/resources/LocaleData$LocaleDataResourceBundleProvider
instanceKlass java/util/spi/ResourceBundleProvider
instanceKlass com/github/sarxos/webcam/WebcamProcessor$ProcessorThreadFactory
instanceKlass java/util/concurrent/LinkedTransferQueue$DualNode
instanceKlass java/util/concurrent/TransferQueue
instanceKlass com/github/sarxos/webcam/WebcamProcessor$AtomicProcessor
instanceKlass com/github/sarxos/webcam/WebcamProcessor
instanceKlass com/github/sarxos/webcam/WebcamTask
instanceKlass com/github/sarxos/webcam/WebcamExceptionHandler
instanceKlass  @bci java/util/concurrent/Executors$AutoShutdownDelegatedExecutorService <init> (Ljava/util/concurrent/ExecutorService;)V 6 <appendix> member <vmtarget> ; # java/util/concurrent/Executors$AutoShutdownDelegatedExecutorService$$Lambda+0x000000001714e950
instanceKlass java/util/concurrent/Executors$DelegatedExecutorService
instanceKlass com/github/sarxos/webcam/WebcamDiscoveryService$WebcamsDiscovery
instanceKlass com/github/sarxos/webcam/ds/buildin/WebcamDefaultDriver
instanceKlass com/github/sarxos/webcam/WebcamDiscoverySupport
instanceKlass com/github/sarxos/webcam/WebcamDriverUtils
instanceKlass com/github/sarxos/webcam/WebcamDiscoveryService
instanceKlass org/slf4j/helpers/NamedLoggerBase
instanceKlass org/slf4j/helpers/Util
instanceKlass org/slf4j/helpers/NOPLoggerFactory
instanceKlass org/slf4j/Logger
instanceKlass org/slf4j/helpers/SubstituteLoggerFactory
instanceKlass org/slf4j/ILoggerFactory
instanceKlass org/slf4j/LoggerFactory
instanceKlass com/github/sarxos/webcam/WebcamDriver
instanceKlass com/github/sarxos/webcam/WebcamUpdater$DelayCalculator
instanceKlass  @bci com/example/photobooth/controller/PhotoboothController startCamera ()V 5 <appendix> member <vmtarget> ; # com/example/photobooth/controller/PhotoboothController$$Lambda+0x000000001724cad8
instanceKlass  @bci com/sun/javafx/tk/quantum/WindowStage close ()V 5 <appendix> member <vmtarget> ; # com/sun/javafx/tk/quantum/WindowStage$$Lambda+0x000000001724c8a8
instanceKlass  @bci javafx/animation/Animation$1 timePulse (J)V 39 <adapter> ; # java/lang/invoke/LambdaForm$MH+0x0000000017248c00
instanceKlass  @bci javafx/animation/Animation$1 timePulse (J)V 39 <appendix> form vmentry <vmtarget> ; # java/lang/invoke/LambdaForm$DMH+0x0000000017248800
instanceKlass  @bci javafx/animation/Animation$1 timePulse (J)V 39 <appendix> member <vmtarget> ; # javafx/animation/Animation$1$$Lambda+0x000000001724c678
instanceKlass  @bci com/sun/scenario/animation/AnimationPulse$PulseData <clinit> ()V 56 <appendix> argL0 ; # com/sun/scenario/animation/AnimationPulse$PulseData$$Lambda+0x000000001724c450
instanceKlass  @bci com/sun/scenario/animation/AnimationPulse$PulseData <clinit> ()V 48 <appendix> argL0 ; # com/sun/scenario/animation/AnimationPulse$PulseData$$Lambda+0x000000001724c228
instanceKlass  @bci com/sun/scenario/animation/AnimationPulse$PulseData <clinit> ()V 40 <appendix> argL0 ; # com/sun/scenario/animation/AnimationPulse$PulseData$$Lambda+0x000000001724c000
instanceKlass  @bci com/sun/scenario/animation/AnimationPulse$PulseData <clinit> ()V 32 <appendix> argL0 ; # com/sun/scenario/animation/AnimationPulse$PulseData$$Lambda+0x0000000017247bd0
instanceKlass  @bci com/sun/scenario/animation/AnimationPulse$PulseData <clinit> ()V 24 <appendix> argL0 ; # com/sun/scenario/animation/AnimationPulse$PulseData$$Lambda+0x00000000172479a8
instanceKlass  @bci com/sun/scenario/animation/AnimationPulse$PulseData <clinit> ()V 16 <appendix> argL0 ; # com/sun/scenario/animation/AnimationPulse$PulseData$$Lambda+0x0000000017247780
instanceKlass  @bci com/sun/scenario/animation/AnimationPulse$PulseData <clinit> ()V 8 <appendix> argL0 ; # com/sun/scenario/animation/AnimationPulse$PulseData$$Lambda+0x0000000017247558
instanceKlass  @bci com/sun/scenario/animation/AnimationPulse$PulseData <clinit> ()V 0 <appendix> argL0 ; # com/sun/scenario/animation/AnimationPulse$PulseData$$Lambda+0x0000000017247330
instanceKlass  @cpi com/sun/scenario/animation/AnimationPulse$PulseData 164 form vmentry <vmtarget> ; # java/lang/invoke/LambdaForm$DMH+0x0000000017248400
# instanceKlass java/lang/invoke/LambdaForm$DMH+0x0000000017248000
instanceKlass com/sun/scenario/animation/AnimationPulse$PulseData
instanceKlass com/sun/scenario/animation/AnimationPulse$PulseData$Accessor
instanceKlass com/sun/scenario/animation/AnimationPulse$AnimationPulseHolder
instanceKlass com/sun/scenario/animation/AnimationPulse
instanceKlass com/sun/scenario/animation/AnimationPulseMBean
instanceKlass  @bci javafx/scene/media/MediaPlayer$_PlayerStateListener onFinish (Lcom/sun/media/jfxmedia/events/PlayerStateEvent;)V 9 <appendix> member <vmtarget> ; # javafx/scene/media/MediaPlayer$_PlayerStateListener$$Lambda+0x0000000017246688
instanceKlass com/sun/javafx/font/directwrite/DWRITE_MATRIX
instanceKlass java/lang/FdLibm$Atan
instanceKlass com/sun/javafx/font/directwrite/D2D1_POINT_2F
instanceKlass com/sun/javafx/font/directwrite/D2D1_PIXEL_FORMAT
instanceKlass com/sun/javafx/font/directwrite/D2D1_RENDER_TARGET_PROPERTIES
instanceKlass  @bci com/sun/javafx/font/directwrite/DWFactory getWICFactory ()Lcom/sun/javafx/font/directwrite/IWICImagingFactory; 36 <appendix> argL0 ; # com/sun/javafx/font/directwrite/DWFactory$$Lambda+0x0000000017244f20
instanceKlass com/sun/glass/ui/EventLoop
instanceKlass com/sun/glass/ui/Window$TrackingRectangle
instanceKlass com/sun/glass/ui/Window$UndecoratedMoveResizeHelper
instanceKlass  @bci com/example/photobooth/controller/PhotoboothController lambda$0 ()V 243 <appendix> member <vmtarget> ; # com/example/photobooth/controller/PhotoboothController$$Lambda+0x00000000172437c0
instanceKlass  @bci com/example/photobooth/controller/PhotoboothController lambda$0 ()V 231 <appendix> member <vmtarget> ; # com/example/photobooth/controller/PhotoboothController$$Lambda+0x0000000017243590
instanceKlass  @bci com/example/photobooth/controller/PhotoboothController lambda$0 ()V 219 <appendix> member <vmtarget> ; # com/example/photobooth/controller/PhotoboothController$$Lambda+0x0000000017243360
instanceKlass  @bci com/example/photobooth/controller/PhotoboothController lambda$0 ()V 207 <appendix> member <vmtarget> ; # com/example/photobooth/controller/PhotoboothController$$Lambda+0x0000000017243130
instanceKlass  @bci com/example/photobooth/controller/PhotoboothController lambda$0 ()V 195 <appendix> member <vmtarget> ; # com/example/photobooth/controller/PhotoboothController$$Lambda+0x0000000017242f00
instanceKlass  @bci com/example/photobooth/controller/PhotoboothController lambda$0 ()V 183 <appendix> member <vmtarget> ; # com/example/photobooth/controller/PhotoboothController$$Lambda+0x0000000017242cd0
instanceKlass  @bci javafx/scene/control/Label <init> (Ljava/lang/String;)V 7 <appendix> member <vmtarget> ; # javafx/scene/control/Label$$Lambda+0x00000000172428a0
instanceKlass com/sun/prism/shader/Texture_LinearGradient_PAD_Loader
instanceKlass com/sun/scenario/effect/impl/state/BoxRenderState$1
instanceKlass com/sun/prism/shader/FillPgram_LinearGradient_PAD_Loader
instanceKlass com/sun/javafx/sg/prism/RegionImageCache$CachedImage
instanceKlass com/sun/prism/impl/BaseResourceFactory$1
instanceKlass com/sun/javafx/sg/prism/RegionImageCache
instanceKlass com/sun/prism/shader/FillRoundRect_LinearGradient_PAD_Loader
instanceKlass com/sun/prism/shader/DrawRoundRect_Color_Loader
instanceKlass com/sun/prism/impl/packrect/Level
instanceKlass com/sun/prism/impl/GlyphCache$GlyphData
instanceKlass com/sun/prism/shader/Solid_TextureSecondPassLCD_Loader
instanceKlass com/sun/prism/shader/Solid_TextureFirstPassLCD_Loader
instanceKlass com/sun/prism/impl/packrect/RectanglePacker
instanceKlass com/sun/prism/impl/GlyphCache
instanceKlass com/sun/prism/shader/DrawCircle_LinearGradient_PAD_Loader
instanceKlass com/sun/prism/shader/FillCircle_Color_Loader
instanceKlass com/sun/javafx/image/impl/ByteGray$Accessor
instanceKlass com/sun/javafx/image/impl/ByteGray
instanceKlass com/sun/prism/shader/Texture_Color_Loader
instanceKlass com/sun/marlin/ArrayCacheConst
instanceKlass com/sun/marlin/MaskMarlinAlphaConsumer
instanceKlass com/sun/javafx/geom/AreaIterator
instanceKlass java/lang/FdLibm$Acos
instanceKlass com/sun/javafx/geom/Edge
instanceKlass java/util/Vector$1
instanceKlass com/sun/javafx/geom/ChainEnd
instanceKlass com/sun/javafx/geom/CurveLink
instanceKlass  @bci com/sun/javafx/geom/AreaOp <clinit> ()V 0 <appendix> argL0 ; # com/sun/javafx/geom/AreaOp$$Lambda+0x000000001723cd10
instanceKlass com/sun/javafx/geom/Curve
instanceKlass com/sun/javafx/geom/Path2D$Iterator
instanceKlass com/sun/javafx/geom/AreaOp
instanceKlass com/sun/marlin/Helpers
instanceKlass com/sun/javafx/geom/RoundRectIterator
instanceKlass com/sun/prism/impl/shape/DMarlinPrismUtils
instanceKlass com/sun/marlin/DPQSSorterContext
instanceKlass com/sun/marlin/Dasher$LengthIterator
instanceKlass com/sun/marlin/Dasher
instanceKlass com/sun/marlin/Stroker
instanceKlass com/sun/marlin/ArrayCacheIntClean$Reference
instanceKlass  @bci com/sun/marlin/OffHeapArray <init> (Ljava/lang/Object;J)V 52 <appendix> member <vmtarget> ; # com/sun/marlin/OffHeapArray$$Lambda+0x000000001723a960
instanceKlass java/util/stream/WhileOps$DropWhileSink
instanceKlass  @bci java/util/stream/ReferencePipeline toArray ()[Ljava/lang/Object; 1 <appendix> argL0 ; # java/util/stream/ReferencePipeline$$Lambda+0x000000001714c630
instanceKlass java/util/stream/SliceOps
instanceKlass java/util/stream/WhileOps$DropWhileOp
instanceKlass java/util/stream/WhileOps
instanceKlass  @bci sun/misc/Unsafe lambda$beforeMemoryAccessSlow$0 (Ljava/util/stream/Stream;)Ljava/util/List; 1 <appendix> argL0 ; # sun/misc/Unsafe$$Lambda+0x000000001714b508
instanceKlass  @bci sun/misc/Unsafe beforeMemoryAccessSlow ()V 26 <appendix> argL0 ; # sun/misc/Unsafe$$Lambda+0x000000001714adf0
instanceKlass sun/misc/Unsafe$StackWalkerHolder
instanceKlass com/sun/marlin/RendererContext$RendererSharedMemory
instanceKlass com/sun/marlin/ArrayCacheInt$Reference
instanceKlass com/sun/marlin/Helpers$IndexStack
instanceKlass com/sun/marlin/TransformingPathConsumer2D$PathClipFilter
instanceKlass com/sun/marlin/TransformingPathConsumer2D$StartFlagPathConsumer2D
instanceKlass com/sun/marlin/ArrayCacheByte$Reference
instanceKlass com/sun/marlin/ArrayCacheDouble$Reference
instanceKlass com/sun/marlin/Helpers$PolyStack
instanceKlass com/sun/marlin/TransformingPathConsumer2D$ClosedPathDetector
instanceKlass com/sun/marlin/TransformingPathConsumer2D$PathTracer
instanceKlass com/sun/marlin/TransformingPathConsumer2D$DeltaTransformFilter
instanceKlass com/sun/marlin/TransformingPathConsumer2D$DeltaScaleFilter
instanceKlass com/sun/marlin/TransformingPathConsumer2D$Path2DWrapper
instanceKlass com/sun/marlin/TransformingPathConsumer2D
instanceKlass com/sun/marlin/TransformingPathConsumer2D$CurveClipSplitter
instanceKlass com/sun/marlin/TransformingPathConsumer2D$CurveBasicMonotonizer
instanceKlass com/sun/marlin/ArrayCacheByte
instanceKlass com/sun/marlin/ArrayCacheDouble
instanceKlass com/sun/marlin/ArrayCacheInt
instanceKlass com/sun/marlin/ArrayCacheIntClean
instanceKlass com/sun/marlin/PathSimplifier
instanceKlass com/sun/marlin/CollinearSimplifier
instanceKlass com/sun/marlin/Curve
instanceKlass  @bci com/sun/marlin/DMarlinRenderingEngine logSettings (Ljava/lang/String;)V 502 <appendix> form vmentry <vmtarget> ; # java/lang/invoke/LambdaForm$MH+0x0000000017231400
instanceKlass sun/misc/Unsafe
instanceKlass com/sun/marlin/OffHeapArray$1
instanceKlass com/sun/marlin/OffHeapArray
instanceKlass com/sun/marlin/MergeSort
instanceKlass jdk/internal/math/ToDecimal
instanceKlass  @bci com/sun/marlin/DMarlinRenderingEngine logSettings (Ljava/lang/String;)V 272 <appendix> form vmentry <vmtarget> ; # java/lang/invoke/LambdaForm$MH+0x0000000017231000
instanceKlass  @bci com/sun/marlin/MarlinProperties getDouble (Ljava/lang/String;DDD)D 4 <appendix> member <vmtarget> ; # com/sun/marlin/MarlinProperties$$Lambda+0x0000000017233610
instanceKlass com/sun/marlin/Version
instanceKlass jdk/internal/ref/CleanerImpl$InnocuousThreadFactory
instanceKlass  @bci com/sun/marlin/MarlinProperties getString (Ljava/lang/String;Ljava/lang/String;)Ljava/lang/String; 2 <appendix> member <vmtarget> ; # com/sun/marlin/MarlinProperties$$Lambda+0x00000000172331d0
instanceKlass com/sun/marlin/FloatMath
instanceKlass  @bci com/sun/marlin/MarlinProperties getInteger (Ljava/lang/String;III)I 1 <appendix> member <vmtarget> ; # com/sun/marlin/MarlinProperties$$Lambda+0x0000000017232d90
instanceKlass com/sun/marlin/MarlinUtils
instanceKlass com/sun/marlin/Renderer
instanceKlass com/sun/marlin/MarlinRenderer
instanceKlass com/sun/marlin/DPathConsumer2D
instanceKlass java/util/concurrent/ConcurrentLinkedQueue$Node
instanceKlass  @bci com/sun/marlin/DMarlinRenderingEngine <clinit> ()V 6 <appendix> argL0 ; # com/sun/marlin/DMarlinRenderingEngine$$Lambda+0x0000000017232218
instanceKlass com/sun/util/reentrant/ReentrantContext
instanceKlass com/sun/util/reentrant/ReentrantContextProvider
instanceKlass com/sun/marlin/DMarlinRenderingEngine
instanceKlass com/sun/marlin/MarlinConst
instanceKlass  @bci com/sun/marlin/MarlinProperties getBoolean (Ljava/lang/String;Ljava/lang/String;)Z 2 <appendix> member <vmtarget> ; # com/sun/marlin/MarlinProperties$$Lambda+0x0000000017237480
instanceKlass com/sun/marlin/MarlinProperties
instanceKlass com/sun/prism/impl/shape/MaskData
instanceKlass com/sun/marlin/MarlinAlphaConsumer
instanceKlass com/sun/openpisces/AlphaConsumer
instanceKlass com/sun/prism/impl/shape/DMarlinRasterizer
instanceKlass com/sun/prism/impl/shape/ShapeUtil$1
instanceKlass com/sun/prism/impl/shape/ShapeRasterizer
instanceKlass com/sun/prism/impl/shape/ShapeUtil
instanceKlass com/sun/prism/impl/shape/BasicShapeRep
instanceKlass com/sun/prism/PrinterGraphics
instanceKlass java/lang/FdLibm$Atan2
instanceKlass com/sun/prism/shader/DrawRoundRect_LinearGradient_PAD_Loader
instanceKlass com/sun/prism/impl/ps/PaintHelper
instanceKlass  @bci com/sun/javafx/tk/quantum/PaintCollector lambda$liveRepaintRenderJob$2 (Lcom/sun/javafx/tk/quantum/QuantumToolkit;Lcom/sun/javafx/tk/quantum/ViewPainter;Ljava/util/concurrent/CountDownLatch;)Ljava/lang/Object; 7 <appendix> member <vmtarget> ; # com/sun/javafx/tk/quantum/PaintCollector$$Lambda+0x0000000017235c48
instanceKlass  @bci com/sun/javafx/tk/quantum/PaintCollector liveRepaintRenderJob (Lcom/sun/javafx/tk/quantum/ViewScene;)V 31 <appendix> member <vmtarget> ; # com/sun/javafx/tk/quantum/PaintCollector$$Lambda+0x0000000017235a18
instanceKlass com/sun/javafx/sg/prism/CacheFilter
instanceKlass com/sun/prism/paint/Stop
instanceKlass com/sun/prism/image/CompoundImage
instanceKlass com/sun/javafx/geom/Path2D$SVGParser
# instanceKlass java/lang/invoke/LambdaForm$MH+0x0000000017230c00
instanceKlass javafx/scene/text/HitInfo
instanceKlass com/sun/javafx/scene/text/TextLayout$Hit
instanceKlass com/sun/javafx/binding/BindingHelperObserver
instanceKlass com/sun/javafx/text/ScriptMapper
# instanceKlass java/lang/invoke/LambdaForm$MH+0x0000000017230800
# instanceKlass java/lang/invoke/LambdaForm$MH+0x0000000017230400
# instanceKlass java/lang/invoke/LambdaForm$MH+0x0000000017230000
instanceKlass com/sun/javafx/font/PrismFontFactory$TTFilter
instanceKlass  @bci com/sun/javafx/font/PrismFontFactory populateFontFileNameMapGeneric (Ljava/lang/String;)V 12 <appendix> member <vmtarget> ; # com/sun/javafx/font/PrismFontFactory$$Lambda+0x000000001722e300
instanceKlass jdk/internal/icu/text/BidiLine
instanceKlass jdk/internal/icu/util/CodePointTrie$Data
instanceKlass jdk/internal/icu/util/CodePointMap
instanceKlass jdk/internal/icu/util/VersionInfo
instanceKlass jdk/internal/icu/impl/UCharacterProperty$IsAcceptable
instanceKlass jdk/internal/icu/impl/UCharacterProperty$IntProperty
instanceKlass jdk/internal/icu/impl/UCharacterProperty
instanceKlass jdk/internal/icu/text/UTF16
instanceKlass jdk/internal/icu/impl/Trie2$UTrie2Header
instanceKlass jdk/internal/icu/impl/Trie2$1
instanceKlass jdk/internal/icu/impl/Trie2$ValueMapper
instanceKlass jdk/internal/icu/impl/Trie2
instanceKlass jdk/internal/icu/impl/UBiDiProps$IsAcceptable
instanceKlass jdk/internal/icu/impl/ICUBinary$Authenticate
instanceKlass jdk/internal/icu/impl/ICUBinary
instanceKlass jdk/internal/icu/impl/UBiDiProps
instanceKlass jdk/internal/icu/text/BidiBase$Point
instanceKlass jdk/internal/icu/text/BidiBase$InsertPoints
instanceKlass jdk/internal/icu/text/BidiRun
instanceKlass jdk/internal/icu/text/BidiBase$ImpTabPair
instanceKlass jdk/internal/icu/text/BidiBase
instanceKlass java/text/Bidi
instanceKlass  @bci javafx/scene/control/skin/ScrollBarSkin <init> (Ljavafx/scene/control/ScrollBar;)V 93 <appendix> member <vmtarget> ; # javafx/scene/control/skin/ScrollBarSkin$$Lambda+0x000000001722de98
instanceKlass  @bci javafx/scene/control/skin/ScrollBarSkin <init> (Ljavafx/scene/control/ScrollBar;)V 78 <appendix> member <vmtarget> ; # javafx/scene/control/skin/ScrollBarSkin$$Lambda+0x000000001722dc58
instanceKlass  @bci javafx/scene/control/skin/ScrollBarSkin <init> (Ljavafx/scene/control/ScrollBar;)V 38 <appendix> member <vmtarget> ; # javafx/scene/control/skin/ScrollBarSkin$$Lambda+0x000000001722da28
instanceKlass  @bci javafx/scene/control/skin/ScrollBarSkin initialize ()V 314 <appendix> member <vmtarget> ; # javafx/scene/control/skin/ScrollBarSkin$$Lambda+0x000000001722d7f8
instanceKlass  @bci javafx/scene/control/skin/ScrollBarSkin initialize ()V 294 <appendix> member <vmtarget> ; # javafx/scene/control/skin/ScrollBarSkin$$Lambda+0x000000001722d5c8
instanceKlass  @bci javafx/scene/control/skin/ScrollBarSkin initialize ()V 281 <appendix> member <vmtarget> ; # javafx/scene/control/skin/ScrollBarSkin$$Lambda+0x000000001722d398
instanceKlass  @bci javafx/scene/control/skin/ScrollBarSkin initialize ()V 268 <appendix> member <vmtarget> ; # javafx/scene/control/skin/ScrollBarSkin$$Lambda+0x000000001722d168
instanceKlass  @bci javafx/scene/control/skin/ScrollBarSkin initialize ()V 255 <appendix> member <vmtarget> ; # javafx/scene/control/skin/ScrollBarSkin$$Lambda+0x000000001722cf38
instanceKlass  @bci javafx/scene/control/skin/ScrollBarSkin initialize ()V 242 <appendix> member <vmtarget> ; # javafx/scene/control/skin/ScrollBarSkin$$Lambda+0x000000001722cd08
instanceKlass  @bci javafx/scene/control/skin/ScrollBarSkin initialize ()V 229 <appendix> member <vmtarget> ; # javafx/scene/control/skin/ScrollBarSkin$$Lambda+0x000000001722cad8
instanceKlass  @bci javafx/scene/control/skin/ScrollBarSkin initialize ()V 216 <appendix> member <vmtarget> ; # javafx/scene/control/skin/ScrollBarSkin$$Lambda+0x000000001722c8a8
instanceKlass  @bci javafx/scene/control/skin/ScrollBarSkin initialize ()V 203 <appendix> member <vmtarget> ; # javafx/scene/control/skin/ScrollBarSkin$$Lambda+0x000000001722c678
instanceKlass  @bci javafx/scene/control/skin/ScrollBarSkin initialize ()V 162 <appendix> member <vmtarget> ; # javafx/scene/control/skin/ScrollBarSkin$$Lambda+0x000000001722c448
instanceKlass  @bci javafx/scene/control/skin/ScrollBarSkin initialize ()V 149 <appendix> member <vmtarget> ; # javafx/scene/control/skin/ScrollBarSkin$$Lambda+0x000000001722c218
instanceKlass com/sun/javafx/scene/control/Properties
instanceKlass  @bci com/sun/javafx/scene/control/behavior/ScrollBarBehavior <init> (Ljavafx/scene/control/ScrollBar;)V 285 <appendix> member <vmtarget> ; # com/sun/javafx/scene/control/behavior/ScrollBarBehavior$$Lambda+0x000000001722bdd8
instanceKlass  @bci com/sun/javafx/scene/control/behavior/ScrollBarBehavior <init> (Ljavafx/scene/control/ScrollBar;)V 266 <appendix> member <vmtarget> ; # com/sun/javafx/scene/control/behavior/ScrollBarBehavior$$Lambda+0x000000001722bba8
instanceKlass  @bci com/sun/javafx/scene/control/behavior/ScrollBarBehavior <init> (Ljavafx/scene/control/ScrollBar;)V 247 <appendix> member <vmtarget> ; # com/sun/javafx/scene/control/behavior/ScrollBarBehavior$$Lambda+0x000000001722b978
instanceKlass  @bci com/sun/javafx/scene/control/behavior/ScrollBarBehavior <init> (Ljavafx/scene/control/ScrollBar;)V 228 <appendix> member <vmtarget> ; # com/sun/javafx/scene/control/behavior/ScrollBarBehavior$$Lambda+0x000000001722b748
instanceKlass  @bci com/sun/javafx/scene/control/behavior/ScrollBarBehavior <init> (Ljavafx/scene/control/ScrollBar;)V 202 <appendix> member <vmtarget> ; # com/sun/javafx/scene/control/behavior/ScrollBarBehavior$$Lambda+0x000000001722b4e8
instanceKlass  @bci com/sun/javafx/scene/control/behavior/ScrollBarBehavior <init> (Ljavafx/scene/control/ScrollBar;)V 167 <appendix> member <vmtarget> ; # com/sun/javafx/scene/control/behavior/ScrollBarBehavior$$Lambda+0x000000001722b2b8
instanceKlass  @bci com/sun/javafx/scene/control/behavior/ScrollBarBehavior <init> (Ljavafx/scene/control/ScrollBar;)V 147 <appendix> member <vmtarget> ; # com/sun/javafx/scene/control/behavior/ScrollBarBehavior$$Lambda+0x000000001722b088
instanceKlass  @bci com/sun/javafx/scene/control/behavior/ScrollBarBehavior <init> (Ljavafx/scene/control/ScrollBar;)V 127 <appendix> member <vmtarget> ; # com/sun/javafx/scene/control/behavior/ScrollBarBehavior$$Lambda+0x000000001722ae58
instanceKlass  @bci com/sun/javafx/scene/control/behavior/ScrollBarBehavior <init> (Ljavafx/scene/control/ScrollBar;)V 107 <appendix> member <vmtarget> ; # com/sun/javafx/scene/control/behavior/ScrollBarBehavior$$Lambda+0x000000001722ac28
instanceKlass  @bci com/sun/javafx/scene/control/behavior/ScrollBarBehavior <init> (Ljavafx/scene/control/ScrollBar;)V 80 <appendix> member <vmtarget> ; # com/sun/javafx/scene/control/behavior/ScrollBarBehavior$$Lambda+0x000000001722a9c8
instanceKlass  @bci com/sun/javafx/scene/control/behavior/ScrollBarBehavior <init> (Ljavafx/scene/control/ScrollBar;)V 57 <appendix> member <vmtarget> ; # com/sun/javafx/scene/control/behavior/ScrollBarBehavior$$Lambda+0x000000001722a798
instanceKlass  @bci com/sun/javafx/scene/control/behavior/ScrollBarBehavior <init> (Ljavafx/scene/control/ScrollBar;)V 35 <appendix> member <vmtarget> ; # com/sun/javafx/scene/control/behavior/ScrollBarBehavior$$Lambda+0x000000001722a568
instanceKlass javafx/scene/shape/SVGPath$1
instanceKlass com/sun/javafx/scene/shape/SVGPathHelper$SVGPathAccessor
instanceKlass  @bci javafx/scene/control/skin/ChoiceBoxSkin <init> (Ljavafx/scene/control/ChoiceBox;)V 156 <appendix> member <vmtarget> ; # javafx/scene/control/skin/ChoiceBoxSkin$$Lambda+0x0000000017226598
instanceKlass  @bci javafx/scene/control/skin/ChoiceBoxSkin <init> (Ljavafx/scene/control/ChoiceBox;)V 142 <appendix> member <vmtarget> ; # javafx/scene/control/skin/ChoiceBoxSkin$$Lambda+0x0000000017226358
instanceKlass  @bci javafx/scene/control/skin/ChoiceBoxSkin <init> (Ljavafx/scene/control/ChoiceBox;)V 128 <appendix> member <vmtarget> ; # javafx/scene/control/skin/ChoiceBoxSkin$$Lambda+0x0000000017226118
instanceKlass  @bci javafx/scene/control/skin/ChoiceBoxSkin <init> (Ljavafx/scene/control/ChoiceBox;)V 114 <appendix> member <vmtarget> ; # javafx/scene/control/skin/ChoiceBoxSkin$$Lambda+0x0000000017225ed8
instanceKlass  @bci javafx/scene/control/skin/ChoiceBoxSkin <init> (Ljavafx/scene/control/ChoiceBox;)V 100 <appendix> member <vmtarget> ; # javafx/scene/control/skin/ChoiceBoxSkin$$Lambda+0x0000000017225c98
instanceKlass  @bci javafx/scene/control/skin/ChoiceBoxSkin <init> (Ljavafx/scene/control/ChoiceBox;)V 71 <appendix> member <vmtarget> ; # javafx/scene/control/skin/ChoiceBoxSkin$$Lambda+0x0000000017225a68
instanceKlass  @bci javafx/scene/control/skin/ChoiceBoxSkin addPopupItem (Ljava/lang/Object;I)V 72 <appendix> member <vmtarget> ; # javafx/scene/control/skin/ChoiceBoxSkin$$Lambda+0x0000000017225838
instanceKlass  @bci javafx/scene/control/skin/ChoiceBoxSkin initialize ()V 135 <appendix> member <vmtarget> ; # javafx/scene/control/skin/ChoiceBoxSkin$$Lambda+0x0000000017223058
instanceKlass javafx/stage/PopupWindow$3
instanceKlass  @bci javafx/stage/PopupWindow <init> ()V 29 <appendix> member <vmtarget> ; # javafx/stage/PopupWindow$$Lambda+0x0000000017221c10
instanceKlass javafx/stage/PopupWindow$2
instanceKlass javafx/stage/PopupWindow$1
instanceKlass com/sun/javafx/stage/PopupWindowHelper$PopupWindowAccessor
instanceKlass  @bci com/sun/javafx/scene/control/behavior/BehaviorBase addDefaultChildMap (Lcom/sun/javafx/scene/control/inputmap/InputMap;Lcom/sun/javafx/scene/control/inputmap/InputMap;)V 17 <appendix> member <vmtarget> ; # com/sun/javafx/scene/control/behavior/BehaviorBase$$Lambda+0x000000001721a5b8
instanceKlass  @bci com/sun/javafx/scene/control/inputmap/InputMap reprocessAllMappings ()V 14 <appendix> member <vmtarget> ; # com/sun/javafx/scene/control/inputmap/InputMap$$Lambda+0x000000001721a378
instanceKlass  @bci com/sun/javafx/scene/control/behavior/ChoiceBoxBehavior <init> (Ljavafx/scene/control/ChoiceBox;)V 236 <appendix> member <vmtarget> ; # com/sun/javafx/scene/control/behavior/ChoiceBoxBehavior$$Lambda+0x000000001721a148
instanceKlass  @bci com/sun/javafx/scene/control/behavior/ChoiceBoxBehavior <init> (Ljavafx/scene/control/ChoiceBox;)V 214 <appendix> member <vmtarget> ; # com/sun/javafx/scene/control/behavior/ChoiceBoxBehavior$$Lambda+0x0000000017219f18
instanceKlass  @bci com/sun/javafx/scene/control/behavior/ChoiceBoxBehavior <init> (Ljavafx/scene/control/ChoiceBox;)V 185 <appendix> argL0 ; # com/sun/javafx/scene/control/behavior/ChoiceBoxBehavior$$Lambda+0x0000000017219cc0
instanceKlass  @bci com/sun/javafx/scene/control/behavior/ChoiceBoxBehavior <init> (Ljavafx/scene/control/ChoiceBox;)V 163 <appendix> member <vmtarget> ; # com/sun/javafx/scene/control/behavior/ChoiceBoxBehavior$$Lambda+0x0000000017219a90
instanceKlass  @bci com/sun/javafx/scene/control/behavior/ChoiceBoxBehavior <init> (Ljavafx/scene/control/ChoiceBox;)V 143 <appendix> member <vmtarget> ; # com/sun/javafx/scene/control/behavior/ChoiceBoxBehavior$$Lambda+0x0000000017219860
instanceKlass  @bci com/sun/javafx/scene/control/behavior/ChoiceBoxBehavior <init> (Ljavafx/scene/control/ChoiceBox;)V 124 <appendix> member <vmtarget> ; # com/sun/javafx/scene/control/behavior/ChoiceBoxBehavior$$Lambda+0x0000000017219630
instanceKlass  @bci com/sun/javafx/scene/control/behavior/ChoiceBoxBehavior <init> (Ljavafx/scene/control/ChoiceBox;)V 102 <appendix> member <vmtarget> ; # com/sun/javafx/scene/control/behavior/ChoiceBoxBehavior$$Lambda+0x0000000017219400
instanceKlass  @bci com/sun/javafx/scene/control/behavior/ChoiceBoxBehavior <init> (Ljavafx/scene/control/ChoiceBox;)V 80 <appendix> member <vmtarget> ; # com/sun/javafx/scene/control/behavior/ChoiceBoxBehavior$$Lambda+0x00000000172191d0
instanceKlass  @bci com/sun/javafx/scene/control/behavior/ChoiceBoxBehavior <init> (Ljavafx/scene/control/ChoiceBox;)V 58 <appendix> member <vmtarget> ; # com/sun/javafx/scene/control/behavior/ChoiceBoxBehavior$$Lambda+0x0000000017218fa0
instanceKlass  @bci com/sun/javafx/scene/control/behavior/ChoiceBoxBehavior <init> (Ljavafx/scene/control/ChoiceBox;)V 36 <appendix> member <vmtarget> ; # com/sun/javafx/scene/control/behavior/ChoiceBoxBehavior$$Lambda+0x0000000017218d70
instanceKlass  @bci javafx/scene/control/skin/ChoiceBoxSkin <init> (Ljavafx/scene/control/ChoiceBox;)V 45 <appendix> member <vmtarget> ; # javafx/scene/control/skin/ChoiceBoxSkin$$Lambda+0x0000000017218b40
instanceKlass javafx/scene/control/skin/ChoiceBoxSkin$1
instanceKlass javafx/scene/control/ToggleGroup
instanceKlass javafx/scene/control/Toggle
instanceKlass javafx/scene/control/MenuItem
instanceKlass  @bci javafx/scene/control/skin/ScrollPaneSkin <init> (Ljavafx/scene/control/ScrollPane;)V 241 <appendix> member <vmtarget> ; # javafx/scene/control/skin/ScrollPaneSkin$$Lambda+0x0000000017215cb8
instanceKlass  @bci javafx/scene/control/skin/ScrollPaneSkin <init> (Ljavafx/scene/control/ScrollPane;)V 230 <appendix> member <vmtarget> ; # javafx/scene/control/skin/ScrollPaneSkin$$Lambda+0x0000000017215a78
instanceKlass  @bci javafx/scene/control/skin/ScrollPaneSkin <init> (Ljavafx/scene/control/ScrollPane;)V 215 <appendix> member <vmtarget> ; # javafx/scene/control/skin/ScrollPaneSkin$$Lambda+0x0000000017215838
instanceKlass  @bci javafx/scene/control/skin/ScrollPaneSkin <init> (Ljavafx/scene/control/ScrollPane;)V 200 <appendix> member <vmtarget> ; # javafx/scene/control/skin/ScrollPaneSkin$$Lambda+0x00000000172155f8
instanceKlass  @bci javafx/scene/control/skin/ScrollPaneSkin <init> (Ljavafx/scene/control/ScrollPane;)V 185 <appendix> member <vmtarget> ; # javafx/scene/control/skin/ScrollPaneSkin$$Lambda+0x00000000172153b8
instanceKlass  @bci javafx/scene/control/skin/ScrollPaneSkin <init> (Ljavafx/scene/control/ScrollPane;)V 170 <appendix> member <vmtarget> ; # javafx/scene/control/skin/ScrollPaneSkin$$Lambda+0x0000000017215178
instanceKlass  @bci javafx/scene/control/skin/ScrollPaneSkin <init> (Ljavafx/scene/control/ScrollPane;)V 155 <appendix> member <vmtarget> ; # javafx/scene/control/skin/ScrollPaneSkin$$Lambda+0x0000000017214f38
instanceKlass  @bci javafx/scene/control/skin/ScrollPaneSkin <init> (Ljavafx/scene/control/ScrollPane;)V 122 <appendix> member <vmtarget> ; # javafx/scene/control/skin/ScrollPaneSkin$$Lambda+0x0000000017214b08
instanceKlass  @bci javafx/scene/control/skin/ScrollPaneSkin <init> (Ljavafx/scene/control/ScrollPane;)V 111 <appendix> member <vmtarget> ; # javafx/scene/control/skin/ScrollPaneSkin$$Lambda+0x00000000172148c8
instanceKlass  @bci javafx/scene/control/skin/ScrollPaneSkin initialize ()V 570 <appendix> member <vmtarget> ; # javafx/scene/control/skin/ScrollPaneSkin$$Lambda+0x0000000017214698
instanceKlass  @bci javafx/scene/control/skin/ScrollPaneSkin initialize ()V 551 <appendix> member <vmtarget> ; # javafx/scene/control/skin/ScrollPaneSkin$$Lambda+0x0000000017214468
instanceKlass  @bci javafx/scene/control/skin/ScrollPaneSkin initialize ()V 533 <appendix> member <vmtarget> ; # javafx/scene/control/skin/ScrollPaneSkin$$Lambda+0x0000000017214238
instanceKlass  @bci javafx/scene/control/skin/ScrollPaneSkin initialize ()V 517 <appendix> member <vmtarget> ; # javafx/scene/control/skin/ScrollPaneSkin$$Lambda+0x0000000017214008
instanceKlass  @bci javafx/scene/control/skin/ScrollPaneSkin initialize ()V 492 <appendix> member <vmtarget> ; # javafx/scene/control/skin/ScrollPaneSkin$$Lambda+0x0000000017213dd8
instanceKlass  @bci javafx/scene/control/skin/ScrollPaneSkin initialize ()V 468 <appendix> argL0 ; # javafx/scene/control/skin/ScrollPaneSkin$$Lambda+0x0000000017213bb0
instanceKlass  @bci javafx/scene/control/skin/ScrollPaneSkin initialize ()V 460 <appendix> member <vmtarget> ; # javafx/scene/control/skin/ScrollPaneSkin$$Lambda+0x0000000017213980
instanceKlass  @bci javafx/scene/control/skin/ScrollPaneSkin initialize ()V 447 <appendix> member <vmtarget> ; # javafx/scene/control/skin/ScrollPaneSkin$$Lambda+0x0000000017213750
instanceKlass  @bci javafx/scene/control/skin/ScrollPaneSkin initialize ()V 431 <appendix> member <vmtarget> ; # javafx/scene/control/skin/ScrollPaneSkin$$Lambda+0x0000000017213520
instanceKlass  @bci javafx/scene/control/skin/ScrollPaneSkin initialize ()V 418 <appendix> member <vmtarget> ; # javafx/scene/control/skin/ScrollPaneSkin$$Lambda+0x00000000172132f0
instanceKlass  @bci javafx/scene/control/skin/ScrollPaneSkin initialize ()V 404 <appendix> member <vmtarget> ; # javafx/scene/control/skin/ScrollPaneSkin$$Lambda+0x00000000172130c0
instanceKlass  @bci javafx/scene/control/skin/ScrollPaneSkin initialize ()V 385 <appendix> member <vmtarget> ; # javafx/scene/control/skin/ScrollPaneSkin$$Lambda+0x0000000017212e90
instanceKlass javafx/scene/control/ScrollBar$StyleableProperties
instanceKlass  @bci javafx/scene/control/skin/ScrollPaneSkin initialize ()V 180 <appendix> member <vmtarget> ; # javafx/scene/control/skin/ScrollPaneSkin$$Lambda+0x0000000017212370
instanceKlass  @bci javafx/scene/control/skin/ScrollPaneSkin initialize ()V 30 <appendix> member <vmtarget> ; # javafx/scene/control/skin/ScrollPaneSkin$$Lambda+0x000000001720f980
instanceKlass com/sun/javafx/scene/traversal/TraverseListener
instanceKlass  @bci com/sun/javafx/scene/control/behavior/ScrollPaneBehavior <init> (Ljavafx/scene/control/ScrollPane;)V 210 <appendix> member <vmtarget> ; # com/sun/javafx/scene/control/behavior/ScrollPaneBehavior$$Lambda+0x000000001720f750
instanceKlass  @bci com/sun/javafx/scene/control/behavior/ScrollPaneBehavior <init> (Ljavafx/scene/control/ScrollPane;)V 190 <appendix> member <vmtarget> ; # com/sun/javafx/scene/control/behavior/ScrollPaneBehavior$$Lambda+0x000000001720f520
instanceKlass  @bci com/sun/javafx/scene/control/behavior/ScrollPaneBehavior <init> (Ljavafx/scene/control/ScrollPane;)V 170 <appendix> member <vmtarget> ; # com/sun/javafx/scene/control/behavior/ScrollPaneBehavior$$Lambda+0x000000001720f2f0
instanceKlass  @bci com/sun/javafx/scene/control/behavior/ScrollPaneBehavior <init> (Ljavafx/scene/control/ScrollPane;)V 150 <appendix> member <vmtarget> ; # com/sun/javafx/scene/control/behavior/ScrollPaneBehavior$$Lambda+0x000000001720f0c0
instanceKlass  @bci com/sun/javafx/scene/control/behavior/ScrollPaneBehavior <init> (Ljavafx/scene/control/ScrollPane;)V 130 <appendix> member <vmtarget> ; # com/sun/javafx/scene/control/behavior/ScrollPaneBehavior$$Lambda+0x000000001720ee90
instanceKlass  @bci com/sun/javafx/scene/control/behavior/ScrollPaneBehavior <init> (Ljavafx/scene/control/ScrollPane;)V 111 <appendix> member <vmtarget> ; # com/sun/javafx/scene/control/behavior/ScrollPaneBehavior$$Lambda+0x000000001720ec60
instanceKlass  @bci com/sun/javafx/scene/control/behavior/ScrollPaneBehavior <init> (Ljavafx/scene/control/ScrollPane;)V 92 <appendix> member <vmtarget> ; # com/sun/javafx/scene/control/behavior/ScrollPaneBehavior$$Lambda+0x000000001720ea30
instanceKlass  @bci com/sun/javafx/scene/control/behavior/ScrollPaneBehavior <init> (Ljavafx/scene/control/ScrollPane;)V 73 <appendix> member <vmtarget> ; # com/sun/javafx/scene/control/behavior/ScrollPaneBehavior$$Lambda+0x000000001720e800
instanceKlass  @bci com/sun/javafx/scene/control/behavior/ScrollPaneBehavior <init> (Ljavafx/scene/control/ScrollPane;)V 54 <appendix> member <vmtarget> ; # com/sun/javafx/scene/control/behavior/ScrollPaneBehavior$$Lambda+0x000000001720e5d0
instanceKlass  @bci com/sun/javafx/scene/control/behavior/ScrollPaneBehavior <init> (Ljavafx/scene/control/ScrollPane;)V 34 <appendix> member <vmtarget> ; # com/sun/javafx/scene/control/behavior/ScrollPaneBehavior$$Lambda+0x000000001720e3a0
instanceKlass javafx/scene/control/skin/ScrollPaneSkin$2
instanceKlass javafx/scene/control/skin/ScrollPaneSkin$1
instanceKlass  @bci javafx/scene/control/skin/LabelSkin <init> (Ljavafx/scene/control/Label;)V 16 <appendix> member <vmtarget> ; # javafx/scene/control/skin/LabelSkin$$Lambda+0x0000000017206f68
instanceKlass javafx/scene/paint/Stop
instanceKlass javafx/scene/layout/VBox$StyleableProperties
instanceKlass javafx/scene/layout/HBox$StyleableProperties
instanceKlass  @bci com/sun/javafx/tk/quantum/ViewScene dispose ()V 8 <appendix> member <vmtarget> ; # com/sun/javafx/tk/quantum/ViewScene$$Lambda+0x00000000172053a8
instanceKlass  @bci com/sun/javafx/tk/quantum/QuantumRenderer disposePresentable (Lcom/sun/prism/Presentable;)V 40 <appendix> member <vmtarget> ; # com/sun/javafx/tk/quantum/QuantumRenderer$$Lambda+0x0000000017205178
instanceKlass  @bci com/sun/javafx/tk/quantum/WindowStage setScene (Lcom/sun/javafx/tk/TKScene;)V 64 <appendix> member <vmtarget> ; # com/sun/javafx/tk/quantum/WindowStage$$Lambda+0x0000000017204f48
instanceKlass javafx/scene/control/ScrollPane$StyleableProperties
instanceKlass javafx/scene/image/ImageView$StyleableProperties
instanceKlass  @bci com/example/photobooth/controller/PhotoboothController requestCameraPermission ()V 1 <appendix> member <vmtarget> ; # com/example/photobooth/controller/PhotoboothController$$Lambda+0x0000000017203948
instanceKlass  @bci com/example/photobooth/controller/PhotoboothController setupUI ()V 420 <appendix> member <vmtarget> ; # com/example/photobooth/controller/PhotoboothController$$Lambda+0x0000000017203718
instanceKlass  @bci com/example/photobooth/controller/PhotoboothController setupUI ()V 391 <appendix> member <vmtarget> ; # com/example/photobooth/controller/PhotoboothController$$Lambda+0x00000000172034e8
instanceKlass  @bci com/example/photobooth/controller/PhotoboothController setupUI ()V 378 <appendix> member <vmtarget> ; # com/example/photobooth/controller/PhotoboothController$$Lambda+0x00000000172032b8
instanceKlass  @bci com/example/photobooth/controller/PhotoboothController setupUI ()V 319 <appendix> member <vmtarget> ; # com/example/photobooth/controller/PhotoboothController$$Lambda+0x0000000017203088
instanceKlass  @bci com/example/photobooth/controller/PhotoboothController setupUI ()V 306 <appendix> member <vmtarget> ; # com/example/photobooth/controller/PhotoboothController$$Lambda+0x0000000017202e58
instanceKlass  @bci com/example/photobooth/controller/PhotoboothController setupUI ()V 236 <appendix> member <vmtarget> ; # com/example/photobooth/controller/PhotoboothController$$Lambda+0x0000000017202c28
instanceKlass  @bci com/example/photobooth/controller/PhotoboothController setupUI ()V 223 <appendix> member <vmtarget> ; # com/example/photobooth/controller/PhotoboothController$$Lambda+0x00000000172029f8
instanceKlass  @bci com/example/photobooth/controller/PhotoboothController setupUI ()V 123 <appendix> member <vmtarget> ; # com/example/photobooth/controller/PhotoboothController$$Lambda+0x00000000172027c8
instanceKlass  @bci com/example/photobooth/controller/PhotoboothController setupUI ()V 110 <appendix> member <vmtarget> ; # com/example/photobooth/controller/PhotoboothController$$Lambda+0x0000000017202598
# instanceKlass java/lang/invoke/LambdaForm$DMH+0x00000000171fc400
instanceKlass  @bci com/sun/javafx/binding/ExpressionHelperBase trim (I[Ljava/lang/Object;)I 0 <appendix> argL0 ; # com/sun/javafx/binding/ExpressionHelperBase$$Lambda+0x0000000017202340
instanceKlass  @bci javafx/scene/Node$9 invalidated ()V 56 <appendix> argL0 ; # javafx/scene/Node$9$$Lambda+0x00000000172019c8
instanceKlass javafx/util/StringConverter
instanceKlass  @bci javafx/scene/control/ChoiceBox <init> (Ljavafx/collections/ObservableList;)V 201 <appendix> member <vmtarget> ; # javafx/scene/control/ChoiceBox$$Lambda+0x0000000017201798
instanceKlass  @bci javafx/scene/control/ChoiceBox$ChoiceBoxSelectionModel <init> (Ljavafx/scene/control/ChoiceBox;)V 76 <appendix> member <vmtarget> ; # javafx/scene/control/ChoiceBox$ChoiceBoxSelectionModel$$Lambda+0x0000000017201568
instanceKlass  @bci javafx/scene/control/ChoiceBox$ChoiceBoxSelectionModel <init> (Ljavafx/scene/control/ChoiceBox;)V 25 <appendix> member <vmtarget> ; # javafx/scene/control/ChoiceBox$ChoiceBoxSelectionModel$$Lambda+0x0000000017201338
instanceKlass  @bci javafx/scene/control/ChoiceBox <init> (Ljavafx/collections/ObservableList;)V 55 <appendix> member <vmtarget> ; # javafx/scene/control/ChoiceBox$$Lambda+0x00000000171fd9a0
instanceKlass  @bci javafx/scene/control/ChoiceBox <init> (Ljavafx/collections/ObservableList;)V 21 <appendix> member <vmtarget> ; # javafx/scene/control/ChoiceBox$$Lambda+0x00000000171fd770
instanceKlass javafx/scene/control/SelectionModel
# instanceKlass java/lang/invoke/LambdaForm$MH+0x00000000171fc000
instanceKlass javafx/scene/shape/Circle$1
instanceKlass com/sun/javafx/scene/shape/CircleHelper$CircleAccessor
# instanceKlass java/lang/invoke/LambdaForm$MH+0x00000000171f7c00
instanceKlass java/lang/invoke/MethodHandle$1
instanceKlass  @bci javafx/scene/layout/VBox <clinit> ()V 0 <appendix> argL0 ; # javafx/scene/layout/VBox$$Lambda+0x00000000171f1e60
# instanceKlass java/lang/invoke/LambdaForm$MH+0x00000000171f7800
# instanceKlass java/lang/invoke/LambdaForm$MH+0x00000000171f7400
# instanceKlass java/lang/invoke/LambdaForm$MH+0x00000000171f7000
instanceKlass  @bci javafx/scene/control/Label <init> ()V 6 <appendix> member <vmtarget> ; # javafx/scene/control/Label$$Lambda+0x00000000171f0708
# instanceKlass java/lang/invoke/LambdaForm$MH+0x00000000171f6c00
# instanceKlass java/lang/invoke/LambdaForm$MH+0x00000000171f6800
# instanceKlass java/lang/invoke/LambdaForm$MH+0x00000000171f6400
# instanceKlass java/lang/invoke/LambdaForm$BMH+0x00000000171f6000
# instanceKlass java/lang/invoke/LambdaForm$DMH+0x00000000171f5c00
# instanceKlass java/lang/invoke/LambdaForm$MH+0x00000000171f5800
instanceKlass  @cpi com/example/photobooth/controller/PhotoboothController 1328 form vmentry <vmtarget> ; # java/lang/invoke/LambdaForm$DMH+0x00000000171f5400
# instanceKlass java/lang/invoke/LambdaForm$MH+0x00000000171f5000
# instanceKlass java/lang/invoke/LambdaForm$MH+0x00000000171f4c00
# instanceKlass java/lang/invoke/LambdaForm$MH+0x00000000171f4800
# instanceKlass java/lang/invoke/LambdaForm$MH+0x00000000171f4400
# instanceKlass java/lang/invoke/LambdaForm$MH+0x00000000171f4000
instanceKlass javafx/scene/shape/Shape$StrokeAttributes
instanceKlass com/github/sarxos/webcam/Webcam
instanceKlass javafx/scene/image/ImageView$1
instanceKlass com/sun/javafx/scene/ImageViewHelper$ImageViewAccessor
instanceKlass  @bci javafx/scene/layout/HBox <clinit> ()V 0 <appendix> argL0 ; # javafx/scene/layout/HBox$$Lambda+0x00000000171e9dd8
instanceKlass com/example/photobooth/model/NoFilter
instanceKlass java/awt/Transparency
instanceKlass java/awt/image/WritableRenderedImage
instanceKlass java/awt/image/RenderedImage
instanceKlass java/awt/Image
instanceKlass com/example/photobooth/model/Filter
instanceKlass com/example/photobooth/controller/PhotoboothController
instanceKlass javafx/animation/Animation$7
instanceKlass javafx/animation/KeyValue
instanceKlass  @bci javafx/scene/Scene$ClickCounter start (DD)V 67 <appendix> member <vmtarget> ; # javafx/scene/Scene$ClickCounter$$Lambda+0x00000000171e5980
instanceKlass com/sun/scenario/animation/shared/InterpolationInterval
instanceKlass com/sun/scenario/animation/shared/ClipInterpolator
instanceKlass  @bci com/sun/scenario/animation/shared/TimelineClipCore <clinit> ()V 0 <appendix> argL0 ; # com/sun/scenario/animation/shared/TimelineClipCore$$Lambda+0x00000000171e4c50
instanceKlass javafx/animation/KeyFrame
instanceKlass com/sun/scenario/animation/shared/TimelineClipCore
instanceKlass com/sun/scenario/animation/shared/ClipEnvelope
instanceKlass javafx/animation/Animation$1
instanceKlass com/sun/scenario/animation/shared/AnimationAccessor
instanceKlass javafx/animation/Animation
instanceKlass com/sun/javafx/tk/TKDragSourceListener
instanceKlass javafx/scene/Scene$DnDGesture
instanceKlass com/sun/glass/ui/win/WinClipboardDelegate
instanceKlass com/sun/glass/ui/Clipboard
instanceKlass jdk/internal/foreign/MemorySessionImpl
instanceKlass java/lang/foreign/MemorySegment$Scope
instanceKlass com/sun/javafx/geom/transform/TransformHelper
instanceKlass  @bci java/util/stream/Collectors toList ()Ljava/util/stream/Collector; 14 <appendix> argL0 ; # java/util/stream/Collectors$$Lambda+0x0000000017143ed8
instanceKlass  @bci java/util/stream/Collectors toList ()Ljava/util/stream/Collector; 9 <appendix> argL0 ; # java/util/stream/Collectors$$Lambda+0x0000000017143ca0
instanceKlass  @bci java/util/stream/Collectors toList ()Ljava/util/stream/Collector; 4 <appendix> argL0 ; # java/util/stream/Collectors$$Lambda+0x0000000017143a78
instanceKlass  @bci com/sun/javafx/scene/control/inputmap/InputMap lookup (Ljavafx/event/Event;Z)Ljava/util/List; 82 <appendix> argL0 ; # com/sun/javafx/scene/control/inputmap/InputMap$$Lambda+0x00000000171de000
instanceKlass  @bci javafx/scene/Node buildEventDispatchChain (Ljavafx/event/EventDispatchChain;)Ljavafx/event/EventDispatchChain; 9 <appendix> member <vmtarget> ; # javafx/scene/Node$$Lambda+0x00000000171dbcb8
instanceKlass java/util/EnumMap$EnumMapIterator
instanceKlass com/sun/javafx/scene/input/InputEventUtils
instanceKlass javafx/scene/input/PickResult
instanceKlass javafx/scene/input/MouseEvent$Flags
instanceKlass  @bci com/sun/javafx/tk/quantum/GlassViewEventHandler handleMouseEvent (Lcom/sun/glass/ui/View;JIIIIIIIZZ)V 98 <appendix> member <vmtarget> ; # com/sun/javafx/tk/quantum/GlassViewEventHandler$$Lambda+0x00000000171db448
instanceKlass com/sun/glass/ui/win/WinAccessible$1
instanceKlass javafx/scene/control/skin/LabeledSkinBase$1
instanceKlass javafx/scene/control/Control$6
instanceKlass  @bci com/sun/scenario/effect/impl/BufferUtil nativeOrder (Ljava/nio/ByteBuffer;)V 12 <appendix> argL0 ; # com/sun/scenario/effect/impl/BufferUtil$$Lambda+0x00000000171dabf0
instanceKlass com/sun/scenario/effect/impl/BufferUtil
# instanceKlass java/lang/invoke/LambdaForm$MH+0x00000000171dd000
# instanceKlass java/lang/invoke/LambdaForm$MH+0x00000000171dcc00
# instanceKlass java/lang/invoke/LambdaForm$MH+0x00000000171dc800
instanceKlass  @bci com/sun/scenario/effect/ImageData <clinit> ()V 0 <appendix> argL0 ; # com/sun/scenario/effect/ImageData$$Lambda+0x00000000171d9aa8
instanceKlass  @bci com/sun/prism/impl/BaseResourcePool cleanup (J)Z 109 <appendix> argL0 ; # com/sun/prism/impl/BaseResourcePool$$Lambda+0x00000000171d9528
# instanceKlass java/lang/invoke/LambdaForm$MH+0x00000000171dc400
# instanceKlass java/lang/invoke/LambdaForm$MH+0x00000000171dc000
instanceKlass javafx/scene/Scene$53
instanceKlass  @bci com/sun/glass/ui/Accessible getAttribute (Ljavafx/scene/AccessibleAttribute;[Ljava/lang/Object;)Ljava/lang/Object; 15 <appendix> member <vmtarget> ; # com/sun/glass/ui/Accessible$$Lambda+0x00000000171d8c98
instanceKlass  @bci com/sun/prism/impl/BufferUtil nativeOrder (Ljava/nio/ByteBuffer;)V 12 <appendix> argL0 ; # com/sun/prism/impl/BufferUtil$$Lambda+0x00000000171d8a70
instanceKlass  @bci javafx/scene/media/MediaTimerTask run ()V 22 <appendix> member <vmtarget> ; # javafx/scene/media/MediaTimerTask$$Lambda+0x00000000171d8840
instanceKlass com/sun/prism/impl/BufferUtil
instanceKlass com/sun/prism/shader/FillRoundRect_Color_Loader
instanceKlass com/sun/javafx/geom/transform/AffineBase$1
instanceKlass com/sun/scenario/effect/impl/prism/ps/PPSRenderer$2
instanceKlass com/sun/scenario/effect/impl/prism/ps/PPSRenderer$1
instanceKlass com/sun/scenario/effect/impl/hw/d3d/D3DShaderSource
instanceKlass com/sun/scenario/effect/impl/hw/ShaderSource
instanceKlass com/sun/scenario/effect/FloatMap
instanceKlass com/sun/scenario/effect/impl/EffectPeer
instanceKlass com/sun/prism/ResourceFactoryListener
instanceKlass com/sun/prism/d3d/D3DPipeline$1
instanceKlass com/sun/scenario/effect/impl/prism/PrTexture
instanceKlass com/sun/scenario/effect/impl/PoolFilterable
instanceKlass  @bci com/sun/scenario/effect/impl/RendererFactory createRenderer (Lcom/sun/scenario/effect/FilterContext;)Lcom/sun/scenario/effect/impl/Renderer; 1 <appendix> member <vmtarget> ; # com/sun/scenario/effect/impl/RendererFactory$$Lambda+0x00000000171d6430
instanceKlass com/sun/scenario/effect/impl/RendererFactory
instanceKlass  @bci com/sun/scenario/effect/impl/Renderer <clinit> ()V 11 <appendix> argL0 ; # com/sun/scenario/effect/impl/Renderer$$Lambda+0x00000000171d5ff8
instanceKlass com/sun/scenario/effect/impl/Renderer
instanceKlass com/sun/javafx/sg/prism/NodeEffectInput$1
instanceKlass com/sun/scenario/effect/ImageData
instanceKlass java/lang/FdLibm
instanceKlass java/lang/FdLibm$Hypot
instanceKlass  @bci com/sun/scenario/effect/impl/state/LinearConvolveRenderState <clinit> ()V 25 <appendix> member <vmtarget> ; # com/sun/scenario/effect/impl/state/LinearConvolveRenderState$$Lambda+0x00000000171d52f0
instanceKlass  @cpi com/sun/scenario/effect/impl/state/LinearConvolveRenderState 173 form vmentry <vmtarget> ; # java/lang/invoke/LambdaForm$DMH+0x00000000171cd400
instanceKlass  @bci com/sun/scenario/effect/impl/ImagePool <clinit> ()V 0 <appendix> argL0 ; # com/sun/scenario/effect/impl/ImagePool$$Lambda+0x00000000171d50c8
instanceKlass com/sun/scenario/effect/impl/ImagePool
instanceKlass com/sun/scenario/effect/impl/prism/PrRenderInfo
instanceKlass com/sun/scenario/effect/ImageDataRenderer
instanceKlass com/sun/javafx/geom/transform/Affine2D$1
instanceKlass com/sun/scenario/effect/impl/prism/PrEffectHelper
instanceKlass com/sun/prism/shader/Solid_TextureRGB_Loader
instanceKlass com/sun/prism/impl/ps/BaseShaderContext$1
instanceKlass com/sun/prism/MultiTexture
instanceKlass com/sun/prism/d3d/D3DTexture$1
instanceKlass javafx/util/Pair
instanceKlass com/sun/prism/d3d/D3DContext$1
instanceKlass com/sun/glass/ui/Accessible$ExecuteAction
instanceKlass com/sun/glass/ui/Accessible$GetAttribute
instanceKlass com/sun/glass/ui/win/WinVariant
instanceKlass  @bci jdk/internal/reflect/DirectConstructorHandleAccessor invokeImpl ([Ljava/lang/Object;)Ljava/lang/Object; 88 <adapter> ; # java/lang/invoke/LambdaForm$MH+0x00000000171cd000
# instanceKlass java/lang/invoke/LambdaForm$MH+0x00000000171ccc00
# instanceKlass java/lang/invoke/LambdaForm$MH+0x00000000171cc800
# instanceKlass java/lang/invoke/LambdaForm$MH+0x00000000171cc400
instanceKlass com/sun/prism/shader/FillPgram_Color_Loader
instanceKlass  @bci com/sun/prism/d3d/D3DResourceFactory createStockShader (Ljava/lang/String;)Lcom/sun/prism/ps/Shader; 16 <appendix> member <vmtarget> ; # com/sun/prism/d3d/D3DResourceFactory$$Lambda+0x00000000171d29a8
instanceKlass com/sun/javafx/geom/transform/Affine3D$1
instanceKlass com/sun/prism/impl/BaseGraphicsResource
instanceKlass  @bci com/sun/prism/impl/ps/BaseShaderGraphics <clinit> ()V 30 <appendix> argL0 ; # com/sun/prism/impl/ps/BaseShaderGraphics$$Lambda+0x00000000171d16e8
instanceKlass com/sun/prism/impl/Disposer$Target
instanceKlass com/sun/prism/impl/Disposer
instanceKlass com/sun/prism/impl/PrismTrace
instanceKlass com/sun/prism/d3d/D3DResource$D3DRecord
instanceKlass com/sun/prism/impl/Disposer$Record
instanceKlass com/sun/prism/impl/BaseTexture
instanceKlass com/sun/prism/d3d/D3DContextSource
instanceKlass java/util/Timer$ThreadReaper
instanceKlass java/util/TaskQueue
instanceKlass com/sun/prism/ReadbackRenderTarget
instanceKlass java/util/Timer
instanceKlass com/sun/prism/d3d/D3DRenderTarget
instanceKlass com/sun/prism/impl/BaseResourcePool$WeakLinkedList
instanceKlass com/sun/glass/ui/Size
instanceKlass com/sun/javafx/tk/quantum/CursorUtils$1
instanceKlass com/sun/javafx/tk/quantum/CursorUtils
instanceKlass  @bci com/sun/prism/impl/BaseResourcePool <clinit> ()V 110 <appendix> argL0 ; # com/sun/prism/impl/BaseResourcePool$$Lambda+0x00000000171caaf0
instanceKlass  @bci com/sun/prism/impl/BaseResourcePool <clinit> ()V 92 <appendix> argL0 ; # com/sun/prism/impl/BaseResourcePool$$Lambda+0x00000000171ca8c8
instanceKlass  @bci com/sun/prism/impl/BaseResourcePool <clinit> ()V 74 <appendix> argL0 ; # com/sun/prism/impl/BaseResourcePool$$Lambda+0x00000000171ca6a0
instanceKlass  @bci javafx/scene/media/MediaPlayer$_PlayerStateListener onPlaying (Lcom/sun/media/jfxmedia/events/PlayerStateEvent;)V 9 <appendix> member <vmtarget> ; # javafx/scene/media/MediaPlayer$_PlayerStateListener$$Lambda+0x00000000171ca470
instanceKlass  @bci com/sun/prism/impl/BaseResourcePool <clinit> ()V 56 <appendix> argL0 ; # com/sun/prism/impl/BaseResourcePool$$Lambda+0x00000000171ca248
instanceKlass  @bci com/sun/prism/impl/BaseResourcePool <clinit> ()V 38 <appendix> argL0 ; # com/sun/prism/impl/BaseResourcePool$$Lambda+0x00000000171ca020
instanceKlass  @bci com/sun/prism/impl/BaseResourcePool <clinit> ()V 20 <appendix> argL0 ; # com/sun/prism/impl/BaseResourcePool$$Lambda+0x00000000171c9df8
instanceKlass  @cpi com/sun/prism/impl/BaseResourcePool 453 form vmentry <vmtarget> ; # java/lang/invoke/LambdaForm$DMH+0x00000000171cc000
instanceKlass com/sun/prism/impl/ManagedResource
instanceKlass com/sun/prism/impl/BaseResourcePool$Predicate
instanceKlass com/sun/prism/impl/BaseResourcePool
instanceKlass javafx/util/Duration
instanceKlass com/sun/javafx/sg/prism/EffectFilter
instanceKlass com/sun/scenario/effect/GaussianShadow$1
instanceKlass com/sun/javafx/tk/Toolkit$1
instanceKlass com/sun/scenario/effect/impl/state/LinearConvolveRenderState
instanceKlass com/sun/scenario/effect/Color4f
instanceKlass com/sun/scenario/effect/impl/state/LinearConvolveKernel
instanceKlass com/sun/scenario/effect/impl/state/RenderState
instanceKlass  @bci com/sun/javafx/tk/quantum/ViewScene setCursor (Ljava/lang/Object;)V 7 <appendix> member <vmtarget> ; # com/sun/javafx/tk/quantum/ViewScene$$Lambda+0x00000000171c5210
instanceKlass javafx/scene/effect/Effect$2
instanceKlass com/sun/javafx/util/TempState
instanceKlass com/sun/javafx/scene/traversal/TabOrderHelper
instanceKlass  @bci com/sun/javafx/tk/Toolkit runPulse (Lcom/sun/javafx/tk/TKPulseListener;Ljava/security/AccessControlContext;)V 15 <appendix> member <vmtarget> ; # com/sun/javafx/tk/Toolkit$$Lambda+0x00000000171c6f48
instanceKlass  @bci javafx/scene/media/MediaPlayer$_PlayerStateListener onReady (Lcom/sun/media/jfxmedia/events/PlayerStateEvent;)V 1 <appendix> member <vmtarget> ; # javafx/scene/media/MediaPlayer$_PlayerStateListener$$Lambda+0x00000000171c6d18
instanceKlass  @bci javafx/scene/media/MediaPlayer$_BufferListener onBufferProgress (Lcom/sun/media/jfxmedia/events/BufferProgressEvent;)V 58 <appendix> member <vmtarget> ; # javafx/scene/media/MediaPlayer$_BufferListener$$Lambda+0x00000000171c6ae8
instanceKlass  @bci com/sun/media/jfxmediaimpl/NativeMediaPlayer addBufferListener (Lcom/sun/media/jfxmedia/events/BufferListener;)V 45 <appendix> member <vmtarget> ; # com/sun/media/jfxmediaimpl/NativeMediaPlayer$$Lambda+0x00000000171c68a8
instanceKlass  @bci javafx/scene/media/MediaPlayer$_PlayerTimeListener onDurationChanged (D)V 2 <appendix> form vmentry <vmtarget> ; # java/lang/invoke/LambdaForm$DMH+0x00000000171c4400
instanceKlass  @bci javafx/scene/media/MediaPlayer$_PlayerTimeListener onDurationChanged (D)V 2 <appendix> member <vmtarget> ; # javafx/scene/media/MediaPlayer$_PlayerTimeListener$$Lambda+0x00000000171c6678
instanceKlass com/sun/media/jfxmediaimpl/MediaDisposer$ResourceDisposerRecord
instanceKlass com/sun/media/jfxmediaimpl/MediaDisposer$Disposable
instanceKlass  @bci com/sun/media/jfxmediaimpl/MediaDisposer disposinator ()Lcom/sun/media/jfxmediaimpl/MediaDisposer; 21 <appendix> argL0 ; # com/sun/media/jfxmediaimpl/MediaDisposer$$Lambda+0x00000000171c6218
instanceKlass com/sun/media/jfxmediaimpl/MediaDisposer
instanceKlass com/sun/javafx/collections/VetoableListDecorator$ModCountAccessorImpl
instanceKlass com/sun/javafx/collections/VetoableListDecorator$VetoableIteratorDecorator
instanceKlass  @bci com/sun/javafx/tk/Toolkit notifyWindowListeners (Ljava/util/List;)V 74 <appendix> member <vmtarget> ; # com/sun/javafx/tk/Toolkit$$Lambda+0x00000000171c3818
instanceKlass  @bci com/example/photobooth/controller/PhotoboothController capturePhoto ()V 51 <appendix> form vmentry <vmtarget> ; # java/lang/invoke/LambdaForm$DMH+0x00000000171c4000
instanceKlass  @bci com/sun/javafx/tk/quantum/WindowStage setVisible (Z)V 102 <appendix> member <vmtarget> ; # com/sun/javafx/tk/quantum/WindowStage$$Lambda+0x00000000171c35e8
instanceKlass  @bci com/sun/javafx/tk/quantum/GlassViewEventHandler$ViewEventNotification run ()Ljava/lang/Void; 298 <appendix> member <vmtarget> ; # com/sun/javafx/tk/quantum/GlassViewEventHandler$ViewEventNotification$$Lambda+0x00000000171c33b8
instanceKlass  @bci com/sun/javafx/tk/quantum/GlassWindowEventHandler handleWindowEvent (Lcom/sun/glass/ui/Window;JI)V 12 <appendix> member <vmtarget> ; # com/sun/javafx/tk/quantum/GlassWindowEventHandler$$Lambda+0x00000000171c3188
instanceKlass javafx/scene/shape/Rectangle$StyleableProperties
instanceKlass com/sun/javafx/geom/PathIterator
instanceKlass javafx/scene/shape/Rectangle$1
instanceKlass com/sun/javafx/scene/shape/RectangleHelper$RectangleAccessor
instanceKlass javafx/scene/text/Text$10
instanceKlass com/sun/javafx/text/TextLine
instanceKlass com/sun/javafx/font/directwrite/DWRITE_GLYPH_METRICS
instanceKlass com/sun/javafx/font/directwrite/DWRITE_GLYPH_RUN
instanceKlass com/sun/javafx/font/directwrite/RECT
instanceKlass com/sun/javafx/font/directwrite/D2D1_MATRIX_3X2_F
instanceKlass com/sun/javafx/font/directwrite/D2D1_COLOR_F
instanceKlass com/sun/javafx/font/directwrite/DWGlyph
instanceKlass com/sun/javafx/font/CMap
instanceKlass com/sun/javafx/font/Glyph
instanceKlass com/sun/javafx/font/PrismMetrics
instanceKlass com/sun/javafx/text/LayoutCache
instanceKlass com/sun/javafx/text/TextRun
instanceKlass com/sun/javafx/scene/control/behavior/MnemonicInfo
instanceKlass javafx/scene/layout/Region$12
instanceKlass javafx/scene/Parent$5
instanceKlass javafx/scene/control/SkinBase$StyleableProperties
instanceKlass com/sun/javafx/scene/control/Logging
instanceKlass  @bci javafx/scene/control/skin/ButtonSkin <init> (Ljavafx/scene/control/Button;)V 110 <appendix> member <vmtarget> ; # javafx/scene/control/skin/ButtonSkin$$Lambda+0x00000000171b8918
instanceKlass  @bci javafx/scene/control/skin/ButtonSkin <init> (Ljavafx/scene/control/Button;)V 96 <appendix> member <vmtarget> ; # javafx/scene/control/skin/ButtonSkin$$Lambda+0x00000000171b86d8
instanceKlass  @bci javafx/scene/control/skin/ButtonSkin <init> (Ljavafx/scene/control/Button;)V 82 <appendix> member <vmtarget> ; # javafx/scene/control/skin/ButtonSkin$$Lambda+0x00000000171b8498
instanceKlass  @bci javafx/scene/control/skin/ButtonSkin <init> (Ljavafx/scene/control/Button;)V 68 <appendix> member <vmtarget> ; # javafx/scene/control/skin/ButtonSkin$$Lambda+0x00000000171b8258
instanceKlass  @bci com/sun/javafx/scene/control/behavior/ButtonBehavior <init> (Ljavafx/scene/control/ButtonBase;)V 225 <appendix> argL0 ; # com/sun/javafx/scene/control/behavior/ButtonBehavior$$Lambda+0x00000000171b8000
instanceKlass  @bci com/sun/javafx/scene/control/behavior/ButtonBehavior <init> (Ljavafx/scene/control/ButtonBase;)V 220 <appendix> member <vmtarget> ; # com/sun/javafx/scene/control/behavior/ButtonBehavior$$Lambda+0x00000000171b7d80
instanceKlass  @bci com/sun/javafx/scene/control/behavior/ButtonBehavior <init> (Ljavafx/scene/control/ButtonBase;)V 190 <appendix> argL0 ; # com/sun/javafx/scene/control/behavior/ButtonBehavior$$Lambda+0x00000000171b7b28
instanceKlass  @bci com/sun/javafx/scene/control/behavior/ButtonBehavior <init> (Ljavafx/scene/control/ButtonBase;)V 185 <appendix> member <vmtarget> ; # com/sun/javafx/scene/control/behavior/ButtonBehavior$$Lambda+0x00000000171b78f8
instanceKlass  @bci com/sun/javafx/scene/control/behavior/ButtonBehavior <init> (Ljavafx/scene/control/ButtonBase;)V 155 <appendix> member <vmtarget> ; # com/sun/javafx/scene/control/behavior/ButtonBehavior$$Lambda+0x00000000171b76c8
instanceKlass  @bci com/sun/javafx/scene/control/behavior/ButtonBehavior <init> (Ljavafx/scene/control/ButtonBase;)V 136 <appendix> member <vmtarget> ; # com/sun/javafx/scene/control/behavior/ButtonBehavior$$Lambda+0x00000000171b7498
instanceKlass  @bci com/sun/javafx/scene/control/behavior/ButtonBehavior <init> (Ljavafx/scene/control/ButtonBase;)V 117 <appendix> member <vmtarget> ; # com/sun/javafx/scene/control/behavior/ButtonBehavior$$Lambda+0x00000000171b7268
instanceKlass  @bci com/sun/javafx/scene/control/behavior/ButtonBehavior <init> (Ljavafx/scene/control/ButtonBase;)V 98 <appendix> member <vmtarget> ; # com/sun/javafx/scene/control/behavior/ButtonBehavior$$Lambda+0x00000000171b7038
instanceKlass  @bci com/sun/javafx/scene/control/behavior/ButtonBehavior <init> (Ljavafx/scene/control/ButtonBase;)V 79 <appendix> member <vmtarget> ; # com/sun/javafx/scene/control/behavior/ButtonBehavior$$Lambda+0x00000000171b6be0
instanceKlass  @bci com/sun/javafx/scene/control/behavior/ButtonBehavior <init> (Ljavafx/scene/control/ButtonBase;)V 57 <appendix> member <vmtarget> ; # com/sun/javafx/scene/control/behavior/ButtonBehavior$$Lambda+0x00000000171b69b0
instanceKlass  @bci com/sun/javafx/scene/control/inputmap/InputMap addMapping (Lcom/sun/javafx/scene/control/inputmap/InputMap$Mapping;)V 23 <appendix> argL0 ; # com/sun/javafx/scene/control/inputmap/InputMap$$Lambda+0x00000000171b6768
instanceKlass  @bci com/sun/javafx/scene/control/inputmap/InputMap addEventHandler (Ljavafx/event/EventType;)V 20 <appendix> member <vmtarget> ; # com/sun/javafx/scene/control/inputmap/InputMap$$Lambda+0x00000000171b6538
instanceKlass  @bci com/sun/javafx/scene/control/inputmap/InputMap addEventHandler (Ljavafx/event/EventType;)V 5 <appendix> argL0 ; # com/sun/javafx/scene/control/inputmap/InputMap$$Lambda+0x00000000171b62f0
instanceKlass  @bci com/sun/javafx/scene/control/behavior/FocusTraversalInputMap <clinit> ()V 321 <appendix> argL0 ; # com/sun/javafx/scene/control/behavior/FocusTraversalInputMap$$Lambda+0x00000000171b60c8
instanceKlass  @bci com/sun/javafx/scene/control/behavior/FocusTraversalInputMap <clinit> ()V 289 <appendix> argL0 ; # com/sun/javafx/scene/control/behavior/FocusTraversalInputMap$$Lambda+0x00000000171b5ea0
instanceKlass  @bci com/sun/javafx/scene/control/behavior/FocusTraversalInputMap <clinit> ()V 254 <appendix> argL0 ; # com/sun/javafx/scene/control/behavior/FocusTraversalInputMap$$Lambda+0x00000000171b5c78
instanceKlass  @bci com/sun/javafx/scene/control/behavior/FocusTraversalInputMap <clinit> ()V 219 <appendix> argL0 ; # com/sun/javafx/scene/control/behavior/FocusTraversalInputMap$$Lambda+0x00000000171b5a50
instanceKlass  @bci com/sun/javafx/scene/control/behavior/FocusTraversalInputMap <clinit> ()V 184 <appendix> argL0 ; # com/sun/javafx/scene/control/behavior/FocusTraversalInputMap$$Lambda+0x00000000171b5828
instanceKlass  @bci com/sun/javafx/scene/control/behavior/FocusTraversalInputMap <clinit> ()V 149 <appendix> argL0 ; # com/sun/javafx/scene/control/behavior/FocusTraversalInputMap$$Lambda+0x00000000171b5600
instanceKlass  @bci com/sun/javafx/scene/control/behavior/FocusTraversalInputMap <clinit> ()V 114 <appendix> argL0 ; # com/sun/javafx/scene/control/behavior/FocusTraversalInputMap$$Lambda+0x00000000171b53d8
instanceKlass  @bci com/sun/javafx/scene/control/behavior/FocusTraversalInputMap <clinit> ()V 86 <appendix> argL0 ; # com/sun/javafx/scene/control/behavior/FocusTraversalInputMap$$Lambda+0x00000000171b51b0
instanceKlass  @bci com/sun/javafx/scene/control/behavior/FocusTraversalInputMap <clinit> ()V 68 <appendix> argL0 ; # com/sun/javafx/scene/control/behavior/FocusTraversalInputMap$$Lambda+0x00000000171b4f88
instanceKlass  @bci com/sun/javafx/scene/control/behavior/FocusTraversalInputMap <clinit> ()V 50 <appendix> argL0 ; # com/sun/javafx/scene/control/behavior/FocusTraversalInputMap$$Lambda+0x00000000171b4d60
instanceKlass  @bci com/sun/javafx/scene/control/behavior/FocusTraversalInputMap <clinit> ()V 32 <appendix> argL0 ; # com/sun/javafx/scene/control/behavior/FocusTraversalInputMap$$Lambda+0x00000000171b4b38
instanceKlass com/sun/javafx/scene/control/inputmap/KeyBinding
instanceKlass  @bci com/sun/javafx/scene/control/behavior/FocusTraversalInputMap <clinit> ()V 14 <appendix> argL0 ; # com/sun/javafx/scene/control/behavior/FocusTraversalInputMap$$Lambda+0x00000000171b42a0
instanceKlass com/sun/javafx/scene/control/inputmap/InputMap$Mapping
instanceKlass com/sun/javafx/scene/control/behavior/FocusTraversalInputMap
instanceKlass  @bci com/sun/javafx/scene/control/inputmap/InputMap <init> (Ljavafx/scene/Node;)V 108 <appendix> member <vmtarget> ; # com/sun/javafx/scene/control/inputmap/InputMap$$Lambda+0x00000000171b3a38
instanceKlass  @bci com/sun/javafx/scene/control/inputmap/InputMap <init> (Ljavafx/scene/Node;)V 86 <appendix> member <vmtarget> ; # com/sun/javafx/scene/control/inputmap/InputMap$$Lambda+0x00000000171b3808
instanceKlass com/sun/javafx/scene/control/inputmap/InputMap
instanceKlass  @bci com/sun/javafx/scene/control/behavior/ButtonBehavior <init> (Ljavafx/scene/control/ButtonBase;)V 7 <appendix> member <vmtarget> ; # com/sun/javafx/scene/control/behavior/ButtonBehavior$$Lambda+0x00000000171b2e88
instanceKlass  @bci javafx/scene/control/skin/ButtonSkin <init> (Ljavafx/scene/control/Button;)V 27 <appendix> member <vmtarget> ; # javafx/scene/control/skin/ButtonSkin$$Lambda+0x00000000171b2c58
instanceKlass  @bci javafx/scene/control/skin/ButtonSkin <init> (Ljavafx/scene/control/Button;)V 17 <appendix> member <vmtarget> ; # javafx/scene/control/skin/ButtonSkin$$Lambda+0x00000000171b2a28
instanceKlass  @bci javafx/scene/control/skin/ButtonSkin <init> (Ljavafx/scene/control/Button;)V 7 <appendix> member <vmtarget> ; # javafx/scene/control/skin/ButtonSkin$$Lambda+0x00000000171b27f8
instanceKlass  @bci javafx/scene/control/skin/LabeledSkinBase <init> (Ljavafx/scene/control/Labeled;)V 294 <appendix> member <vmtarget> ; # javafx/scene/control/skin/LabeledSkinBase$$Lambda+0x00000000171b25b8
instanceKlass  @bci javafx/scene/control/skin/LabeledSkinBase <init> (Ljavafx/scene/control/Labeled;)V 280 <appendix> member <vmtarget> ; # javafx/scene/control/skin/LabeledSkinBase$$Lambda+0x00000000171b2378
instanceKlass  @bci javafx/scene/control/skin/LabeledSkinBase <init> (Ljavafx/scene/control/Labeled;)V 266 <appendix> member <vmtarget> ; # javafx/scene/control/skin/LabeledSkinBase$$Lambda+0x00000000171b2138
instanceKlass  @bci javafx/scene/control/skin/LabeledSkinBase <init> (Ljavafx/scene/control/Labeled;)V 252 <appendix> member <vmtarget> ; # javafx/scene/control/skin/LabeledSkinBase$$Lambda+0x00000000171b1ef8
instanceKlass  @bci javafx/scene/control/skin/LabeledSkinBase <init> (Ljavafx/scene/control/Labeled;)V 238 <appendix> member <vmtarget> ; # javafx/scene/control/skin/LabeledSkinBase$$Lambda+0x00000000171b1cb8
instanceKlass  @bci javafx/scene/control/skin/LabeledSkinBase <init> (Ljavafx/scene/control/Labeled;)V 224 <appendix> argL0 ; # javafx/scene/control/skin/LabeledSkinBase$$Lambda+0x00000000171b1a80
instanceKlass  @bci javafx/scene/control/skin/LabeledSkinBase <init> (Ljavafx/scene/control/Labeled;)V 211 <appendix> member <vmtarget> ; # javafx/scene/control/skin/LabeledSkinBase$$Lambda+0x00000000171b1840
instanceKlass  @bci javafx/scene/control/skin/LabeledSkinBase <init> (Ljavafx/scene/control/Labeled;)V 197 <appendix> member <vmtarget> ; # javafx/scene/control/skin/LabeledSkinBase$$Lambda+0x00000000171b1600
instanceKlass  @bci javafx/scene/control/skin/LabeledSkinBase <init> (Ljavafx/scene/control/Labeled;)V 183 <appendix> member <vmtarget> ; # javafx/scene/control/skin/LabeledSkinBase$$Lambda+0x00000000171b13c0
instanceKlass  @bci javafx/scene/control/skin/LabeledSkinBase <init> (Ljavafx/scene/control/Labeled;)V 169 <appendix> member <vmtarget> ; # javafx/scene/control/skin/LabeledSkinBase$$Lambda+0x00000000171b1180
instanceKlass  @bci javafx/scene/control/skin/LabeledSkinBase <init> (Ljavafx/scene/control/Labeled;)V 155 <appendix> member <vmtarget> ; # javafx/scene/control/skin/LabeledSkinBase$$Lambda+0x00000000171b0f40
instanceKlass  @bci javafx/scene/control/skin/LabeledSkinBase <init> (Ljavafx/scene/control/Labeled;)V 141 <appendix> member <vmtarget> ; # javafx/scene/control/skin/LabeledSkinBase$$Lambda+0x00000000171b0d00
instanceKlass  @bci javafx/scene/control/skin/LabeledSkinBase <init> (Ljavafx/scene/control/Labeled;)V 127 <appendix> member <vmtarget> ; # javafx/scene/control/skin/LabeledSkinBase$$Lambda+0x00000000171b0ac0
instanceKlass  @bci javafx/scene/control/skin/LabeledSkinBase <init> (Ljavafx/scene/control/Labeled;)V 113 <appendix> member <vmtarget> ; # javafx/scene/control/skin/LabeledSkinBase$$Lambda+0x00000000171b0480
instanceKlass  @bci javafx/scene/control/skin/LabeledSkinBase <init> (Ljavafx/scene/control/Labeled;)V 99 <appendix> member <vmtarget> ; # javafx/scene/control/skin/LabeledSkinBase$$Lambda+0x00000000171b0240
instanceKlass  @bci javafx/scene/control/skin/LabeledSkinBase <init> (Ljavafx/scene/control/Labeled;)V 85 <appendix> member <vmtarget> ; # javafx/scene/control/skin/LabeledSkinBase$$Lambda+0x00000000171b0000
instanceKlass  @bci com/sun/javafx/scene/control/LambdaMultiplePropertyChangeListenerHandler registerChangeListener (Ljavafx/beans/value/ObservableValue;Ljava/util/function/Consumer;)V 38 <appendix> argL0 ; # com/sun/javafx/scene/control/LambdaMultiplePropertyChangeListenerHandler$$Lambda+0x00000000171a4c00
instanceKlass  @cpi com/sun/javafx/scene/control/LambdaMultiplePropertyChangeListenerHandler 221 form vmentry <vmtarget> ; # java/lang/invoke/LambdaForm$DMH+0x00000000171a4800
instanceKlass  @bci com/sun/javafx/scene/control/LambdaMultiplePropertyChangeListenerHandler <init> ()V 89 <appendix> member <vmtarget> ; # com/sun/javafx/scene/control/LambdaMultiplePropertyChangeListenerHandler$$Lambda+0x00000000171afd68
instanceKlass  @bci com/sun/javafx/scene/control/LambdaMultiplePropertyChangeListenerHandler <init> ()V 53 <appendix> member <vmtarget> ; # com/sun/javafx/scene/control/LambdaMultiplePropertyChangeListenerHandler$$Lambda+0x00000000171afb38
instanceKlass javafx/beans/value/WeakChangeListener
instanceKlass  @bci com/sun/javafx/scene/control/LambdaMultiplePropertyChangeListenerHandler <init> ()V 17 <appendix> member <vmtarget> ; # com/sun/javafx/scene/control/LambdaMultiplePropertyChangeListenerHandler$$Lambda+0x00000000171af6c0
instanceKlass  @bci com/sun/javafx/scene/control/LambdaMultiplePropertyChangeListenerHandler <clinit> ()V 0 <appendix> argL0 ; # com/sun/javafx/scene/control/LambdaMultiplePropertyChangeListenerHandler$$Lambda+0x00000000171af488
instanceKlass com/sun/javafx/scene/control/LambdaMultiplePropertyChangeListenerHandler
instanceKlass  @bci javafx/scene/control/skin/LabeledSkinBase <init> (Ljavafx/scene/control/Labeled;)V 71 <appendix> member <vmtarget> ; # javafx/scene/control/skin/LabeledSkinBase$$Lambda+0x00000000171af030
instanceKlass javafx/beans/property/DoublePropertyBase$Listener
instanceKlass javafx/beans/property/BooleanPropertyBase$Listener
instanceKlass javafx/beans/property/ObjectPropertyBase$Listener
instanceKlass javafx/scene/text/Text$TextAttribute
instanceKlass com/sun/javafx/font/Disposer$1
instanceKlass com/sun/javafx/font/Disposer
instanceKlass com/sun/javafx/font/CompositeStrikeDisposer
instanceKlass com/sun/javafx/font/Metrics
instanceKlass com/sun/javafx/font/CompositeStrike
instanceKlass com/sun/javafx/font/FontStrikeDesc
instanceKlass com/sun/javafx/font/PrismCompositeFontResource
instanceKlass com/sun/javafx/font/PrismFontFile$DirectoryEntry
instanceKlass com/sun/javafx/font/FontFileReader$Buffer
instanceKlass  @bci com/sun/javafx/font/FontFileReader openFile ()Z 11 <appendix> member <vmtarget> ; # com/sun/javafx/font/FontFileReader$$Lambda+0x00000000171a3b68
instanceKlass com/sun/javafx/font/FontFileReader
instanceKlass com/sun/javafx/font/PrismFontStrike
instanceKlass com/sun/javafx/font/DisposerRecord
instanceKlass  @bci com/sun/scenario/effect/impl/Renderer getPeerInstance (Lcom/sun/scenario/effect/FilterContext;Ljava/lang/String;I)Lcom/sun/scenario/effect/impl/EffectPeer; 33 <appendix> form vmentry <vmtarget> ; # java/lang/invoke/LambdaForm$MH+0x00000000171a4400
instanceKlass com/sun/javafx/font/WindowsFontMap$FamilyDescription
instanceKlass com/sun/javafx/font/WindowsFontMap
instanceKlass javafx/scene/shape/Shape$StyleableProperties
instanceKlass javafx/scene/text/Text$StyleableProperties
instanceKlass  @bci javafx/scene/control/skin/LabeledSkinBase <init> (Ljavafx/scene/control/Labeled;)V 26 <appendix> member <vmtarget> ; # javafx/scene/control/skin/LabeledSkinBase$$Lambda+0x000000001719e340
instanceKlass  @bci javafx/scene/control/SkinBase <clinit> ()V 8 <appendix> argL0 ; # javafx/scene/control/SkinBase$$Lambda+0x000000001719e118
instanceKlass com/sun/javafx/scene/control/ListenerHelper$InLi
instanceKlass com/sun/javafx/scene/control/ListenerHelper$ChLi
instanceKlass com/sun/javafx/scene/control/ListenerHelper$EvHa
instanceKlass  @bci javafx/scene/control/SkinBase <clinit> ()V 0 <appendix> argL0 ; # javafx/scene/control/SkinBase$$Lambda+0x000000001719ce68
instanceKlass com/sun/javafx/scene/control/ListenerHelper
instanceKlass com/sun/javafx/scene/control/IDisconnectable
instanceKlass com/sun/javafx/scene/control/behavior/BehaviorBase
instanceKlass javafx/scene/control/SkinBase
instanceKlass com/sun/javafx/cursor/CursorFrame
instanceKlass com/sun/javafx/image/impl/ByteRgba$Accessor
instanceKlass com/sun/javafx/image/impl/ByteRgba
instanceKlass com/sun/javafx/image/impl/ByteBgraPre$Accessor
instanceKlass com/sun/javafx/image/impl/ByteBgraPre
instanceKlass com/sun/javafx/image/impl/BaseByteToByteConverter
instanceKlass com/sun/javafx/image/ByteToBytePixelConverter
instanceKlass com/sun/javafx/image/PixelConverter
instanceKlass com/sun/javafx/image/impl/ByteBgra$Accessor
instanceKlass com/sun/javafx/image/BytePixelAccessor
instanceKlass com/sun/javafx/image/BytePixelSetter
instanceKlass com/sun/javafx/image/PixelSetter
instanceKlass com/sun/javafx/image/BytePixelGetter
instanceKlass com/sun/javafx/image/impl/ByteBgra
instanceKlass com/sun/scenario/effect/EffectHelper
instanceKlass javafx/scene/effect/Effect$1
instanceKlass com/sun/scenario/effect/EffectHelper$EffectAccessor
instanceKlass javafx/scene/layout/BorderStroke
instanceKlass javafx/scene/layout/BorderStrokeStyle
instanceKlass com/sun/javafx/scene/layout/ScaledMath
instanceKlass com/sun/prism/Image$Serial
instanceKlass com/sun/prism/Image$1
instanceKlass javafx/scene/image/PixelFormat
instanceKlass com/sun/javafx/image/PixelGetter
instanceKlass com/sun/prism/Image$Accessor
instanceKlass com/sun/prism/Image
instanceKlass com/sun/javafx/iio/ImageFrame
instanceKlass com/sun/javafx/iio/ImageMetadata
instanceKlass com/sun/javafx/iio/common/ImageLoaderImpl
instanceKlass com/sun/javafx/iio/common/ImageTools
instanceKlass com/sun/javafx/iio/ImageFormatDescription$Signature
instanceKlass com/sun/javafx/iio/common/ImageDescriptor
instanceKlass com/sun/javafx/iio/bmp/BMPImageLoaderFactory
instanceKlass com/sun/javafx/iio/png/PNGImageLoaderFactory
instanceKlass com/sun/javafx/iio/jpeg/JPEGImageLoaderFactory
instanceKlass com/sun/javafx/iio/ImageLoader
instanceKlass com/sun/javafx/iio/ImageFormatDescription
instanceKlass com/sun/javafx/iio/gif/GIFImageLoaderFactory
instanceKlass com/sun/javafx/iio/ImageLoaderFactory
instanceKlass com/sun/javafx/iio/ImageStorage$InstanceHolder
instanceKlass com/sun/javafx/iio/ImageStorage
instanceKlass com/sun/javafx/tk/quantum/PrismImageLoader2$PrismLoadListener
instanceKlass com/sun/javafx/iio/ImageLoadListener
instanceKlass com/sun/javafx/tk/quantum/PrismImageLoader2
instanceKlass javafx/scene/layout/BackgroundImage
instanceKlass javafx/scene/layout/BackgroundFill
instanceKlass com/sun/javafx/util/DataURI
instanceKlass com/sun/javafx/css/StyleCacheEntry
instanceKlass javafx/css/Style
instanceKlass javafx/css/Match
instanceKlass com/sun/javafx/css/CalculatedValue
instanceKlass com/sun/javafx/css/StyleCacheEntry$Key
instanceKlass com/sun/javafx/css/StyleCache
instanceKlass javafx/scene/layout/StackPane$StyleableProperties
instanceKlass javafx/css/CssParser$1
instanceKlass javafx/scene/paint/Color$NamedColors
instanceKlass javafx/css/CssParser$Term
instanceKlass com/sun/javafx/css/parser/Token
instanceKlass  @bci javafx/css/CssLexer$UnitsState <init> (Ljavafx/css/CssLexer;)V 468 <appendix> argL0 ; # javafx/css/CssLexer$UnitsState$$Lambda+0x00000000171855f0
instanceKlass  @bci javafx/css/CssLexer <init> ()V 419 <appendix> argL0 ; # javafx/css/CssLexer$$Lambda+0x0000000017184fc8
instanceKlass  @bci javafx/css/CssLexer <init> ()V 410 <appendix> argL0 ; # javafx/css/CssLexer$$Lambda+0x0000000017184da0
instanceKlass  @bci javafx/css/CssLexer <init> ()V 401 <appendix> argL0 ; # javafx/css/CssLexer$$Lambda+0x0000000017184b78
instanceKlass  @bci javafx/css/CssLexer <init> ()V 392 <appendix> argL0 ; # javafx/css/CssLexer$$Lambda+0x0000000017184950
instanceKlass  @bci javafx/css/CssLexer <init> ()V 383 <appendix> argL0 ; # javafx/css/CssLexer$$Lambda+0x0000000017184728
instanceKlass  @bci javafx/css/CssLexer <init> ()V 374 <appendix> argL0 ; # javafx/css/CssLexer$$Lambda+0x0000000017184500
instanceKlass  @bci javafx/css/CssLexer <init> ()V 365 <appendix> argL0 ; # javafx/css/CssLexer$$Lambda+0x00000000171842d8
instanceKlass  @bci javafx/css/CssLexer <init> ()V 356 <appendix> argL0 ; # javafx/css/CssLexer$$Lambda+0x00000000171840b0
instanceKlass  @bci javafx/css/CssLexer <init> ()V 347 <appendix> argL0 ; # javafx/css/CssLexer$$Lambda+0x0000000017183e88
instanceKlass  @bci javafx/css/CssLexer <init> ()V 338 <appendix> argL0 ; # javafx/css/CssLexer$$Lambda+0x0000000017183c60
instanceKlass  @bci javafx/css/CssLexer <init> ()V 329 <appendix> argL0 ; # javafx/css/CssLexer$$Lambda+0x0000000017183a38
instanceKlass  @bci javafx/css/CssLexer <init> ()V 320 <appendix> argL0 ; # javafx/css/CssLexer$$Lambda+0x0000000017183810
instanceKlass  @bci javafx/css/CssLexer <init> ()V 311 <appendix> argL0 ; # javafx/css/CssLexer$$Lambda+0x00000000171835e8
instanceKlass  @bci javafx/css/CssLexer <init> ()V 302 <appendix> argL0 ; # javafx/css/CssLexer$$Lambda+0x00000000171833c0
instanceKlass  @bci javafx/css/CssLexer <init> ()V 293 <appendix> argL0 ; # javafx/css/CssLexer$$Lambda+0x0000000017183198
instanceKlass  @bci javafx/css/CssLexer <init> ()V 284 <appendix> argL0 ; # javafx/css/CssLexer$$Lambda+0x0000000017182f70
instanceKlass  @bci javafx/css/CssLexer <init> ()V 275 <appendix> argL0 ; # javafx/css/CssLexer$$Lambda+0x0000000017182d48
instanceKlass  @bci javafx/css/CssLexer <init> ()V 266 <appendix> argL0 ; # javafx/css/CssLexer$$Lambda+0x0000000017182b20
instanceKlass  @bci javafx/css/CssLexer <init> ()V 257 <appendix> argL0 ; # javafx/css/CssLexer$$Lambda+0x00000000171828f8
instanceKlass  @bci javafx/css/CssLexer <init> ()V 248 <appendix> argL0 ; # javafx/css/CssLexer$$Lambda+0x00000000171826d0
instanceKlass  @bci javafx/css/CssLexer <init> ()V 239 <appendix> argL0 ; # javafx/css/CssLexer$$Lambda+0x00000000171824a8
instanceKlass  @bci javafx/css/CssLexer <init> ()V 230 <appendix> argL0 ; # javafx/css/CssLexer$$Lambda+0x0000000017182280
instanceKlass  @bci javafx/css/CssLexer <init> ()V 221 <appendix> argL0 ; # javafx/css/CssLexer$$Lambda+0x0000000017182058
instanceKlass  @bci javafx/css/CssLexer <init> ()V 212 <appendix> argL0 ; # javafx/css/CssLexer$$Lambda+0x0000000017181e30
instanceKlass  @bci javafx/css/CssLexer <init> ()V 203 <appendix> argL0 ; # javafx/css/CssLexer$$Lambda+0x0000000017181c08
instanceKlass  @bci javafx/css/CssLexer <init> ()V 194 <appendix> argL0 ; # javafx/css/CssLexer$$Lambda+0x00000000171819e0
instanceKlass  @bci javafx/css/CssLexer <init> ()V 185 <appendix> argL0 ; # javafx/css/CssLexer$$Lambda+0x00000000171817b8
instanceKlass  @bci javafx/css/CssLexer <init> ()V 176 <appendix> argL0 ; # javafx/css/CssLexer$$Lambda+0x0000000017181590
instanceKlass  @bci javafx/css/CssLexer <init> ()V 167 <appendix> argL0 ; # javafx/css/CssLexer$$Lambda+0x0000000017181368
instanceKlass  @bci javafx/css/CssLexer <init> ()V 158 <appendix> argL0 ; # javafx/css/CssLexer$$Lambda+0x0000000017181140
instanceKlass  @bci javafx/css/CssLexer <init> ()V 149 <appendix> argL0 ; # javafx/css/CssLexer$$Lambda+0x0000000017180f18
instanceKlass  @bci javafx/css/CssLexer <init> ()V 140 <appendix> argL0 ; # javafx/css/CssLexer$$Lambda+0x0000000017180cf0
instanceKlass  @bci javafx/css/CssLexer <init> ()V 131 <appendix> argL0 ; # javafx/css/CssLexer$$Lambda+0x0000000017180ac8
instanceKlass  @bci javafx/css/CssLexer <init> ()V 122 <appendix> argL0 ; # javafx/css/CssLexer$$Lambda+0x00000000171808a0
instanceKlass  @bci javafx/css/CssLexer <init> ()V 113 <appendix> argL0 ; # javafx/css/CssLexer$$Lambda+0x0000000017180678
instanceKlass  @bci javafx/css/CssLexer <init> ()V 104 <appendix> argL0 ; # javafx/css/CssLexer$$Lambda+0x0000000017180450
instanceKlass  @bci javafx/css/CssLexer <init> ()V 95 <appendix> argL0 ; # javafx/css/CssLexer$$Lambda+0x0000000017180228
instanceKlass  @bci javafx/css/CssLexer <init> ()V 86 <appendix> argL0 ; # javafx/css/CssLexer$$Lambda+0x0000000017180000
instanceKlass  @bci javafx/css/CssLexer <init> ()V 77 <appendix> argL0 ; # javafx/css/CssLexer$$Lambda+0x000000001713fca8
instanceKlass  @bci javafx/css/CssLexer <init> ()V 68 <appendix> argL0 ; # javafx/css/CssLexer$$Lambda+0x000000001713fa80
instanceKlass  @bci javafx/css/CssLexer <init> ()V 59 <appendix> argL0 ; # javafx/css/CssLexer$$Lambda+0x000000001713f858
instanceKlass  @bci javafx/css/CssLexer <init> ()V 50 <appendix> argL0 ; # javafx/css/CssLexer$$Lambda+0x000000001713f630
instanceKlass  @bci javafx/css/CssLexer <init> ()V 41 <appendix> argL0 ; # javafx/css/CssLexer$$Lambda+0x000000001713f408
instanceKlass  @bci javafx/css/CssLexer <init> ()V 32 <appendix> argL0 ; # javafx/css/CssLexer$$Lambda+0x000000001713f1e0
instanceKlass  @bci javafx/css/CssLexer <init> ()V 23 <appendix> argL0 ; # javafx/css/CssLexer$$Lambda+0x000000001713efb8
instanceKlass  @bci javafx/css/CssLexer <init> ()V 14 <appendix> argL0 ; # javafx/css/CssLexer$$Lambda+0x000000001713ed90
instanceKlass  @bci javafx/css/CssLexer <init> ()V 5 <appendix> argL0 ; # javafx/css/CssLexer$$Lambda+0x000000001713eb68
instanceKlass com/sun/javafx/css/parser/Recognizer
instanceKlass com/sun/javafx/css/parser/LexerState
instanceKlass javafx/css/CssLexer
instanceKlass javafx/css/FontFace
instanceKlass javafx/css/CssParser$ParseError
instanceKlass javafx/css/CssParser
instanceKlass javafx/scene/Node$22
instanceKlass  @bci com/sun/javafx/tk/quantum/GlassViewEventHandler handleViewEvent (Lcom/sun/glass/ui/View;JI)V 45 <appendix> member <vmtarget> ; # com/sun/javafx/tk/quantum/GlassViewEventHandler$$Lambda+0x000000001713cb78
instanceKlass jdk/jfr/FlightRecorder
instanceKlass  @bci com/sun/javafx/logging/PulseLogger isPulseLoggingRequested ()Z 0 <appendix> argL0 ; # com/sun/javafx/logging/PulseLogger$$Lambda+0x000000001713c018
instanceKlass com/sun/javafx/logging/PrintLogger$PulseData
instanceKlass  @bci com/sun/javafx/logging/PrintLogger <clinit> ()V 18 <appendix> argL0 ; # com/sun/javafx/logging/PrintLogger$$Lambda+0x000000001713bbd8
instanceKlass  @bci com/sun/javafx/logging/PrintLogger <clinit> ()V 0 <appendix> argL0 ; # com/sun/javafx/logging/PrintLogger$$Lambda+0x000000001713b9b0
instanceKlass com/sun/javafx/logging/Logger
instanceKlass com/sun/javafx/logging/PulseLogger
instanceKlass  @bci com/sun/javafx/tk/quantum/WindowStage setScene (Lcom/sun/javafx/tk/TKScene;)V 40 <appendix> member <vmtarget> ; # com/sun/javafx/tk/quantum/WindowStage$$Lambda+0x000000001713ae58
instanceKlass com/sun/javafx/geom/DirtyRegionContainer
instanceKlass com/sun/javafx/geom/DirtyRegionPool
instanceKlass com/sun/javafx/sg/prism/NodePath
instanceKlass javafx/scene/Scene$InputMethodRequestsDelegate
instanceKlass com/sun/javafx/scene/input/ExtendedInputMethodRequests
instanceKlass javafx/scene/Scene$DropTargetListener
instanceKlass com/sun/javafx/util/WeakReferenceQueue
instanceKlass com/sun/javafx/scene/transform/TransformUtils
instanceKlass  @bci javafx/scene/Camera <init> ()V 115 <appendix> member <vmtarget> ; # javafx/scene/Camera$$Lambda+0x0000000017133168
instanceKlass javafx/scene/ParallelCamera$1
instanceKlass javafx/scene/Camera$1
instanceKlass com/sun/javafx/scene/ParallelCameraHelper$ParallelCameraAccessor
instanceKlass com/sun/javafx/scene/CameraHelper$CameraAccessor
instanceKlass com/sun/scenario/effect/impl/state/AccessHelper
instanceKlass  @bci com/sun/scenario/effect/Effect <clinit> ()V 4 <appendix> argL0 ; # com/sun/scenario/effect/Effect$$Lambda+0x000000001712cc80
instanceKlass com/sun/scenario/effect/impl/state/AccessHelper$StateAccessor
instanceKlass com/sun/javafx/geom/Rectangle
instanceKlass com/sun/prism/paint/Paint
instanceKlass com/sun/scenario/effect/Effect
instanceKlass javafx/scene/Scene$ScenePeerPaintListener
instanceKlass javafx/scene/Scene$ScenePeerListener
instanceKlass  @bci com/sun/javafx/tk/quantum/GlassScene setSecurityContext (Ljava/security/AccessControlContext;)V 22 <appendix> argL0 ; # com/sun/javafx/tk/quantum/GlassScene$$Lambda+0x000000001712edb8
instanceKlass com/sun/javafx/tk/quantum/SwipeGestureRecognizer$CenterComputer
instanceKlass com/sun/javafx/tk/quantum/SwipeGestureRecognizer$MultiTouchTracker
instanceKlass com/sun/javafx/tk/quantum/SwipeGestureRecognizer
instanceKlass com/sun/javafx/tk/quantum/GestureRecognizers
instanceKlass com/sun/javafx/tk/quantum/GlassSceneDnDEventHandler
instanceKlass com/sun/javafx/tk/quantum/GlassViewEventHandler$ViewEventNotification
instanceKlass com/sun/javafx/tk/quantum/GlassViewEventHandler$MouseEventNotification
instanceKlass com/sun/javafx/tk/quantum/GlassViewEventHandler$KeyEventNotification
instanceKlass  @bci com/sun/javafx/tk/quantum/GlassViewEventHandler <clinit> ()V 0 <appendix> argL0 ; # com/sun/javafx/tk/quantum/GlassViewEventHandler$$Lambda+0x000000001712b4c0
instanceKlass com/sun/javafx/tk/quantum/GestureRecognizer
instanceKlass com/sun/javafx/tk/quantum/GlassTouchEventListener
instanceKlass  @bci com/sun/glass/ui/View <clinit> ()V 0 <appendix> argL0 ; # com/sun/glass/ui/View$$Lambda+0x000000001712b298
instanceKlass com/sun/prism/PresentableState
instanceKlass com/sun/javafx/tk/quantum/ViewPainter
instanceKlass com/sun/glass/ui/View$EventHandler
instanceKlass com/sun/glass/ui/ClipboardAssistance
instanceKlass  @bci com/sun/glass/ui/GestureSupport createTouchCountListener ()Lcom/sun/glass/ui/TouchInputSupport$TouchCountListener; 4 <appendix> member <vmtarget> ; # com/sun/glass/ui/GestureSupport$$Lambda+0x0000000017128238
instanceKlass  @cpi com/sun/glass/ui/GestureSupport 204 form vmentry <vmtarget> ; # java/lang/invoke/LambdaForm$DMH+0x000000001712c000
instanceKlass com/sun/glass/ui/TouchInputSupport$TouchCountListener
instanceKlass com/sun/glass/ui/TouchInputSupport
instanceKlass com/sun/glass/ui/GestureSupport$GestureState
instanceKlass com/sun/glass/ui/GestureSupport
instanceKlass com/sun/glass/ui/win/WinGestureSupport
instanceKlass com/sun/media/jfxmediaimpl/NativeMediaPlayer$1
instanceKlass com/sun/javafx/tk/quantum/WindowStage$1
instanceKlass  @bci com/sun/javafx/tk/quantum/GlassStage lambda$doIntersectionPrivilege$1 (Ljava/security/AccessControlContext;)Ljava/security/AccessControlContext; 0 <appendix> argL0 ; # com/sun/javafx/tk/quantum/GlassStage$$Lambda+0x0000000017126898
instanceKlass  @bci com/sun/javafx/tk/quantum/GlassStage doIntersectionPrivilege (Ljava/security/PrivilegedAction;Ljava/security/AccessControlContext;Ljava/security/AccessControlContext;)Ljava/security/AccessControlContext; 1 <appendix> member <vmtarget> ; # com/sun/javafx/tk/quantum/GlassStage$$Lambda+0x0000000017126668
instanceKlass  @bci com/sun/javafx/tk/quantum/GlassStage setSecurityContext (Ljava/security/AccessControlContext;)V 22 <appendix> argL0 ; # com/sun/javafx/tk/quantum/GlassStage$$Lambda+0x0000000017126440
instanceKlass javafx/scene/input/KeyCombination$Modifier
instanceKlass com/sun/glass/ui/Window$EventHandler
instanceKlass com/sun/javafx/tk/quantum/GlassStage
instanceKlass com/sun/javafx/event/EventUtil
instanceKlass  @bci javafx/scene/Scene <init> (Ljavafx/scene/Parent;DDLjavafx/scene/paint/Paint;ZLjavafx/scene/SceneAntialiasing;)V 318 <appendix> member <vmtarget> ; # javafx/scene/Scene$$Lambda+0x00000000171243e8
instanceKlass com/sun/javafx/logging/PlatformLogger$1
instanceKlass javafx/css/converter/CursorConverter$Holder
instanceKlass javafx/scene/Node$StyleableProperties
instanceKlass com/sun/javafx/scene/layout/region/BorderImageSlices
instanceKlass javafx/scene/layout/BackgroundSize
instanceKlass javafx/scene/layout/BackgroundPosition
instanceKlass com/sun/javafx/scene/layout/region/RepeatStruct
instanceKlass javafx/scene/layout/Region$StyleableProperties
instanceKlass javafx/scene/control/Control$StyleableProperties
instanceKlass javafx/scene/control/Labeled$StyleableProperties
instanceKlass com/sun/javafx/css/StyleCache$Key
instanceKlass javafx/scene/CssStyleHelper$CacheContainer
instanceKlass  @bci com/sun/javafx/css/StyleMap <clinit> ()V 30 <appendix> argL0 ; # com/sun/javafx/css/StyleMap$$Lambda+0x0000000017118f38
instanceKlass com/sun/javafx/css/CascadingStyle
instanceKlass com/sun/javafx/css/StyleMap
instanceKlass com/sun/javafx/css/StyleManager$Cache$Key
instanceKlass com/sun/javafx/css/StyleManager$Cache
instanceKlass com/sun/javafx/css/StyleManager$Key
instanceKlass  @bci com/sun/javafx/css/StyleManager findMatchingStyles (Ljavafx/scene/Node;Ljavafx/scene/SubScene;[Ljava/util/Set;)Lcom/sun/javafx/css/StyleMap; 251 <appendix> argL0 ; # com/sun/javafx/css/StyleManager$$Lambda+0x0000000017118220
instanceKlass com/sun/javafx/css/StyleManager$CacheContainer
instanceKlass javafx/css/converter/FontConverter$FontStyleConverter$Holder
instanceKlass javafx/css/converter/FontConverter$Holder
instanceKlass com/sun/javafx/font/PrismFont
instanceKlass com/sun/javafx/font/CharToGlyphMapper
instanceKlass com/sun/javafx/font/FontStrike
instanceKlass com/sun/javafx/font/LogicalFont
instanceKlass com/sun/javafx/font/CompositeFontResource
instanceKlass com/sun/javafx/font/directwrite/IUnknown
instanceKlass  @bci com/sun/javafx/font/directwrite/OS <clinit> ()V 0 <appendix> argL0 ; # com/sun/javafx/font/directwrite/OS$$Lambda+0x0000000017114c10
instanceKlass com/sun/javafx/font/directwrite/OS
instanceKlass com/sun/javafx/font/FontFallbackInfo
instanceKlass com/sun/javafx/text/GlyphLayout
instanceKlass com/sun/javafx/font/PrismFontFile
instanceKlass com/sun/javafx/font/FontConstants
instanceKlass com/sun/javafx/scene/text/FontHelper
instanceKlass javafx/scene/text/Font$1
instanceKlass com/sun/javafx/scene/text/FontHelper$FontAccessor
instanceKlass sun/util/logging/PlatformLogger$ConfigurableBridge$LoggerConfiguration
instanceKlass  @bci java/util/logging/Level$KnownLevel findByName (Ljava/lang/String;Ljava/util/function/Function;)Ljava/util/Optional; 29 <appendix> argL0 ; # java/util/logging/Level$KnownLevel$$Lambda+0x800000022
instanceKlass java/util/ArrayList$ArrayListSpliterator
instanceKlass  @bci java/util/logging/Level findLevel (Ljava/lang/String;)Ljava/util/logging/Level; 13 <appendix> argL0 ; # java/util/logging/Level$$Lambda+0x80000001f
instanceKlass java/util/Collections$3
instanceKlass java/util/logging/LogManager$VisitedLoggers
instanceKlass java/util/logging/Logger$ConfigurationData
instanceKlass java/util/logging/Logger$LoggerBundle
instanceKlass java/util/logging/Handler
instanceKlass java/util/logging/Logger
instanceKlass java/util/logging/LogManager$LoggingProviderAccess
instanceKlass java/util/logging/LogManager$LogNode
instanceKlass java/util/logging/LogManager$LoggerContext
instanceKlass  @bci java/util/logging/Level$KnownLevel add (Ljava/util/logging/Level;)V 49 <appendix> argL0 ; # java/util/logging/Level$KnownLevel$$Lambda+0x800000021
instanceKlass  @bci java/util/logging/Level$KnownLevel add (Ljava/util/logging/Level;)V 19 <appendix> argL0 ; # java/util/logging/Level$KnownLevel$$Lambda+0x800000020
instanceKlass java/util/logging/Level
instanceKlass java/util/logging/LogManager
instanceKlass jdk/internal/logger/BootstrapLogger$BootstrapExecutors
instanceKlass jdk/internal/logger/BootstrapLogger$RedirectedLoggers
instanceKlass sun/util/logging/internal/LoggingProviderImpl$LogManagerAccess
instanceKlass jdk/internal/logger/BootstrapLogger$DetectBackend
instanceKlass jdk/internal/logger/BootstrapLogger
instanceKlass sun/util/logging/PlatformLogger$ConfigurableBridge
instanceKlass sun/util/logging/PlatformLogger$Bridge
instanceKlass jdk/internal/logger/LoggerFinderLoader
instanceKlass java/lang/System$LoggerFinder
instanceKlass jdk/internal/logger/LazyLoggers$LazyLoggerFactories
instanceKlass jdk/internal/logger/LazyLoggers$1
instanceKlass jdk/internal/logger/LazyLoggers
instanceKlass com/sun/javafx/logging/PlatformLogger
instanceKlass java/lang/System$Logger
instanceKlass com/sun/javafx/util/Logging
instanceKlass javafx/scene/CssStyleHelper
instanceKlass javafx/scene/Scene$ClickCounter
instanceKlass javafx/scene/Scene$ClickGenerator
instanceKlass javafx/scene/Scene$MouseHandler$1
instanceKlass com/sun/javafx/event/EventQueue
instanceKlass javafx/scene/Scene$MouseHandler
instanceKlass com/sun/javafx/scene/traversal/TraversalEngine$BaseEngineContext
instanceKlass com/sun/javafx/scene/traversal/ContainerTabOrder
instanceKlass com/sun/javafx/scene/traversal/Algorithm
instanceKlass com/sun/javafx/scene/traversal/TraversalContext
instanceKlass  @bci javafx/scene/Scene <init> (Ljavafx/scene/Parent;DDLjavafx/scene/paint/Paint;ZLjavafx/scene/SceneAntialiasing;)V 172 <appendix> member <vmtarget> ; # javafx/scene/Scene$$Lambda+0x0000000017110d60
instanceKlass javafx/scene/Scene$TouchMap
instanceKlass javafx/scene/Scene$TouchGesture
instanceKlass javafx/scene/Scene$TargetWrapper
instanceKlass javafx/scene/Scene$ScenePulseListener
instanceKlass javafx/scene/SceneAntialiasing
instanceKlass  @bci javafx/scene/media/MediaPlayer init ()V 338 <appendix> member <vmtarget> ; # javafx/scene/media/MediaPlayer$$Lambda+0x000000001710b760
instanceKlass com/sun/javafx/collections/ObservableMapWrapper$ObservableEntrySet$1
instanceKlass com/sun/javafx/collections/ObservableMapWrapper$ObservableEntrySet
instanceKlass javafx/scene/media/MediaPlayer$MarkerMapChangeListener
instanceKlass javafx/scene/media/MediaPlayer$RendererListener
instanceKlass javafx/scene/media/MediaPlayer$_SpectrumListener
instanceKlass javafx/scene/media/MediaPlayer$_MarkerListener
instanceKlass javafx/scene/media/MediaPlayer$_BufferListener
instanceKlass javafx/scene/media/MediaPlayer$_PlayerTimeListener
instanceKlass javafx/scene/media/MediaPlayer$_PlayerStateListener
instanceKlass javafx/scene/media/MediaPlayer$_VideoTrackSizeListener
instanceKlass javafx/scene/media/MediaPlayerShutdownHook
instanceKlass com/sun/media/jfxmediaimpl/NativeAudioEqualizer
instanceKlass com/sun/media/jfxmediaimpl/NativeAudioSpectrum
instanceKlass com/sun/media/jfxmediaimpl/NativeMediaPlayer$VideoRenderer
instanceKlass com/sun/media/jfxmedia/control/VideoDataBuffer
instanceKlass com/sun/media/jfxmedia/track/Track
instanceKlass java/util/TimerTask
instanceKlass com/sun/media/jfxmedia/effects/AudioEqualizer
instanceKlass com/sun/media/jfxmedia/effects/AudioSpectrum
instanceKlass com/sun/media/jfxmedia/events/PlayerEvent
instanceKlass com/sun/media/jfxmedia/control/VideoRenderControl
instanceKlass com/sun/media/jfxmediaimpl/NativeMediaPlayer
instanceKlass com/sun/media/jfxmediaimpl/MarkerStateListener
instanceKlass javafx/scene/media/MediaPlayer$_MediaErrorListener
instanceKlass javafx/beans/value/ObservableIntegerValue
instanceKlass javafx/beans/value/WritableIntegerValue
instanceKlass com/sun/media/jfxmedia/events/VideoRendererListener
instanceKlass java/util/concurrent/locks/ReentrantReadWriteLock$Sync$HoldCounter
instanceKlass com/sun/media/jfxmedia/events/AudioSpectrumListener
instanceKlass com/sun/media/jfxmedia/locator/ConnectionHolder
instanceKlass com/sun/media/jfxmedia/events/MarkerListener
instanceKlass com/sun/media/jfxmedia/events/BufferListener
instanceKlass com/sun/media/jfxmedia/events/PlayerTimeListener
instanceKlass com/sun/media/jfxmedia/events/PlayerStateListener
instanceKlass com/sun/media/jfxmedia/events/VideoTrackSizeListener
instanceKlass com/sun/media/jfxmedia/events/MediaErrorListener
instanceKlass com/sun/media/jfxmediaimpl/MediaUtils
instanceKlass java/text/DontCareFieldPosition$1
instanceKlass java/text/Format$FieldDelegate
instanceKlass java/text/StringBufFactory$StringBuilderImpl
instanceKlass java/text/Format$StringBuf
instanceKlass java/text/StringBufFactory
instanceKlass java/text/DigitList
instanceKlass java/text/FieldPosition
instanceKlass java/text/DecimalFormatSymbols
instanceKlass java/text/DateFormatSymbols
instanceKlass sun/util/calendar/CalendarUtils
instanceKlass sun/util/calendar/CalendarDate
instanceKlass sun/util/resources/Bundles$CacheKeyReference
instanceKlass  @bci sun/util/cldr/CLDRLocaleProviderAdapter applyAliases (Ljava/util/Locale;)Ljava/util/Locale; 4 <appendix> argL0 ; # sun/util/cldr/CLDRLocaleProviderAdapter$$Lambda+0x80000005a
instanceKlass sun/util/resources/Bundles$CacheKey
instanceKlass sun/util/resources/Bundles
instanceKlass sun/util/resources/LocaleData$LocaleDataStrategy
instanceKlass sun/util/resources/Bundles$Strategy
instanceKlass sun/util/resources/LocaleData
instanceKlass sun/util/locale/provider/LocaleResources
instanceKlass java/util/stream/Node$Builder
instanceKlass java/util/stream/AbstractSpinedBuffer
instanceKlass java/util/stream/Node$OfDouble
instanceKlass java/util/stream/Node$OfLong
instanceKlass java/util/stream/Node$OfInt
instanceKlass java/util/stream/Node$OfPrimitive
instanceKlass java/util/stream/Nodes$EmptyNode
instanceKlass java/util/stream/Node
instanceKlass java/util/stream/Nodes
instanceKlass  @bci sun/util/locale/provider/LocaleProviderAdapter toLocaleArray (Ljava/util/Set;)[Ljava/util/Locale; 21 <appendix> argL0 ; # sun/util/locale/provider/LocaleProviderAdapter$$Lambda+0x80000005d
instanceKlass java/util/stream/DistinctOps
instanceKlass  @bci sun/util/locale/provider/LocaleProviderAdapter toLocaleArray (Ljava/util/Set;)[Ljava/util/Locale; 6 <appendix> argL0 ; # sun/util/locale/provider/LocaleProviderAdapter$$Lambda+0x80000005b
instanceKlass sun/util/locale/provider/CalendarDataUtility$CalendarWeekParameterGetter
instanceKlass sun/util/locale/provider/LocaleServiceProviderPool$LocalizedObjectGetter
instanceKlass sun/util/locale/provider/LocaleServiceProviderPool
instanceKlass java/util/Locale$Builder
instanceKlass sun/util/locale/provider/CalendarDataUtility
instanceKlass java/util/Calendar$Builder
instanceKlass sun/util/locale/provider/AvailableLanguageTags
instanceKlass java/util/ServiceLoader$ProviderImpl
instanceKlass java/util/ServiceLoader$Provider
instanceKlass sun/util/resources/cldr/provider/CLDRLocaleDataMetaInfo
instanceKlass java/util/concurrent/CopyOnWriteArrayList$COWIterator
instanceKlass sun/util/locale/InternalLocaleBuilder$CaseInsensitiveChar
instanceKlass sun/util/locale/InternalLocaleBuilder
instanceKlass sun/util/locale/StringTokenIterator
instanceKlass java/text/ParsePosition
instanceKlass sun/util/cldr/CLDRBaseLocaleDataMetaInfo
instanceKlass sun/util/locale/provider/LocaleDataMetaInfo
instanceKlass sun/util/locale/provider/ResourceBundleBasedAdapter
instanceKlass sun/util/locale/provider/LocaleProviderAdapter
instanceKlass java/util/spi/LocaleServiceProvider
instanceKlass java/util/zip/Checksum$1
instanceKlass java/util/zip/CRC32
instanceKlass java/util/zip/Checksum
instanceKlass sun/util/calendar/ZoneInfoFile$ZoneOffsetTransitionRule
instanceKlass sun/util/calendar/ZoneInfoFile
instanceKlass java/time/ZoneId
instanceKlass java/util/TimeZone
instanceKlass java/util/Calendar
instanceKlass java/text/AttributedCharacterIterator$Attribute
instanceKlass java/text/Format
instanceKlass sun/util/calendar/CalendarSystem$GregorianHolder
instanceKlass sun/util/calendar/CalendarSystem
instanceKlass java/util/Date
instanceKlass java/util/StringTokenizer
instanceKlass sun/net/www/MimeEntry
instanceKlass java/util/Hashtable$Enumerator
instanceKlass  @bci jdk/internal/module/SystemModuleFinders$SystemModuleReader open (Ljava/lang/String;)Ljava/util/Optional; 6 <appendix> member <vmtarget> ; # jdk/internal/module/SystemModuleFinders$SystemModuleReader$$Lambda+0x000000001703ed60
instanceKlass sun/net/www/MimeTable$DefaultInstanceHolder
instanceKlass sun/net/www/MimeTable
instanceKlass java/net/URLConnection$1
# instanceKlass java/lang/invoke/LambdaForm$MH+0x00000000170f9000
# instanceKlass java/lang/invoke/LambdaForm$MH+0x00000000170f8c00
# instanceKlass java/lang/invoke/LambdaForm$BMH+0x00000000170f8800
# instanceKlass java/lang/invoke/LambdaForm$DMH+0x00000000170f8400
# instanceKlass java/lang/invoke/LambdaForm$DMH+0x00000000170f8000
instanceKlass java/net/ContentHandlerFactory
instanceKlass java/net/FileNameMap
instanceKlass  @bci com/sun/media/jfxmedia/locator/Locator getContentLengthLong (Ljava/net/URLConnection;)J 0 <appendix> argL0 ; # com/sun/media/jfxmedia/locator/Locator$$Lambda+0x00000000170f3238
instanceKlass com/sun/media/jfxmedia/locator/LocatorCache$CacheDisposer
instanceKlass com/sun/media/jfxmedia/locator/LocatorCache$CacheInitializer
instanceKlass com/sun/media/jfxmedia/locator/LocatorCache
instanceKlass com/sun/media/jfxmedia/MediaPlayer
instanceKlass com/sun/media/jfxmedia/Media
instanceKlass com/sun/media/jfxmedia/MetadataParser
instanceKlass com/sun/media/jfxmediaimpl/platform/Platform
instanceKlass com/sun/media/jfxmediaimpl/platform/PlatformManager$PlatformManagerInitializer
instanceKlass  @bci com/sun/media/jfxmediaimpl/platform/PlatformManager <clinit> ()V 0 <appendix> argL0 ; # com/sun/media/jfxmediaimpl/platform/PlatformManager$$Lambda+0x00000000170f6eb0
instanceKlass com/sun/media/jfxmediaimpl/platform/PlatformManager
instanceKlass com/sun/media/jfxmedia/logging/Logger
instanceKlass  @bci com/sun/glass/utils/NativeLibLoader loadLibrary (Ljava/lang/String;Ljava/util/List;)V 10 <appendix> argL0 ; # com/sun/glass/utils/NativeLibLoader$$Lambda+0x00000000170f6860
instanceKlass  @bci com/sun/media/jfxmediaimpl/NativeMediaManager <init> ()V 37 <appendix> argL0 ; # com/sun/media/jfxmediaimpl/NativeMediaManager$$Lambda+0x00000000170f6638
instanceKlass com/sun/media/jfxmediaimpl/NativeMediaManager$NativeMediaManagerInitializer
instanceKlass com/sun/media/jfxmediaimpl/NativeMediaManager$NativeMediaPlayerDisposer
instanceKlass com/sun/media/jfxmediaimpl/MediaDisposer$ResourceDisposer
instanceKlass com/sun/media/jfxmediaimpl/NativeMediaManager
instanceKlass com/sun/media/jfxmedia/MediaManager
instanceKlass com/sun/media/jfxmedia/locator/Locator
instanceKlass javafx/collections/WeakMapChangeListener
instanceKlass  @bci com/sun/javafx/collections/UnmodifiableObservableMap <init> (Ljavafx/collections/ObservableMap;)V 11 <appendix> member <vmtarget> ; # com/sun/javafx/collections/UnmodifiableObservableMap$$Lambda+0x00000000170f5458
instanceKlass javafx/scene/media/Media$_MetadataListener
instanceKlass javafx/scene/media/Track
instanceKlass com/sun/media/jfxmedia/events/MetadataListener
instanceKlass javafx/scene/media/Media
# instanceKlass java/lang/invoke/LambdaForm$MH+0x00000000170f2c00
# instanceKlass java/lang/invoke/LambdaForm$MH+0x00000000170f2800
instanceKlass javafx/fxml/Initializable
# instanceKlass java/lang/invoke/LambdaForm$MH+0x00000000170f2400
# instanceKlass java/lang/invoke/LambdaForm$MH+0x00000000170f2000
# instanceKlass java/lang/invoke/LambdaForm$MH+0x00000000170f1c00
# instanceKlass java/lang/invoke/LambdaForm$DMH+0x00000000170f1800
# instanceKlass java/lang/invoke/LambdaForm$BMH+0x00000000170f1400
# instanceKlass java/lang/invoke/LambdaForm$DMH+0x00000000170f1000
# instanceKlass java/lang/invoke/LambdaForm$MH+0x00000000170f0c00
# instanceKlass java/lang/invoke/LambdaForm$DMH+0x00000000170f0800
instanceKlass java/lang/invoke/ClassSpecializer$Factory$1$5$1
instanceKlass java/lang/invoke/ClassSpecializer$Factory$1$5
instanceKlass java/lang/invoke/ClassSpecializer$Factory$1$4
instanceKlass java/lang/invoke/ClassSpecializer$Factory$1$3
instanceKlass java/lang/invoke/ClassSpecializer$Factory$1$2
instanceKlass java/lang/invoke/ClassSpecializer$Factory$1$1Var
instanceKlass java/lang/invoke/ClassSpecializer$Factory$1$1
instanceKlass java/lang/invoke/ClassSpecializer$Factory$1
instanceKlass java/lang/invoke/MethodHandles$1
# instanceKlass java/lang/invoke/LambdaForm$BMH+0x00000000170f0400
# instanceKlass java/lang/invoke/LambdaForm$DMH+0x00000000170f0000
# instanceKlass java/lang/invoke/LambdaForm$DMH+0x00000000170ebc00
instanceKlass sun/invoke/util/ValueConversions$1
instanceKlass sun/invoke/util/ValueConversions$WrapperCache
instanceKlass  @cpi javafx/scene/media/MediaPlayer$_PlayerTimeListener 70 form vmentry <vmtarget> ; # java/lang/invoke/LambdaForm$DMH+0x00000000170eb800
instanceKlass javafx/scene/layout/BorderPane$BorderPositionProperty$1
# instanceKlass java/lang/invoke/LambdaForm$MH+0x00000000170eb400
instanceKlass java/time/LocalDate
instanceKlass java/time/chrono/ChronoLocalDate
instanceKlass java/time/temporal/TemporalAdjuster
instanceKlass java/time/temporal/Temporal
instanceKlass java/time/temporal/TemporalAccessor
instanceKlass javafx/fxml/FXMLLoader$ControllerMethodEventHandler
instanceKlass javafx/fxml/FXMLLoader$MethodHandler
instanceKlass sun/reflect/generics/reflectiveObjects/LazyReflectiveObjectGenerator
instanceKlass sun/reflect/generics/tree/TypeVariableSignature
instanceKlass sun/reflect/generics/tree/ClassSignature
instanceKlass sun/reflect/generics/reflectiveObjects/ParameterizedTypeImpl
instanceKlass java/lang/reflect/ParameterizedType
instanceKlass sun/reflect/generics/tree/MethodTypeSignature
instanceKlass sun/reflect/generics/tree/Signature
instanceKlass sun/reflect/generics/tree/FormalTypeParameter
instanceKlass sun/reflect/generics/repository/AbstractRepository
instanceKlass  @bci jdk/internal/reflect/MethodHandleObjectFieldAccessorImpl set (Ljava/lang/Object;Ljava/lang/Object;)V 41 <adapter> ; # java/lang/invoke/LambdaForm$MH+0x00000000170eb000
# instanceKlass java/lang/invoke/LambdaForm$MH+0x00000000170eac00
# instanceKlass java/lang/invoke/LambdaForm$MH+0x00000000170ea800
instanceKlass jdk/internal/reflect/FieldAccessorImpl
instanceKlass jdk/internal/reflect/FieldAccessor
instanceKlass javafx/fxml/FXML
instanceKlass javafx/scene/media/MediaPlayer
instanceKlass javafx/fxml/FXMLLoader$ControllerAccessor$1
# instanceKlass java/lang/invoke/LambdaForm$MH+0x00000000170ea400
# instanceKlass java/lang/invoke/LambdaForm$MH+0x00000000170ea000
# instanceKlass java/lang/invoke/LambdaForm$MH+0x00000000170e9c00
# instanceKlass java/lang/invoke/LambdaForm$MH+0x00000000170e9800
# instanceKlass java/lang/invoke/LambdaForm$MH+0x00000000170e9400
# instanceKlass java/lang/invoke/LambdaForm$MH+0x00000000170e9000
instanceKlass  @bci java/lang/ClassLoader definePackage (Ljava/lang/String;Ljava/lang/Module;)Ljava/lang/Package; 73 <appendix> member <vmtarget> ; # java/lang/ClassLoader$$Lambda+0x0000000017039cd0
instanceKlass com/sun/javafx/reflect/Trampoline
instanceKlass com/sun/javafx/reflect/MethodUtil$1
instanceKlass java/security/PrivilegedExceptionAction
instanceKlass  @bci com/sun/javafx/fxml/MethodHelper <clinit> ()V 0 <appendix> argL0 ; # com/sun/javafx/fxml/MethodHelper$$Lambda+0x00000000170ec438
instanceKlass com/sun/javafx/fxml/MethodHelper
instanceKlass java/lang/reflect/AnnotatedType
instanceKlass java/lang/reflect/TypeVariable
instanceKlass  @bci com/sun/javafx/fxml/ModuleHelper <clinit> ()V 0 <appendix> argL0 ; # com/sun/javafx/fxml/ModuleHelper$$Lambda+0x00000000170ec000
instanceKlass com/sun/javafx/fxml/ModuleHelper
instanceKlass java/lang/Class$AnnotationData
instanceKlass java/lang/annotation/Target
instanceKlass sun/reflect/annotation/ExceptionProxy
instanceKlass java/lang/annotation/Documented
# instanceKlass java/lang/invoke/LambdaForm$MH+0x00000000170e8400
instanceKlass java/util/TimSort
instanceKlass java/util/Arrays$LegacyMergeSort
instanceKlass jdk/internal/classfile/impl/StackMapDecoder$1
instanceKlass jdk/internal/classfile/impl/StackMapDecoder
instanceKlass jdk/internal/classfile/impl/StackCounter
instanceKlass  @bci java/lang/reflect/ProxyGenerator lambda$generateLookupAccessor$0 (Ljava/lang/classfile/MethodBuilder;)V 30 <appendix> member <vmtarget> ; # java/lang/reflect/ProxyGenerator$$Lambda+0x0000000017037808
instanceKlass  @bci java/lang/reflect/ProxyGenerator generateLookupAccessor (Ljava/lang/classfile/ClassBuilder;)V 10 <appendix> member <vmtarget> ; # java/lang/reflect/ProxyGenerator$$Lambda+0x00000000170375c8
instanceKlass java/lang/classfile/constantpool/StringEntry
instanceKlass java/lang/classfile/constantpool/ConstantValueEntry
instanceKlass  @bci java/lang/reflect/ProxyGenerator generateStaticInitializer (Ljava/lang/classfile/ClassBuilder;)V 10 <appendix> member <vmtarget> ; # java/lang/reflect/ProxyGenerator$$Lambda+0x0000000017037030
instanceKlass java/lang/classfile/attribute/StackMapTableAttribute
instanceKlass java/lang/classfile/attribute/StackMapFrameInfo
instanceKlass java/lang/classfile/instruction/ExceptionCatch
instanceKlass  @bci java/lang/reflect/ProxyGenerator$ProxyMethod lambda$generateMethod$0 (Ljava/lang/classfile/MethodBuilder;)V 30 <appendix> member <vmtarget> ; # java/lang/reflect/ProxyGenerator$ProxyMethod$$Lambda+0x0000000017036718
instanceKlass java/lang/classfile/attribute/ExceptionsAttribute
instanceKlass  @bci java/lang/reflect/ProxyGenerator$ProxyMethod generateMethod (Ljava/lang/classfile/ClassBuilder;)V 42 <appendix> member <vmtarget> ; # java/lang/reflect/ProxyGenerator$ProxyMethod$$Lambda+0x0000000017035fb8
instanceKlass  @bci java/lang/reflect/ProxyGenerator generateConstructor (Ljava/lang/classfile/ClassBuilder;)V 8 <appendix> member <vmtarget> ; # java/lang/reflect/ProxyGenerator$$Lambda+0x0000000017035d78
instanceKlass  @bci java/lang/reflect/ProxyGenerator generateClassFile ()[B 197 <appendix> member <vmtarget> ; # java/lang/reflect/ProxyGenerator$$Lambda+0x0000000017035b38
instanceKlass  @bci java/lang/reflect/ProxyGenerator proxyMethodsFor (Ljava/lang/String;)Ljava/util/List; 5 <appendix> argL0 ; # java/lang/reflect/ProxyGenerator$$Lambda+0x00000000170358f0
instanceKlass java/lang/reflect/ProxyGenerator$ProxyMethod
instanceKlass java/lang/classfile/attribute/StackMapFrameInfo$ObjectVerificationTypeInfo
instanceKlass java/lang/classfile/attribute/StackMapFrameInfo$VerificationTypeInfo
instanceKlass java/util/StringJoiner
instanceKlass java/lang/classfile/ClassFile$Option
instanceKlass java/lang/reflect/ProxyGenerator
instanceKlass  @bci java/lang/WeakPairMap computeIfAbsent (Ljava/lang/Object;Ljava/lang/Object;Ljava/util/function/BiFunction;)Ljava/lang/Object; 18 <appendix> member <vmtarget> ; # java/lang/WeakPairMap$$Lambda+0x0000000017034c58
instanceKlass  @bci java/lang/Module implAddExportsOrOpens (Ljava/lang/String;Ljava/lang/Module;ZZ)V 151 <appendix> argL0 ; # java/lang/Module$$Lambda+0x0000000017034a20
instanceKlass java/lang/WeakPairMap$Pair$Lookup
instanceKlass java/lang/WeakPairMap$Pair
instanceKlass java/lang/WeakPairMap
instanceKlass java/lang/Module$ReflectionData
instanceKlass  @bci java/lang/reflect/Proxy$ProxyBuilder getDynamicModule (Ljava/lang/ClassLoader;)Ljava/lang/Module; 4 <appendix> argL0 ; # java/lang/reflect/Proxy$ProxyBuilder$$Lambda+0x00000000170342f0
instanceKlass java/lang/PublicMethods
instanceKlass java/util/Collections$1
instanceKlass java/lang/reflect/Proxy$ProxyBuilder
instanceKlass  @bci java/lang/reflect/Proxy getProxyConstructor (Ljava/lang/ClassLoader;[Ljava/lang/Class;)Ljava/lang/reflect/Constructor; 18 <appendix> argL0 ; # java/lang/reflect/Proxy$$Lambda+0x0000000017032ff0
instanceKlass java/lang/ClassValue$Identity
instanceKlass java/lang/ClassValue$Entry
instanceKlass java/lang/ClassValue
instanceKlass java/lang/reflect/Proxy
instanceKlass sun/reflect/annotation/AnnotationInvocationHandler
instanceKlass java/lang/reflect/InvocationHandler
instanceKlass java/lang/annotation/Inherited
instanceKlass java/lang/annotation/Retention
instanceKlass sun/reflect/annotation/AnnotationType
instanceKlass java/lang/reflect/GenericArrayType
instanceKlass javafx/beans/DefaultProperty
instanceKlass sun/reflect/generics/visitor/Reifier
instanceKlass sun/reflect/generics/visitor/TypeTreeVisitor
instanceKlass sun/reflect/generics/factory/CoreReflectionFactory
instanceKlass sun/reflect/generics/factory/GenericsFactory
instanceKlass sun/reflect/generics/scope/AbstractScope
instanceKlass sun/reflect/generics/scope/Scope
instanceKlass sun/reflect/generics/tree/ClassTypeSignature
instanceKlass sun/reflect/generics/tree/SimpleClassTypeSignature
instanceKlass sun/reflect/generics/tree/FieldTypeSignature
instanceKlass sun/reflect/generics/tree/BaseType
instanceKlass sun/reflect/generics/tree/TypeSignature
instanceKlass sun/reflect/generics/tree/ReturnType
instanceKlass sun/reflect/generics/tree/TypeArgument
instanceKlass sun/reflect/generics/tree/TypeTree
instanceKlass sun/reflect/generics/tree/Tree
instanceKlass sun/reflect/generics/parser/SignatureParser
instanceKlass com/sun/javafx/beans/IDProperty
instanceKlass javafx/event/WeakEventHandler
instanceKlass com/sun/javafx/event/CompositeEventHandler$EventProcessorRecord
instanceKlass com/sun/javafx/event/CompositeEventHandler
instanceKlass  @bci javafx/event/Event <clinit> ()V 0 <appendix> argL0 ; # javafx/event/Event$$Lambda+0x00000000170e5b80
instanceKlass  @bci javafx/scene/control/Control <clinit> ()V 35 <appendix> argL0 ; # javafx/scene/control/Control$$Lambda+0x00000000170e5958
instanceKlass  @cpi com/sun/javafx/scene/control/behavior/FocusTraversalInputMap 212 form vmentry <vmtarget> ; # java/lang/invoke/LambdaForm$DMH+0x00000000170e8000
instanceKlass com/sun/javafx/css/StyleManager$RefList
instanceKlass javafx/css/converter/FontConverter$FontWeightConverter$Holder
instanceKlass javafx/css/converter/StringConverter$Holder
instanceKlass javafx/css/converter/FontConverter$FontSizeConverter$Holder
instanceKlass javafx/css/converter/EffectConverter$Holder
instanceKlass com/sun/javafx/scene/layout/region/Margins
instanceKlass com/sun/javafx/scene/layout/region/Margins$Holder
instanceKlass javafx/css/converter/BooleanConverter$Holder
instanceKlass javafx/css/converter/SizeConverter$Holder
instanceKlass javafx/css/converter/InsetsConverter$Holder
instanceKlass com/sun/javafx/css/SelectorPartitioning$Slot
instanceKlass com/sun/javafx/css/BitSet$1
instanceKlass com/sun/javafx/css/SelectorPartitioning$Partition
instanceKlass javafx/css/converter/PaintConverter$Holder
instanceKlass javafx/css/converter/StopConverter$Holder
instanceKlass javafx/css/converter/LadderConverter$Holder
instanceKlass javafx/css/converter/DeriveColorConverter$Holder
instanceKlass javafx/css/converter/URLConverter$Holder
instanceKlass javafx/css/StyleConverter
instanceKlass javafx/css/Size
instanceKlass javafx/css/ParsedValue
instanceKlass javafx/css/Declaration
instanceKlass javafx/css/Rule$Observables
instanceKlass  @bci com/sun/javafx/css/SelectorPartitioning <clinit> ()V 28 <appendix> argL0 ; # com/sun/javafx/css/SelectorPartitioning$$Lambda+0x00000000170d5850
instanceKlass com/sun/javafx/css/SelectorPartitioning$PartitionKey
instanceKlass com/sun/javafx/css/SelectorPartitioning
instanceKlass com/sun/javafx/css/StyleManager$StylesheetContainer
instanceKlass java/util/AbstractList$SubList$1
instanceKlass javafx/collections/ModifiableObservableListBase$SubObservableList
instanceKlass javafx/css/StyleClass
instanceKlass javafx/css/Rule
instanceKlass javafx/css/StyleConverter$StringStore
instanceKlass sun/net/www/protocol/jar/JarFileFactory
instanceKlass sun/net/www/protocol/jar/URLJarFile$URLJarFileCloseController
instanceKlass javafx/css/Stylesheet
# instanceKlass java/lang/invoke/LambdaForm$MH+0x00000000170d4400
# instanceKlass java/lang/invoke/LambdaForm$MH+0x00000000170d4000
instanceKlass  @bci com/sun/javafx/font/PrismFontFactory <clinit> ()V 59 <appendix> member <vmtarget> ; # com/sun/javafx/font/PrismFontFactory$$Lambda+0x00000000170d1e18
instanceKlass java/io/FilenameFilter
instanceKlass com/sun/javafx/font/FontResource
instanceKlass com/sun/javafx/font/PGFont
instanceKlass com/sun/javafx/font/PrismFontFactory
instanceKlass com/sun/javafx/scene/text/TextLine
instanceKlass java/text/CharacterIterator
instanceKlass com/sun/javafx/scene/text/GlyphList
instanceKlass com/sun/javafx/text/PrismTextLayout
instanceKlass com/sun/javafx/scene/text/TextLayout
instanceKlass com/sun/javafx/text/PrismTextLayoutFactory
instanceKlass  @bci javafx/scene/text/Text <init> ()V 64 <appendix> member <vmtarget> ; # javafx/scene/text/Text$$Lambda+0x00000000170d1640
instanceKlass  @bci javafx/scene/text/Text <init> ()V 37 <appendix> member <vmtarget> ; # javafx/scene/text/Text$$Lambda+0x00000000170d11c8
instanceKlass javafx/beans/WeakInvalidationListener
instanceKlass javafx/scene/paint/Paint$1
instanceKlass com/sun/javafx/tk/Toolkit$PaintAccessor
instanceKlass javafx/scene/text/Text$1
instanceKlass javafx/scene/shape/Shape$1
instanceKlass com/sun/javafx/scene/text/TextSpan
instanceKlass com/sun/javafx/scene/shape/TextHelper$TextAccessor
instanceKlass com/sun/javafx/scene/shape/ShapeHelper$ShapeAccessor
instanceKlass com/sun/javafx/beans/event/AbstractNotifyListener
instanceKlass com/sun/javafx/scene/control/skin/Utils
instanceKlass  @bci com/sun/javafx/css/StyleManager loadStylesheetUnPrivileged (Ljava/lang/String;)Ljavafx/css/Stylesheet; 7 <appendix> member <vmtarget> ; # com/sun/javafx/css/StyleManager$$Lambda+0x00000000170c7600
instanceKlass com/sun/javafx/css/StyleManager$ImageCache
instanceKlass com/sun/javafx/css/StyleManager$InstanceHolder
instanceKlass com/sun/javafx/css/StyleManager
instanceKlass  @bci com/sun/javafx/application/PlatformImpl _setPlatformUserAgentStylesheet (Ljava/lang/String;)V 370 <appendix> member <vmtarget> ; # com/sun/javafx/application/PlatformImpl$$Lambda+0x00000000170c6d90
instanceKlass  @bci com/sun/javafx/application/PlatformImpl _setAccessibilityTheme (Ljava/lang/String;)V 0 <appendix> argL0 ; # com/sun/javafx/application/PlatformImpl$$Lambda+0x00000000170c6b68
instanceKlass  @bci com/sun/glass/ui/win/WinApplication getHighContrastScheme (Ljava/lang/String;)Ljava/lang/String; 11 <appendix> member <vmtarget> ; # com/sun/glass/ui/win/WinApplication$$Lambda+0x00000000170c6918
instanceKlass java/util/Collections$SynchronizedCollection
instanceKlass java/util/Properties$EntrySet
instanceKlass java/util/ResourceBundle$ResourceBundleProviderHelper
instanceKlass  @bci java/util/ResourceBundle$Control getCandidateLocales (Ljava/lang/String;Ljava/util/Locale;)Ljava/util/List; 23 <appendix> argL0 ; # java/util/ResourceBundle$Control$$Lambda+0x80000001d
instanceKlass java/util/ResourceBundle$CacheKeyReference
instanceKlass java/util/ResourceBundle$CacheKey
instanceKlass  @bci java/util/ResourceBundle$Control <clinit> ()V 39 <appendix> argL0 ; # java/util/ResourceBundle$Control$$Lambda+0x80000001e
instanceKlass java/util/ResourceBundle$Control
instanceKlass java/util/ResourceBundle$1
instanceKlass jdk/internal/access/JavaUtilResourceBundleAccess
instanceKlass java/util/ResourceBundle
instanceKlass com/sun/javafx/tk/quantum/QuantumToolkit$6
instanceKlass  @bci com/sun/javafx/application/PlatformImpl _setPlatformUserAgentStylesheet (Ljava/lang/String;)V 8 <appendix> argL0 ; # com/sun/javafx/application/PlatformImpl$$Lambda+0x00000000170c5c40
instanceKlass javafx/scene/control/Control$1
instanceKlass javafx/scene/control/Skin
instanceKlass com/sun/javafx/scene/control/ControlHelper$ControlAccessor
instanceKlass javafx/scene/control/Skinnable
instanceKlass  @bci javafx/scene/layout/StackPane <clinit> ()V 0 <appendix> argL0 ; # javafx/scene/layout/StackPane$$Lambda+0x00000000170ba5d8
instanceKlass  @bci com/sun/javafx/fxml/BeanAdapter getMethodName (Ljava/lang/String;Ljava/lang/String;)Ljava/lang/String; 14 <appendix> form vmentry <vmtarget> ; # java/lang/invoke/LambdaForm$MH+0x00000000170bc800
instanceKlass  @bci com/sun/javafx/fxml/BeanAdapter getMethodName (Ljava/lang/String;Ljava/lang/String;)Ljava/lang/String; 14 <appendix> form names 6 function resolvedHandle form vmentry <vmtarget> ; # java/lang/invoke/LambdaForm$DMH+0x00000000170bc400
instanceKlass javafx/scene/effect/Effect
instanceKlass javafx/scene/Node$AccessibilityProperties
instanceKlass javafx/css/CssMetaData
instanceKlass javafx/scene/Node$NodeTransformation
instanceKlass com/sun/javafx/geom/Point2D
instanceKlass javafx/scene/input/Clipboard
instanceKlass com/sun/javafx/scene/EventHandlerProperties
instanceKlass javafx/scene/Node$MiscProperties
instanceKlass javafx/scene/Cursor
instanceKlass javafx/event/EventType
instanceKlass javafx/scene/SnapshotParameters
instanceKlass javafx/geometry/Point2D
instanceKlass javafx/css/Selector
instanceKlass javafx/scene/layout/Border
instanceKlass com/sun/javafx/scene/input/PickResultChooser
instanceKlass com/sun/javafx/geom/PickRay
instanceKlass javafx/scene/layout/Background
instanceKlass javafx/scene/layout/BorderWidths
instanceKlass javafx/scene/layout/CornerRadii
instanceKlass com/sun/javafx/fxml/BeanAdapter$MethodCache
instanceKlass com/sun/javafx/fxml/BeanAdapter$1
instanceKlass javafx/geometry/Insets
instanceKlass  @bci javafx/scene/layout/Region <init> ()V 6 <appendix> member <vmtarget> ; # javafx/scene/layout/Region$$Lambda+0x00000000170b3e50
instanceKlass javafx/scene/layout/Pane$1
instanceKlass com/sun/javafx/geom/Vec2d
instanceKlass javafx/scene/layout/Region$1
instanceKlass javafx/scene/Parent$1
instanceKlass  @bci javafx/scene/PropertyHelper getBooleanProperty (Ljava/lang/String;)Z 1 <appendix> member <vmtarget> ; # javafx/scene/PropertyHelper$$Lambda+0x00000000170ae400
instanceKlass javafx/scene/PropertyHelper
instanceKlass  @bci javafx/scene/Node <clinit> ()V 123 <appendix> argL0 ; # javafx/scene/Node$$Lambda+0x00000000170adfc8
instanceKlass  @cpi javafx/scene/Node 3284 form vmentry <vmtarget> ; # java/lang/invoke/LambdaForm$DMH+0x0000000017098400
instanceKlass com/sun/javafx/scene/BoundsAccessor
instanceKlass javafx/collections/SetChangeListener$Change
instanceKlass javafx/css/PseudoClass
instanceKlass javafx/geometry/Point3D
instanceKlass com/sun/javafx/scene/transform/TransformHelper
instanceKlass javafx/scene/transform/Transform$1
instanceKlass com/sun/javafx/scene/transform/TransformHelper$TransformAccessor
instanceKlass javafx/scene/transform/Transform
instanceKlass com/sun/javafx/scene/NodeHelper
instanceKlass javafx/scene/Node$1
instanceKlass com/sun/javafx/scene/layout/PaneHelper$PaneAccessor
instanceKlass com/sun/javafx/scene/layout/RegionHelper$RegionAccessor
instanceKlass com/sun/javafx/sg/prism/NGNode
instanceKlass com/sun/javafx/scene/ParentHelper$ParentAccessor
instanceKlass com/sun/javafx/scene/NodeHelper$NodeAccessor
instanceKlass com/sun/javafx/reflect/ConstructorUtil
instanceKlass javafx/scene/shape/Mesh
instanceKlass javafx/scene/text/Font
instanceKlass javafx/fxml/FXMLLoader$Attribute
instanceKlass com/sun/javafx/reflect/ReflectUtil
instanceKlass com/example/photobooth/controller/StartController
instanceKlass javafx/beans/value/ChangeListener
instanceKlass javafx/collections/SetChangeListener
instanceKlass javafx/collections/MapChangeListener
instanceKlass javafx/event/EventHandler
instanceKlass java/util/EventListener
instanceKlass java/util/LinkedList$ListItr
instanceKlass java/util/LinkedList$Node
instanceKlass com/sun/org/apache/xerces/internal/util/XMLChar
instanceKlass com/sun/xml/internal/stream/util/BufferAllocator
instanceKlass com/sun/xml/internal/stream/util/ThreadLocalBufferAllocator
instanceKlass com/sun/xml/internal/stream/Entity
instanceKlass com/sun/org/apache/xerces/internal/util/XMLSymbols
instanceKlass jdk/xml/internal/XMLLimitAnalyzer
instanceKlass com/sun/org/apache/xerces/internal/impl/msg/XMLMessageFormatter
instanceKlass com/sun/org/apache/xerces/internal/util/MessageFormatter
instanceKlass com/sun/org/apache/xerces/internal/impl/XMLErrorReporter
instanceKlass com/sun/org/apache/xerces/internal/impl/XMLEntityScanner
instanceKlass com/sun/org/apache/xerces/internal/xni/XMLLocator
instanceKlass com/sun/xml/internal/stream/XMLEntityStorage
instanceKlass com/sun/org/apache/xerces/internal/impl/XMLEntityManager
instanceKlass com/sun/org/apache/xerces/internal/xni/parser/XMLEntityResolver
instanceKlass com/sun/org/apache/xerces/internal/util/NamespaceContextWrapper
instanceKlass javax/xml/namespace/NamespaceContext
instanceKlass com/sun/org/apache/xerces/internal/xni/grammars/XMLDTDDescription
instanceKlass com/sun/org/apache/xerces/internal/xni/grammars/XMLGrammarDescription
instanceKlass com/sun/org/apache/xerces/internal/impl/XMLDocumentScannerImpl$TrailingMiscDriver
instanceKlass com/sun/org/apache/xerces/internal/impl/XMLDocumentScannerImpl$PrologDriver
instanceKlass com/sun/org/apache/xerces/internal/impl/XMLDocumentScannerImpl$XMLDeclDriver
instanceKlass com/sun/org/apache/xerces/internal/util/NamespaceSupport
instanceKlass com/sun/org/apache/xerces/internal/xni/NamespaceContext
instanceKlass com/sun/org/apache/xerces/internal/util/AugmentationsImpl$AugmentationsItemsContainer
instanceKlass com/sun/org/apache/xerces/internal/util/AugmentationsImpl
instanceKlass com/sun/org/apache/xerces/internal/xni/Augmentations
instanceKlass com/sun/org/apache/xerces/internal/util/XMLAttributesImpl$Attribute
instanceKlass com/sun/org/apache/xerces/internal/util/XMLAttributesImpl
instanceKlass com/sun/org/apache/xerces/internal/xni/XMLAttributes
instanceKlass com/sun/org/apache/xerces/internal/impl/XMLDocumentFragmentScannerImpl$FragmentContentDriver
instanceKlass com/sun/org/apache/xerces/internal/impl/XMLDocumentFragmentScannerImpl$Driver
instanceKlass com/sun/org/apache/xerces/internal/impl/XMLDocumentFragmentScannerImpl$ElementStack2
instanceKlass com/sun/org/apache/xerces/internal/xni/QName
instanceKlass com/sun/org/apache/xerces/internal/impl/XMLDocumentFragmentScannerImpl$ElementStack
instanceKlass com/sun/org/apache/xerces/internal/util/XMLResourceIdentifierImpl
instanceKlass com/sun/org/apache/xerces/internal/xni/XMLResourceIdentifier
instanceKlass com/sun/org/apache/xerces/internal/xni/XMLString
instanceKlass com/sun/org/apache/xerces/internal/impl/XMLScanner
instanceKlass com/sun/xml/internal/stream/XMLBufferListener
instanceKlass com/sun/org/apache/xerces/internal/impl/XMLEntityHandler
instanceKlass com/sun/org/apache/xerces/internal/xni/parser/XMLComponent
instanceKlass com/sun/org/apache/xerces/internal/xni/parser/XMLDocumentScanner
instanceKlass com/sun/org/apache/xerces/internal/xni/parser/XMLDocumentSource
instanceKlass com/sun/org/apache/xerces/internal/util/SymbolTable$Entry
instanceKlass com/sun/org/apache/xerces/internal/util/SymbolTable
instanceKlass com/sun/org/apache/xerces/internal/impl/XMLStreamReaderImpl
instanceKlass com/sun/org/apache/xerces/internal/xni/parser/XMLInputSource
instanceKlass javax/xml/stream/util/StreamReaderDelegate
instanceKlass  @bci javax/xml/stream/FactoryFinder newInstance (Ljava/lang/Class;Ljava/lang/String;Ljava/lang/ClassLoader;ZZ)Ljava/lang/Object; 80 <appendix> member <vmtarget> ; # javax/xml/stream/FactoryFinder$$Lambda+0x0000000017021428
instanceKlass jdk/xml/internal/JdkConstants
instanceKlass  @bci javax/xml/catalog/CatalogFeatures setProperties (Ljavax/xml/catalog/CatalogFeatures$Builder;)V 5 <appendix> member <vmtarget> ; # javax/xml/catalog/CatalogFeatures$$Lambda+0x0000000017020fd8
instanceKlass javax/xml/catalog/CatalogMessages
instanceKlass javax/xml/catalog/Util
instanceKlass javax/xml/catalog/CatalogFeatures$Builder
instanceKlass javax/xml/catalog/CatalogFeatures
instanceKlass jdk/xml/internal/JdkXmlUtils
instanceKlass com/sun/org/apache/xerces/internal/impl/PropertyManager
instanceKlass  @bci javax/xml/stream/FactoryFinder find (Ljava/lang/Class;Ljava/lang/String;Ljava/lang/ClassLoader;Ljava/lang/String;)Ljava/lang/Object; 147 <appendix> member <vmtarget> ; # javax/xml/stream/FactoryFinder$$Lambda+0x000000001701f570
instanceKlass jdk/internal/loader/URLClassPath$1
instanceKlass java/lang/CompoundEnumeration
instanceKlass jdk/internal/loader/BuiltinClassLoader$1
instanceKlass java/util/Collections$EmptyEnumeration
instanceKlass java/util/ServiceLoader$2
instanceKlass java/util/ServiceLoader$1
instanceKlass java/util/ServiceLoader$LazyClassPathLookupIterator
instanceKlass java/util/Spliterators$1Adapter
instanceKlass java/util/Spliterators$ArraySpliterator
instanceKlass java/util/ServiceLoader$ModuleServicesLookupIterator
instanceKlass java/util/ServiceLoader
instanceKlass jdk/xml/internal/JdkXmlFeatures
instanceKlass jdk/xml/internal/FeaturePropertyBase
instanceKlass java/util/Collections$UnmodifiableMap$UnmodifiableEntrySet$UnmodifiableEntry
instanceKlass  @bci java/util/Collections$UnmodifiableMap$UnmodifiableEntrySet entryConsumer (Ljava/util/function/Consumer;)Ljava/util/function/Consumer; 1 <appendix> member <vmtarget> ; # java/util/Collections$UnmodifiableMap$UnmodifiableEntrySet$$Lambda+0x000000001701cbb0
instanceKlass  @bci java/util/stream/Collectors uniqKeysMapMerger ()Ljava/util/function/BinaryOperator; 0 <appendix> argL0 ; # java/util/stream/Collectors$$Lambda+0x000000001701c960
instanceKlass  @bci java/util/stream/Collectors uniqKeysMapAccumulator (Ljava/util/function/Function;Ljava/util/function/Function;)Ljava/util/function/BiConsumer; 2 <appendix> member <vmtarget> ; # java/util/stream/Collectors$$Lambda+0x000000001701c720
instanceKlass  @bci java/util/stream/Collectors toMap (Ljava/util/function/Function;Ljava/util/function/Function;)Ljava/util/stream/Collector; 4 <appendix> argL0 ; # java/util/stream/Collectors$$Lambda+0x000000001701c4f8
instanceKlass  @bci jdk/xml/internal/XMLSecurityManager$StringMapper <init> (Ljava/util/Map;)V 30 <appendix> argL0 ; # jdk/xml/internal/XMLSecurityManager$StringMapper$$Lambda+0x000000001701c2b0
instanceKlass  @bci jdk/xml/internal/XMLSecurityManager$StringMapper <init> (Ljava/util/Map;)V 25 <appendix> argL0 ; # jdk/xml/internal/XMLSecurityManager$StringMapper$$Lambda+0x000000001701c068
instanceKlass java/lang/classfile/constantpool/InterfaceMethodRefEntry
instanceKlass  @cpi jdk/xml/internal/XMLSecurityManager$StringMapper 125 form vmentry <vmtarget> ; # java/lang/invoke/LambdaForm$DMH+0x0000000017098000
instanceKlass java/util/Collections$UnmodifiableMap$UnmodifiableEntrySet$UnmodifiableEntrySetSpliterator
instanceKlass jdk/xml/internal/XMLSecurityManager$ValueMapper
instanceKlass jdk/xml/internal/XMLSecurityManager
instanceKlass java/nio/file/Paths
instanceKlass jdk/xml/internal/JdkXmlConfig
instanceKlass jdk/xml/internal/SecuritySupport
instanceKlass  @bci javax/xml/stream/FactoryFinder find (Ljava/lang/Class;Ljava/lang/String;Ljava/lang/ClassLoader;Ljava/lang/String;)Ljava/lang/Object; 1 <appendix> member <vmtarget> ; # javax/xml/stream/FactoryFinder$$Lambda+0x000000001701a838
instanceKlass javax/xml/stream/FactoryFinder
instanceKlass javax/xml/stream/XMLInputFactory
instanceKlass sun/net/www/MessageHeader
instanceKlass java/net/URLConnection
instanceKlass  @bci javafx/scene/Scene <clinit> ()V 76 <appendix> argL0 ; # javafx/scene/Scene$$Lambda+0x0000000017093f08
instanceKlass com/sun/javafx/scene/SceneHelper
instanceKlass javafx/scene/Scene$2
instanceKlass javafx/scene/input/InputMethodRequests
instanceKlass com/sun/javafx/tk/TKDropTargetListener
instanceKlass com/sun/javafx/tk/TKScenePaintListener
instanceKlass com/sun/javafx/tk/TKSceneListener
instanceKlass javafx/css/StyleableProperty
instanceKlass com/sun/glass/ui/Accessible$EventHandler
instanceKlass com/sun/javafx/scene/SceneHelper$SceneAccessor
instanceKlass com/sun/javafx/perf/PerformanceTracker$SceneAccessor
instanceKlass com/sun/javafx/scene/traversal/TraversalEngine
instanceKlass javafx/scene/Scene
instanceKlass javafx/fxml/FXMLLoader$ControllerAccessor
instanceKlass javafx/collections/MapChangeListener$Change
instanceKlass com/sun/javafx/collections/ObservableMapWrapper
instanceKlass com/sun/javafx/fxml/FXMLLoaderHelper
instanceKlass javafx/fxml/FXMLLoader$2
instanceKlass  @bci javafx/fxml/FXMLLoader <clinit> ()V 72 <appendix> argL0 ; # javafx/fxml/FXMLLoader$$Lambda+0x0000000017080898
instanceKlass javafx/fxml/FXMLLoader$1
instanceKlass jdk/internal/loader/FileURLMapper
instanceKlass com/sun/javafx/application/PlatformImpl$2
instanceKlass javafx/application/Platform
instanceKlass javafx/util/Builder
instanceKlass javafx/fxml/JavaFXBuilderFactory
instanceKlass  @bci java/util/regex/CharPredicates ASCII_SPACE ()Ljava/util/regex/Pattern$BmpCharPredicate; 0 <appendix> argL0 ; # java/util/regex/CharPredicates$$Lambda+0x800000025
instanceKlass  @bci javafx/fxml/FXMLLoader <clinit> ()V 13 <appendix> argL0 ; # javafx/fxml/FXMLLoader$$Lambda+0x000000001707f6f0
instanceKlass javax/xml/stream/XMLStreamReader
instanceKlass javax/xml/stream/XMLStreamConstants
instanceKlass java/io/Reader
instanceKlass javafx/fxml/FXMLLoader$Element
instanceKlass javax/script/Bindings
instanceKlass jdk/internal/jimage/ImageLocation
instanceKlass jdk/internal/jimage/decompressor/Decompressor
instanceKlass jdk/internal/jimage/ImageStringsReader
instanceKlass jdk/internal/jimage/ImageStrings
instanceKlass jdk/internal/jimage/ImageHeader
instanceKlass jdk/internal/jimage/NativeImageBuffer$1
instanceKlass jdk/internal/jimage/NativeImageBuffer
instanceKlass jdk/internal/jimage/BasicImageReader$1
instanceKlass jdk/internal/jimage/BasicImageReader
instanceKlass jdk/internal/jimage/ImageReader
instanceKlass jdk/internal/jimage/ImageReaderFactory$1
instanceKlass jdk/internal/jimage/ImageReaderFactory
instanceKlass jdk/internal/module/SystemModuleFinders$SystemImage
instanceKlass jdk/internal/module/SystemModuleFinders$SystemModuleReader
instanceKlass com/sun/javafx/fxml/FXMLLoaderHelper$FXMLLoaderAccessor
instanceKlass javafx/util/BuilderFactory
instanceKlass javafx/fxml/FXMLLoader
instanceKlass  @bci com/sun/javafx/collections/VetoableListDecorator <init> (Ljavafx/collections/ObservableList;)V 14 <appendix> member <vmtarget> ; # com/sun/javafx/collections/VetoableListDecorator$$Lambda+0x000000001707d360
instanceKlass  @bci com/sun/javafx/collections/TrackableObservableList <init> ()V 13 <appendix> member <vmtarget> ; # com/sun/javafx/collections/TrackableObservableList$$Lambda+0x000000001707d130
instanceKlass com/sun/javafx/collections/VetoableListDecorator$ModCountAccessor
instanceKlass com/sun/javafx/collections/VetoableListDecorator
instanceKlass com/sun/javafx/event/EventDispatchChainImpl
instanceKlass javafx/event/EventDispatchChain
instanceKlass com/sun/javafx/event/BasicEventDispatcher
instanceKlass javafx/event/EventDispatcher
instanceKlass java/util/EventObject
instanceKlass javafx/beans/binding/NumberBinding
instanceKlass javafx/stage/Window$TKBoundsConfigurator
instanceKlass com/sun/javafx/tk/TKPulseListener
instanceKlass javafx/stage/Stage$2
instanceKlass javafx/stage/Stage$1
instanceKlass com/sun/javafx/stage/WindowHelper
instanceKlass javafx/stage/Window$1
instanceKlass javafx/beans/binding/StringExpression
instanceKlass javafx/beans/value/ObservableStringValue
instanceKlass javafx/beans/value/WritableStringValue
instanceKlass com/sun/javafx/stage/WindowPeerListener
instanceKlass com/sun/javafx/tk/TKStageListener
instanceKlass com/sun/javafx/stage/StagePeerListener$StageAccessor
instanceKlass com/sun/javafx/stage/StageHelper$StageAccessor
instanceKlass javafx/scene/Node
instanceKlass javafx/css/Styleable
instanceKlass com/sun/javafx/stage/WindowHelper$WindowAccessor
instanceKlass javafx/beans/value/WritableDoubleValue
instanceKlass javafx/beans/value/WritableNumberValue
instanceKlass  @bci com/sun/javafx/application/LauncherImpl launchApplication1 (Ljava/lang/Class;Ljava/lang/Class;[Ljava/lang/String;)V 415 <appendix> member <vmtarget> ; # com/sun/javafx/application/LauncherImpl$$Lambda+0x0000000017067728
instanceKlass  @bci com/sun/javafx/application/PlatformImpl setApplicationName (Ljava/lang/Class;)V 1 <appendix> member <vmtarget> ; # com/sun/javafx/application/PlatformImpl$$Lambda+0x00000000170674f8
instanceKlass  @bci com/sun/javafx/application/LauncherImpl launchApplication1 (Ljava/lang/Class;Ljava/lang/Class;[Ljava/lang/String;)V 303 <appendix> member <vmtarget> ; # com/sun/javafx/application/LauncherImpl$$Lambda+0x00000000170672c8
instanceKlass com/sun/javafx/application/LauncherImpl$1
instanceKlass  @bci com/sun/javafx/tk/quantum/WindowStage setScene (Lcom/sun/javafx/tk/TKScene;)V 40 <appendix> form vmentry <vmtarget> ; # java/lang/invoke/LambdaForm$DMH+0x0000000017069800
instanceKlass  @bci com/sun/javafx/application/LauncherImpl launchApplication (Ljava/lang/Class;Ljava/lang/Class;[Ljava/lang/String;)V 109 <appendix> member <vmtarget> ; # com/sun/javafx/application/LauncherImpl$$Lambda+0x0000000017066e50
instanceKlass  @bci com/sun/javafx/application/LauncherImpl launchApplication (Ljava/lang/Class;[Ljava/lang/String;)V 8 <appendix> argL0 ; # com/sun/javafx/application/LauncherImpl$$Lambda+0x0000000017066c28
instanceKlass java/lang/StackTraceElement$HashedModules
# instanceKlass java/lang/invoke/LambdaForm$MH+0x0000000017069400
# instanceKlass java/lang/invoke/LambdaForm$MH+0x0000000017069000
# instanceKlass java/lang/invoke/LambdaForm$MH+0x0000000017068c00
instanceKlass javafx/stage/Window
instanceKlass javafx/event/EventTarget
instanceKlass  @bci com/sun/javafx/application/PlatformImpl lambda$runLater$11 (Ljava/lang/Runnable;Ljava/security/AccessControlContext;)V 1 <appendix> member <vmtarget> ; # com/sun/javafx/application/PlatformImpl$$Lambda+0x00000000170663a8
instanceKlass com/sun/scenario/animation/AbstractPrimaryTimer$MainLoop
instanceKlass com/sun/scenario/DelayedRunnable
instanceKlass com/sun/glass/ui/InvokeLaterDispatcher$Future
instanceKlass com/sun/scenario/animation/shared/TimerReceiver
instanceKlass java/util/concurrent/LinkedBlockingDeque$Node
instanceKlass  @bci com/sun/javafx/application/PlatformImpl runLater (Ljava/lang/Runnable;Z)V 68 <appendix> member <vmtarget> ; # com/sun/javafx/application/PlatformImpl$$Lambda+0x00000000170658f0
instanceKlass com/sun/scenario/animation/shared/PulseReceiver
instanceKlass  @bci com/sun/javafx/application/PlatformImpl runAndWait (Ljava/lang/Runnable;Z)V 43 <appendix> member <vmtarget> ; # com/sun/javafx/application/PlatformImpl$$Lambda+0x00000000170656c0
instanceKlass com/sun/javafx/animation/TickCalculation
instanceKlass  @bci com/sun/javafx/application/LauncherImpl launchApplicationWithArgs (Lcom/sun/javafx/application/ModuleAccess;Ljava/lang/String;Ljava/lang/String;[Ljava/lang/String;)V 55 <appendix> form vmentry <vmtarget> ; # java/lang/invoke/LambdaForm$DMH+0x0000000017068800
instanceKlass  @bci com/sun/scenario/animation/AbstractPrimaryTimer <clinit> ()V 16 <appendix> argL0 ; # com/sun/scenario/animation/AbstractPrimaryTimer$$Lambda+0x0000000017065288
instanceKlass  @bci com/sun/javafx/application/LauncherImpl launchApplicationWithArgs (Lcom/sun/javafx/application/ModuleAccess;Ljava/lang/String;Ljava/lang/String;[Ljava/lang/String;)V 55 <appendix> member <vmtarget> ; # com/sun/javafx/application/LauncherImpl$$Lambda+0x0000000017065058
instanceKlass  @cpi com/sun/javafx/application/LauncherImpl 863 form vmentry <vmtarget> ; # java/lang/invoke/LambdaForm$DMH+0x0000000017068400
instanceKlass com/sun/scenario/Settings
instanceKlass java/util/AbstractList$Itr
instanceKlass javafx/collections/ListChangeBuilder$SubChange
instanceKlass javafx/collections/ListChangeBuilder
instanceKlass javafx/geometry/Rectangle2D
instanceKlass  @bci javafx/stage/Screen <clinit> ()V 29 <appendix> argL0 ; # javafx/stage/Screen$$Lambda+0x0000000017064048
instanceKlass  @cpi javafx/stage/Screen 283 form vmentry <vmtarget> ; # java/lang/invoke/LambdaForm$DMH+0x0000000017068000
instanceKlass com/sun/javafx/tk/TKScreenConfigurationListener
instanceKlass com/sun/javafx/binding/ExpressionHelperBase
instanceKlass javafx/collections/WeakListChangeListener
instanceKlass javafx/beans/WeakListener
instanceKlass  @bci javafx/collections/FXCollections$UnmodifiableObservableListImpl <init> (Ljavafx/collections/ObservableList;)V 11 <appendix> member <vmtarget> ; # javafx/collections/FXCollections$UnmodifiableObservableListImpl$$Lambda+0x00000000170632f8
instanceKlass javafx/collections/ListChangeListener
instanceKlass javafx/collections/ListChangeListener$Change
instanceKlass javafx/util/Callback
instanceKlass com/sun/javafx/collections/SortableList
instanceKlass javafx/collections/FXCollections$EmptyObservableSet$1
instanceKlass javafx/collections/FXCollections$EmptyObservableList$1
instanceKlass javafx/collections/ObservableIntegerArray
instanceKlass javafx/collections/ObservableFloatArray
instanceKlass javafx/collections/ObservableArray
instanceKlass javafx/collections/ObservableSet
instanceKlass javafx/collections/ObservableList
instanceKlass javafx/collections/ObservableMap
instanceKlass javafx/collections/FXCollections
instanceKlass javafx/stage/Screen
instanceKlass  @bci com/sun/javafx/tk/quantum/QuantumToolkit runToolkit ()V 55 <appendix> member <vmtarget> ; # com/sun/javafx/tk/quantum/QuantumToolkit$$Lambda+0x0000000017060000
instanceKlass  @bci com/sun/javafx/tk/quantum/QuantumToolkit runToolkit ()V 45 <appendix> member <vmtarget> ; # com/sun/javafx/tk/quantum/QuantumToolkit$$Lambda+0x000000001705cc00
instanceKlass com/sun/prism/impl/ps/BaseShaderContext$State
instanceKlass com/sun/javafx/geom/Vec3d
instanceKlass com/sun/prism/impl/VertexBuffer
instanceKlass com/sun/javafx/geom/BaseBounds
instanceKlass com/sun/javafx/geom/transform/GeneralTransform3D
instanceKlass com/sun/javafx/geom/transform/BaseTransform
instanceKlass com/sun/javafx/geom/transform/CanTransformVec3d
instanceKlass com/sun/prism/MaskTextureGraphics
instanceKlass com/sun/prism/ReadbackGraphics
instanceKlass com/sun/prism/ps/ShaderGraphics
instanceKlass com/sun/prism/impl/BaseGraphics
instanceKlass com/sun/prism/RectShadowGraphics
instanceKlass com/sun/prism/Graphics
instanceKlass com/sun/prism/impl/BaseContext
instanceKlass com/sun/prism/MeshView
instanceKlass com/sun/prism/PhongMaterial
instanceKlass com/sun/prism/Material
instanceKlass com/sun/prism/RTTexture
instanceKlass com/sun/prism/Presentable
instanceKlass com/sun/prism/RenderTarget
instanceKlass com/sun/prism/Surface
instanceKlass com/sun/prism/Texture
instanceKlass com/sun/prism/impl/TextureResourcePool
instanceKlass com/sun/prism/impl/ResourcePool
instanceKlass com/sun/prism/Mesh
instanceKlass com/sun/prism/ps/Shader
instanceKlass com/sun/prism/shape/ShapeRep
instanceKlass java/util/concurrent/Executors$RunnableAdapter
instanceKlass java/util/concurrent/FutureTask$WaitNode
instanceKlass  @bci com/sun/javafx/tk/quantum/QuantumRenderer createResourceFactory ()V 16 <appendix> argL0 ; # com/sun/javafx/tk/quantum/QuantumRenderer$$Lambda+0x000000001705b8a8
instanceKlass  @bci com/sun/javafx/tk/quantum/QuantumRenderer createResourceFactory ()V 10 <appendix> member <vmtarget> ; # com/sun/javafx/tk/quantum/QuantumRenderer$$Lambda+0x000000001705b678
instanceKlass java/util/concurrent/FutureTask
instanceKlass java/util/Arrays$ArrayItr
instanceKlass  @bci com/sun/glass/ui/Screen <clinit> ()V 4 <appendix> argL0 ; # com/sun/glass/ui/Screen$$Lambda+0x000000001705af10
instanceKlass  @bci com/sun/glass/ui/win/WinApplication lambda$runLoop$4 (ILjava/lang/Runnable;)Ljava/lang/Thread; 7 <appendix> member <vmtarget> ; # com/sun/glass/ui/win/WinApplication$$Lambda+0x000000001705ace0
instanceKlass  @cpi com/sun/glass/ui/win/WinApplication 503 form vmentry <vmtarget> ; # java/lang/invoke/LambdaForm$DMH+0x000000001705c800
instanceKlass  @bci com/sun/glass/ui/win/WinApplication lambda$runLoop$4 (ILjava/lang/Runnable;)Ljava/lang/Thread; 7 <adapter> ; # java/lang/invoke/LambdaForm$MH+0x000000001705c400
instanceKlass  @bci com/sun/glass/ui/win/WinApplication lambda$runLoop$4 (ILjava/lang/Runnable;)Ljava/lang/Thread; 7 <appendix> form vmentry <vmtarget> ; # java/lang/invoke/LambdaForm$DMH+0x000000001705c000
instanceKlass  @bci com/sun/glass/ui/win/WinApplication runLoop (Ljava/lang/Runnable;)V 58 <appendix> member <vmtarget> ; # com/sun/glass/ui/win/WinApplication$$Lambda+0x000000001705aab0
instanceKlass  @bci com/sun/glass/ui/win/WinApplication getDesiredAwarenesslevel ()I 8 <appendix> argL0 ; # com/sun/glass/ui/win/WinApplication$$Lambda+0x000000001705a888
instanceKlass  @bci com/sun/glass/ui/win/WinApplication runLoop (Ljava/lang/Runnable;)V 0 <appendix> argL0 ; # com/sun/glass/ui/win/WinApplication$$Lambda+0x000000001705a660
instanceKlass  @bci com/sun/glass/ui/Application run (Ljava/lang/Runnable;)V 29 <appendix> member <vmtarget> ; # com/sun/glass/ui/Application$$Lambda+0x000000001705a430
instanceKlass java/util/concurrent/BlockingDeque
instanceKlass  @bci com/sun/glass/ui/win/WinApplication <init> ()V 4 <appendix> argL0 ; # com/sun/glass/ui/win/WinApplication$$Lambda+0x0000000017059eb0
instanceKlass java/lang/ProcessEnvironment$CheckedEntry
instanceKlass java/lang/ProcessEnvironment$CheckedEntrySet$1
instanceKlass java/lang/ProcessEnvironment$EntryComparator
instanceKlass java/lang/ProcessEnvironment$NameComparator
instanceKlass com/sun/glass/ui/win/WinApplication$1
instanceKlass com/sun/glass/ui/View
instanceKlass com/sun/glass/ui/Pixels
instanceKlass com/sun/glass/ui/Cursor
instanceKlass com/sun/glass/ui/Accessible
instanceKlass com/sun/glass/ui/Window
instanceKlass com/sun/glass/ui/Timer
instanceKlass com/sun/glass/ui/GlassRobot
instanceKlass com/sun/glass/ui/InvokeLaterDispatcher$InvokeLaterSubmitter
instanceKlass com/sun/glass/ui/delegate/MenuDelegate
instanceKlass com/sun/glass/ui/delegate/MenuItemDelegate
instanceKlass com/sun/glass/ui/delegate/ClipboardDelegate
instanceKlass com/sun/glass/ui/delegate/MenuBarDelegate
instanceKlass  @bci com/sun/glass/ui/Platform determinePlatform ()Ljava/lang/String; 6 <appendix> argL0 ; # com/sun/glass/ui/Platform$$Lambda+0x0000000017054c00
instanceKlass com/sun/glass/ui/Platform
instanceKlass com/sun/glass/ui/PlatformFactory
instanceKlass  @bci com/sun/javafx/tk/quantum/QuantumToolkit startup (Ljava/lang/Runnable;)V 16 <appendix> member <vmtarget> ; # com/sun/javafx/tk/quantum/QuantumToolkit$$Lambda+0x0000000017055b58
instanceKlass  @bci com/sun/javafx/application/PlatformImpl startup (Ljava/lang/Runnable;Z)V 234 <appendix> member <vmtarget> ; # com/sun/javafx/application/PlatformImpl$$Lambda+0x0000000017055928
instanceKlass java/lang/Shutdown$Lock
instanceKlass java/lang/Shutdown
instanceKlass java/lang/ApplicationShutdownHooks$1
instanceKlass java/lang/ApplicationShutdownHooks
instanceKlass  @bci com/sun/javafx/tk/quantum/QuantumToolkit init ()Z 37 <appendix> member <vmtarget> ; # com/sun/javafx/tk/quantum/QuantumToolkit$$Lambda+0x00000000170556f8
instanceKlass  @bci com/sun/javafx/tk/quantum/PaintCollector <clinit> ()V 16 <appendix> argL0 ; # com/sun/javafx/tk/quantum/PaintCollector$$Lambda+0x0000000017055458
instanceKlass com/sun/javafx/tk/quantum/GlassScene
instanceKlass com/sun/javafx/tk/TKScene
instanceKlass com/sun/javafx/tk/quantum/PaintCollector
instanceKlass com/sun/javafx/tk/CompletionListener
instanceKlass java/util/concurrent/ForkJoinPool$DefaultForkJoinWorkerThreadFactory
instanceKlass java/util/concurrent/ForkJoinPool$1
instanceKlass jdk/internal/access/JavaUtilConcurrentFJPAccess
instanceKlass java/util/concurrent/ForkJoinTask
instanceKlass java/util/concurrent/ForkJoinPool$WorkQueue
instanceKlass java/util/concurrent/ForkJoinPool$ForkJoinWorkerThreadFactory
instanceKlass java/util/concurrent/ScheduledExecutorService
instanceKlass java/util/concurrent/ForkJoinPool$ManagedBlocker
instanceKlass  @bci com/sun/glass/ui/Application <clinit> ()V 4 <appendix> argL0 ; # com/sun/glass/ui/Application$$Lambda+0x0000000017055000
instanceKlass com/sun/glass/ui/Application
instanceKlass com/sun/glass/ui/View$Capability
instanceKlass com/sun/glass/ui/Screen
instanceKlass com/sun/prism/impl/BaseResourceFactory
instanceKlass com/sun/prism/ps/ShaderFactory
instanceKlass  @bci com/sun/prism/d3d/D3DPipeline <clinit> ()V 0 <appendix> argL0 ; # com/sun/prism/d3d/D3DPipeline$$Lambda+0x00000000170562a0
instanceKlass com/sun/prism/ResourceFactory
instanceKlass com/sun/prism/GraphicsResource
instanceKlass com/sun/javafx/font/FontFactory
instanceKlass com/sun/prism/GraphicsPipeline
instanceKlass java/util/concurrent/locks/AbstractQueuedSynchronizer$Node
instanceKlass  @bci com/sun/javafx/tk/quantum/QuantumRenderer$QuantumThreadFactory lambda$newThread$1 (Lcom/sun/javafx/tk/quantum/QuantumRenderer$PipelineRunnable;)Ljava/lang/Thread; 31 <appendix> argL0 ; # com/sun/javafx/tk/quantum/QuantumRenderer$QuantumThreadFactory$$Lambda+0x0000000017053be0
instanceKlass  @cpi com/example/photobooth/controller/PhotoboothController 1375 form vmentry <vmtarget> ; # java/lang/invoke/LambdaForm$DMH+0x0000000017054800
instanceKlass  @bci sun/awt/util/PerformanceLogger <clinit> ()V 171 <appendix> form vmentry <vmtarget> ; # java/lang/invoke/LambdaForm$MH+0x0000000017054400
instanceKlass java/lang/Thread$ThreadNumbering
instanceKlass  @bci com/sun/javafx/tk/quantum/QuantumRenderer$QuantumThreadFactory newThread (Ljava/lang/Runnable;)Ljava/lang/Thread; 19 <appendix> member <vmtarget> ; # com/sun/javafx/tk/quantum/QuantumRenderer$QuantumThreadFactory$$Lambda+0x00000000170539b0
instanceKlass com/sun/javafx/tk/quantum/QuantumRenderer$PipelineRunnable
instanceKlass com/sun/javafx/tk/quantum/QuantumRenderer$QuantumThreadFactory
instanceKlass jdk/internal/vm/ThreadContainers
instanceKlass jdk/internal/vm/StackableScope
instanceKlass java/util/concurrent/Executors$DefaultThreadFactory
instanceKlass java/util/concurrent/Executors
instanceKlass java/util/concurrent/LinkedBlockingQueue$Node
instanceKlass java/util/concurrent/locks/AbstractQueuedSynchronizer$ConditionObject
instanceKlass java/util/concurrent/locks/Condition
instanceKlass java/util/concurrent/atomic/AtomicReference
instanceKlass  @bci com/sun/javafx/tk/quantum/QuantumRenderer <clinit> ()V 16 <appendix> argL0 ; # com/sun/javafx/tk/quantum/QuantumRenderer$$Lambda+0x0000000017053308
instanceKlass java/util/concurrent/ThreadPoolExecutor$AbortPolicy
instanceKlass java/util/concurrent/RejectedExecutionHandler
instanceKlass java/util/concurrent/RunnableFuture
instanceKlass java/util/concurrent/Future
instanceKlass java/util/concurrent/BlockingQueue
instanceKlass java/util/concurrent/AbstractExecutorService
instanceKlass java/util/concurrent/ExecutorService
instanceKlass java/util/concurrent/Executor
instanceKlass  @bci com/sun/javafx/tk/quantum/GlassSystemMenu <init> ()V 16 <appendix> member <vmtarget> ; # com/sun/javafx/tk/quantum/GlassSystemMenu$$Lambda+0x0000000017052ca8
instanceKlass  @cpi javafx/scene/control/ChoiceBox$ChoiceBoxSelectionModel 157 form vmentry <vmtarget> ; # java/lang/invoke/LambdaForm$DMH+0x0000000017054000
instanceKlass com/sun/glass/ui/Menu$EventHandler
instanceKlass com/sun/javafx/menu/MenuItemBase
instanceKlass javafx/scene/input/KeyCombination
instanceKlass com/sun/glass/ui/MenuItem$Callback
instanceKlass com/sun/javafx/tk/quantum/GlassSystemMenu
instanceKlass java/util/Collections$SynchronizedMap
instanceKlass  @bci com/sun/prism/impl/PrismSettings <clinit> ()V 0 <appendix> argL0 ; # com/sun/prism/impl/PrismSettings$$Lambda+0x0000000017051b28
instanceKlass com/sun/prism/impl/PrismSettings
instanceKlass com/sun/javafx/tk/quantum/PerformanceTrackerHelper$1
instanceKlass com/sun/javafx/tk/quantum/PerformanceTrackerHelper
instanceKlass com/sun/javafx/tk/quantum/QuantumToolkit$PulseTask
instanceKlass com/sun/javafx/geom/PathConsumer2D
instanceKlass com/sun/javafx/geom/Shape
instanceKlass com/sun/prism/BasicStroke
instanceKlass com/sun/javafx/tk/quantum/QuantumToolkit$3
instanceKlass  @bci com/sun/javafx/tk/quantum/QuantumToolkit <clinit> ()V 149 <appendix> argL0 ; # com/sun/javafx/tk/quantum/QuantumToolkit$$Lambda+0x000000001704dc50
instanceKlass  @bci com/sun/javafx/tk/quantum/QuantumToolkit <clinit> ()V 132 <appendix> argL0 ; # com/sun/javafx/tk/quantum/QuantumToolkit$$Lambda+0x000000001704da28
instanceKlass  @bci com/sun/javafx/tk/quantum/QuantumToolkit <clinit> ()V 115 <appendix> argL0 ; # com/sun/javafx/tk/quantum/QuantumToolkit$$Lambda+0x000000001704d800
instanceKlass  @bci com/sun/javafx/tk/quantum/QuantumToolkit <clinit> ()V 98 <appendix> argL0 ; # com/sun/javafx/tk/quantum/QuantumToolkit$$Lambda+0x000000001704fdb8
instanceKlass  @bci com/sun/javafx/tk/quantum/QuantumToolkit <clinit> ()V 84 <appendix> argL0 ; # com/sun/javafx/tk/quantum/QuantumToolkit$$Lambda+0x000000001704fb90
instanceKlass  @bci com/sun/javafx/tk/quantum/QuantumToolkit <clinit> ()V 67 <appendix> argL0 ; # com/sun/javafx/tk/quantum/QuantumToolkit$$Lambda+0x000000001704f968
instanceKlass  @bci com/sun/javafx/tk/quantum/QuantumToolkit <clinit> ()V 50 <appendix> argL0 ; # com/sun/javafx/tk/quantum/QuantumToolkit$$Lambda+0x000000001704f740
instanceKlass  @bci com/sun/javafx/tk/quantum/QuantumToolkit <clinit> ()V 33 <appendix> argL0 ; # com/sun/javafx/tk/quantum/QuantumToolkit$$Lambda+0x000000001704f518
instanceKlass  @bci com/sun/javafx/tk/quantum/QuantumToolkit <clinit> ()V 16 <appendix> argL0 ; # com/sun/javafx/tk/quantum/QuantumToolkit$$Lambda+0x000000001704f2f0
instanceKlass com/sun/glass/ui/Application$EventHandler
instanceKlass com/sun/scenario/effect/Filterable
instanceKlass com/sun/scenario/effect/LockableResource
instanceKlass com/sun/javafx/tk/TKSystemMenu
instanceKlass javafx/scene/shape/PathElement
instanceKlass com/sun/scenario/animation/AbstractPrimaryTimer
instanceKlass com/sun/javafx/scene/text/TextLayoutFactory
instanceKlass com/sun/scenario/effect/FilterContext
instanceKlass com/sun/javafx/tk/FontLoader
instanceKlass com/sun/javafx/tk/TKStage
instanceKlass com/sun/javafx/tk/PlatformImage
instanceKlass com/sun/javafx/runtime/async/AbstractAsyncOperation
instanceKlass java/util/concurrent/Callable
instanceKlass com/sun/javafx/runtime/async/AsyncOperation
instanceKlass com/sun/glass/ui/Screen$EventHandler
instanceKlass com/sun/javafx/tk/ImageLoader
instanceKlass com/sun/javafx/tk/ScreenConfigurationAccessor
instanceKlass com/sun/javafx/perf/PerformanceTracker
instanceKlass sun/security/provider/ByteArrayAccess
instanceKlass sun/security/provider/ByteArrayAccess$LE
instanceKlass sun/security/util/MessageDigestSpi2
instanceKlass sun/security/jca/GetInstance$Instance
instanceKlass jdk/internal/event/Event
instanceKlass java/util/LinkedHashMap$LinkedHashIterator
instanceKlass sun/security/util/SecurityProviderConstants
instanceKlass java/security/Provider$UString
instanceKlass java/security/Provider$Service
instanceKlass sun/security/provider/NativePRNG$NonBlocking
instanceKlass sun/security/provider/NativePRNG$Blocking
instanceKlass sun/security/provider/NativePRNG
instanceKlass sun/security/provider/SunEntries
instanceKlass sun/security/util/SecurityConstants
instanceKlass java/security/Security$2
instanceKlass jdk/internal/access/JavaSecurityPropertiesAccess
instanceKlass java/util/concurrent/ConcurrentHashMap$MapEntry
instanceKlass sun/nio/ch/IOStatus
instanceKlass sun/nio/ch/Util$BufferCache
instanceKlass sun/nio/ch/Util
instanceKlass sun/nio/ch/NativeThread
instanceKlass java/util/Properties$LineReader
instanceKlass sun/nio/ch/SelChImpl
instanceKlass java/nio/channels/NetworkChannel
instanceKlass sun/nio/ch/Streams
instanceKlass java/nio/channels/Channels
instanceKlass sun/nio/ch/FileChannelImpl$Closer
instanceKlass sun/nio/ch/NativeThreadSet
instanceKlass java/nio/channels/spi/AbstractInterruptibleChannel$1
instanceKlass sun/nio/ch/Interruptible
instanceKlass sun/nio/ch/IOUtil
instanceKlass sun/nio/ch/NativeDispatcher
instanceKlass java/nio/channels/ScatteringByteChannel
instanceKlass java/nio/channels/GatheringByteChannel
instanceKlass java/nio/channels/SeekableByteChannel
instanceKlass java/nio/channels/ByteChannel
instanceKlass java/nio/channels/WritableByteChannel
instanceKlass java/nio/channels/ReadableByteChannel
instanceKlass java/nio/channels/spi/AbstractInterruptibleChannel
instanceKlass java/nio/channels/InterruptibleChannel
instanceKlass java/nio/channels/Channel
instanceKlass java/util/Collections$EmptyIterator
instanceKlass sun/nio/fs/WindowsChannelFactory$Flags
instanceKlass sun/nio/fs/WindowsChannelFactory$1
instanceKlass sun/nio/fs/WindowsChannelFactory
instanceKlass sun/nio/fs/WindowsSecurityDescriptor
instanceKlass java/nio/file/attribute/FileAttribute
instanceKlass sun/nio/fs/WindowsLinkSupport
instanceKlass java/nio/file/FileSystems$DefaultFileSystemHolder
instanceKlass java/security/Security$SecPropLoader
instanceKlass java/security/Security
instanceKlass javax/security/auth/login/Configuration$Parameters
instanceKlass java/security/Policy$Parameters
instanceKlass javax/crypto/KDFParameters
instanceKlass java/security/cert/CertStoreParameters
instanceKlass java/security/SecureRandomParameters
instanceKlass java/security/Provider$EngineDescription
instanceKlass  @bci java/security/Provider <clinit> ()V 28 <appendix> argL0 ; # java/security/Provider$$Lambda+0x000000001700ed68
instanceKlass java/security/Provider$ServiceKey
instanceKlass sun/security/jca/ProviderConfig
instanceKlass sun/security/jca/ProviderList
instanceKlass sun/security/jca/Providers
instanceKlass sun/security/jca/GetInstance
instanceKlass java/security/MessageDigestSpi
instanceKlass java/util/Formatter$Flags
instanceKlass java/util/Formattable
instanceKlass jdk/internal/misc/Blocker
instanceKlass java/util/Formatter$FormatSpecifier
instanceKlass java/util/Formatter$Conversion
instanceKlass java/util/Formatter$FormatString
instanceKlass java/util/Formatter
instanceKlass jdk/internal/reflect/Reflection$1Holder
instanceKlass  @bci java/awt/RenderingHints$Key getIdentity ()Ljava/lang/String; 24 <appendix> form vmentry <vmtarget> ; # java/lang/invoke/LambdaForm$MH+0x000000001704d000
instanceKlass  @bci sun/java2d/loops/GraphicsPrimitiveProxy instantiate ()Lsun/java2d/loops/GraphicsPrimitive; 14 <appendix> form vmentry <vmtarget> ; # java/lang/invoke/LambdaForm$MH+0x000000001704c800
instanceKlass java/lang/StringConcatHelper$StringConcatBase
instanceKlass java/lang/invoke/StringConcatFactory$InlineHiddenClassStrategy$6
instanceKlass java/lang/invoke/StringConcatFactory$InlineHiddenClassStrategy$3$4
instanceKlass java/lang/invoke/StringConcatFactory$InlineHiddenClassStrategy$4
instanceKlass java/lang/invoke/StringConcatFactory$InlineHiddenClassStrategy$3$1
instanceKlass jdk/internal/classfile/impl/BytecodeHelpers$1
instanceKlass java/lang/invoke/StringConcatFactory$InlineHiddenClassStrategy$7
instanceKlass java/lang/invoke/StringConcatFactory$InlineHiddenClassStrategy$3$2
instanceKlass java/lang/invoke/StringConcatFactory$InlineHiddenClassStrategy$5
instanceKlass java/lang/invoke/StringConcatFactory$InlineHiddenClassStrategy$3$3
instanceKlass java/lang/invoke/StringConcatFactory$InlineHiddenClassStrategy$3
instanceKlass java/lang/invoke/StringConcatFactory$InlineHiddenClassStrategy$2
instanceKlass java/lang/invoke/StringConcatFactory$InlineHiddenClassStrategy$1
instanceKlass java/lang/invoke/StringConcatFactory$InlineHiddenClassStrategy
instanceKlass jdk/internal/module/Resources
instanceKlass java/lang/StackStreamFactory$FrameBuffer
instanceKlass java/lang/StackStreamFactory
instanceKlass  @bci com/sun/glass/utils/NativeLibLoader loadLibrary (Ljava/lang/String;)V 10 <appendix> argL0 ; # com/sun/glass/utils/NativeLibLoader$$Lambda+0x000000001704a2b8
instanceKlass  @bci com/sun/glass/utils/NativeLibLoader <clinit> ()V 28 <appendix> argL0 ; # com/sun/glass/utils/NativeLibLoader$$Lambda+0x000000001704a090
instanceKlass com/sun/glass/utils/NativeLibLoader
instanceKlass jdk/internal/math/FloatingDecimal$ASCIIToBinaryBuffer
instanceKlass jdk/internal/math/MathUtils
instanceKlass jdk/internal/math/FloatingDecimal$PreparedASCIIToBinaryBuffer
instanceKlass jdk/internal/math/FloatingDecimal$ASCIIToBinaryConverter
instanceKlass jdk/internal/math/FloatingDecimal$BinaryToASCIIBuffer
instanceKlass jdk/internal/math/FloatingDecimal$ExceptionalBinaryToASCIIBuffer
instanceKlass jdk/internal/math/FloatingDecimal$BinaryToASCIIConverter
instanceKlass jdk/internal/math/FloatingDecimal
instanceKlass  @bci com/sun/javafx/PlatformUtil <clinit> ()V 72 <appendix> argL0 ; # com/sun/javafx/PlatformUtil$$Lambda+0x0000000017049c58
instanceKlass  @bci com/sun/javafx/PlatformUtil <clinit> ()V 56 <appendix> argL0 ; # com/sun/javafx/PlatformUtil$$Lambda+0x0000000017049a30
instanceKlass  @bci com/sun/javafx/PlatformUtil <clinit> ()V 37 <appendix> argL0 ; # com/sun/javafx/PlatformUtil$$Lambda+0x0000000017049808
instanceKlass  @bci com/sun/javafx/PlatformUtil <clinit> ()V 18 <appendix> argL0 ; # com/sun/javafx/PlatformUtil$$Lambda+0x00000000170495e0
instanceKlass com/sun/javafx/PlatformUtil
instanceKlass  @bci com/sun/marlin/TransformingPathConsumer2D$PathTracer <init> (Ljava/lang/String;)V 6 <appendix> form vmentry <vmtarget> ; # java/lang/invoke/LambdaForm$MH+0x000000001704c000
instanceKlass java/lang/invoke/StringConcatFactory
instanceKlass com/sun/javafx/runtime/VersionInfo
instanceKlass  @bci com/sun/javafx/tk/Toolkit getToolkit ()Lcom/sun/javafx/tk/Toolkit; 10 <appendix> argL0 ; # com/sun/javafx/tk/Toolkit$$Lambda+0x0000000017048f98
instanceKlass  @bci java/util/regex/Pattern DOT ()Ljava/util/regex/Pattern$CharPredicate; 0 <appendix> argL0 ; # java/util/regex/Pattern$$Lambda+0x0000000017008650
instanceKlass  @bci java/util/regex/CharPredicates ctype (I)Ljava/util/regex/Pattern$CharPredicate; 1 <appendix> member <vmtarget> ; # java/util/regex/CharPredicates$$Lambda+0x00000000170083b8
instanceKlass javafx/scene/image/Image$1
instanceKlass javafx/scene/image/PixelReader
instanceKlass javafx/beans/binding/NumberExpressionBase
instanceKlass javafx/beans/binding/NumberExpression
instanceKlass javafx/beans/value/ObservableDoubleValue
instanceKlass javafx/beans/value/ObservableNumberValue
instanceKlass com/sun/javafx/tk/Toolkit$ImageAccessor
instanceKlass javafx/geometry/Bounds
instanceKlass com/sun/javafx/util/Utils
instanceKlass javafx/scene/image/Image
instanceKlass  @bci com/sun/javafx/tk/Toolkit <clinit> ()V 14 <appendix> argL0 ; # com/sun/javafx/tk/Toolkit$$Lambda+0x00000000170470a8
instanceKlass com/sun/javafx/tk/TKClipboard
instanceKlass javafx/animation/Interpolatable
instanceKlass javafx/scene/paint/Paint
instanceKlass com/sun/javafx/tk/Toolkit
instanceKlass com/sun/javafx/application/PlatformImpl$1
instanceKlass  @bci com/sun/javafx/application/PlatformImpl startup (Ljava/lang/Runnable;Z)V 145 <appendix> argL0 ; # com/sun/javafx/application/PlatformImpl$$Lambda+0x00000000170469e8
instanceKlass  @bci com/sun/javafx/application/PlatformImpl <clinit> ()V 176 <appendix> argL0 ; # com/sun/javafx/application/PlatformImpl$$Lambda+0x00000000170467c0
instanceKlass  @bci com/sun/javafx/application/PlatformImpl <clinit> ()V 159 <appendix> argL0 ; # com/sun/javafx/application/PlatformImpl$$Lambda+0x0000000017046598
instanceKlass javafx/beans/InvalidationListener
instanceKlass javafx/beans/value/WritableObjectValue
instanceKlass javafx/beans/binding/ObjectExpression
instanceKlass javafx/beans/value/ObservableObjectValue
instanceKlass javafx/beans/binding/Binding
instanceKlass com/sun/javafx/tk/TKListener
instanceKlass java/security/Permission
instanceKlass java/security/Guard
instanceKlass javafx/beans/binding/BooleanExpression
instanceKlass javafx/beans/value/ObservableBooleanValue
instanceKlass javafx/beans/value/WritableBooleanValue
instanceKlass javafx/beans/property/Property
instanceKlass javafx/beans/value/WritableValue
instanceKlass javafx/beans/property/ReadOnlyProperty
instanceKlass javafx/beans/value/ObservableValue
instanceKlass javafx/beans/Observable
instanceKlass com/sun/javafx/application/PlatformImpl
instanceKlass  @bci com/sun/javafx/application/LauncherImpl startToolkit ()V 21 <appendix> member <vmtarget> ; # com/sun/javafx/application/LauncherImpl$$Lambda+0x0000000017041a28
instanceKlass  @cpi java/util/concurrent/Executors$AutoShutdownDelegatedExecutorService 63 form vmentry <vmtarget> ; # java/lang/invoke/LambdaForm$DMH+0x0000000017043c00
instanceKlass java/util/concurrent/CountDownLatch
instanceKlass  @bci jdk/internal/reflect/DirectMethodHandleAccessor invokeImpl (Ljava/lang/Object;[Ljava/lang/Object;)Ljava/lang/Object; 92 <adapter> ; # java/lang/invoke/LambdaForm$MH+0x0000000017043800
# instanceKlass java/lang/invoke/LambdaForm$MH+0x0000000017043400
# instanceKlass java/lang/invoke/LambdaForm$MH+0x0000000017043000
instanceKlass java/util/TreeMap$PrivateEntryIterator
instanceKlass java/util/TreeMap$Entry
instanceKlass java/lang/invoke/LambdaFormEditor$1
instanceKlass java/util/NavigableMap
instanceKlass java/util/SortedMap
# instanceKlass java/lang/invoke/LambdaForm$MH+0x0000000017042c00
instanceKlass  @bci com/sun/marlin/DMarlinRenderingEngine logSettings (Ljava/lang/String;)V 68 <appendix> form vmentry <vmtarget> ; # java/lang/invoke/LambdaForm$MH+0x0000000017042800
# instanceKlass java/lang/invoke/LambdaForm$MH+0x0000000017042400
instanceKlass  @cpi javafx/scene/control/ChoiceBox$ChoiceBoxSelectionModel 162 form vmentry <vmtarget> ; # java/lang/invoke/LambdaForm$DMH+0x0000000017042000
instanceKlass  @cpi com/sun/javafx/application/LauncherImpl 888 form vmentry <vmtarget> ; # java/lang/invoke/LambdaForm$DMH+0x0000000017041400
instanceKlass jdk/internal/invoke/MhUtil
instanceKlass java/util/concurrent/atomic/AtomicBoolean
instanceKlass java/security/AccessControlContext
instanceKlass java/security/AccessController
instanceKlass  @bci com/sun/javafx/application/LauncherImpl <clinit> ()V 0 <appendix> argL0 ; # com/sun/javafx/application/LauncherImpl$$Lambda+0x0000000017041800
instanceKlass  @cpi com/sun/marlin/DMarlinRenderingEngine 417 form vmentry <vmtarget> ; # java/lang/invoke/LambdaForm$DMH+0x0000000017041000
instanceKlass java/security/PrivilegedAction
instanceKlass jdk/internal/misc/MethodFinder
instanceKlass com/sun/javafx/application/ModuleAccess
instanceKlass javafx/application/Preloader$PreloaderNotification
instanceKlass javafx/application/Application$Parameters
instanceKlass com/sun/javafx/application/PlatformImpl$FinishListener
instanceKlass com/sun/javafx/application/LauncherImpl
instanceKlass sun/launcher/LauncherHelper$FXHelper
instanceKlass javafx/application/Application
instanceKlass jdk/internal/module/ModulePatcher$PatchedModuleReader
instanceKlass java/util/concurrent/locks/ReentrantReadWriteLock$WriteLock
instanceKlass java/util/concurrent/locks/ReentrantReadWriteLock$ReadLock
instanceKlass java/util/concurrent/locks/ReentrantReadWriteLock
instanceKlass java/util/concurrent/locks/ReadWriteLock
instanceKlass jdk/internal/module/ModuleReferences$SafeCloseModuleReader
instanceKlass java/lang/module/ModuleReader
instanceKlass jdk/internal/loader/BuiltinClassLoader$2
instanceKlass java/security/PermissionCollection
instanceKlass java/security/SecureClassLoader$1
instanceKlass java/io/FileInputStream$1
instanceKlass sun/nio/ByteBuffered
instanceKlass java/lang/Package$VersionInfo
instanceKlass java/lang/NamedPackage
instanceKlass jdk/internal/loader/Resource
instanceKlass java/nio/charset/CoderResult
instanceKlass java/lang/Readable
instanceKlass jdk/internal/loader/URLClassPath$Loader
instanceKlass sun/net/util/URLUtil
instanceKlass sun/nio/cs/ArrayDecoder
instanceKlass java/nio/charset/CharsetDecoder
instanceKlass sun/launcher/LauncherHelper
instanceKlass jdk/internal/vm/ContinuationSupport
instanceKlass jdk/internal/module/ModuleBootstrap$SafeModuleFinder
instanceKlass java/lang/ModuleLayer$Controller
instanceKlass java/util/concurrent/CopyOnWriteArrayList
instanceKlass jdk/internal/module/ServicesCatalog$ServiceProvider
instanceKlass jdk/internal/loader/AbstractClassLoaderValue$Memoizer
instanceKlass java/util/SequencedSet
instanceKlass java/util/stream/ForEachOps$ForEachOp
instanceKlass java/util/stream/ForEachOps
instanceKlass  @bci java/lang/module/ModuleFinder$2 findAll ()Ljava/util/Set; 50 <appendix> member <vmtarget> ; # java/lang/module/ModuleFinder$2$$Lambda+0x800000011
instanceKlass  @bci java/lang/module/ModuleFinder$2 findAll ()Ljava/util/Set; 38 <appendix> argL0 ; # java/lang/module/ModuleFinder$2$$Lambda+0x800000012
instanceKlass  @bci jdk/internal/module/ModulePath deriveModuleDescriptor (Ljava/util/jar/JarFile;)Ljava/lang/module/ModuleDescriptor; 373 <appendix> argL0 ; # jdk/internal/module/ModulePath$$Lambda+0x0000000017003d68
instanceKlass  @bci jdk/internal/module/ModulePath deriveModuleDescriptor (Ljava/util/jar/JarFile;)Ljava/lang/module/ModuleDescriptor; 363 <appendix> member <vmtarget> ; # jdk/internal/module/ModulePath$$Lambda+0x800000056
instanceKlass  @bci java/lang/module/ModuleDescriptor$Builder packages (Ljava/util/Set;)Ljava/lang/module/ModuleDescriptor$Builder; 17 <appendix> argL0 ; # java/lang/module/ModuleDescriptor$Builder$$Lambda+0x80000000e
instanceKlass  @bci jdk/internal/module/ModulePath deriveModuleDescriptor (Ljava/util/jar/JarFile;)Ljava/lang/module/ModuleDescriptor; 324 <appendix> argL0 ; # jdk/internal/module/ModulePath$$Lambda+0x800000051
instanceKlass  @bci jdk/internal/module/ModulePath deriveModuleDescriptor (Ljava/util/jar/JarFile;)Ljava/lang/module/ModuleDescriptor; 314 <appendix> member <vmtarget> ; # jdk/internal/module/ModulePath$$Lambda+0x0000000017003b18
instanceKlass java/util/HashMap$HashMapSpliterator
instanceKlass  @bci java/util/stream/Collectors partitioningBy (Ljava/util/function/Predicate;Ljava/util/stream/Collector;)Ljava/util/stream/Collector; 33 <appendix> member <vmtarget> ; # java/util/stream/Collectors$$Lambda+0x800000047
instanceKlass  @bci java/util/stream/Collectors partitioningBy (Ljava/util/function/Predicate;Ljava/util/stream/Collector;)Ljava/util/stream/Collector; 25 <appendix> member <vmtarget> ; # java/util/stream/Collectors$$Lambda+0x800000044
instanceKlass  @bci java/util/stream/Collectors partitioningBy (Ljava/util/function/Predicate;Ljava/util/stream/Collector;)Ljava/util/stream/Collector; 9 <appendix> member <vmtarget> ; # java/util/stream/Collectors$$Lambda+0x80000003f
instanceKlass  @bci jdk/internal/module/ModulePath deriveModuleDescriptor (Ljava/util/jar/JarFile;)Ljava/lang/module/ModuleDescriptor; 255 <appendix> argL0 ; # jdk/internal/module/ModulePath$$Lambda+0x800000059
instanceKlass  @bci jdk/internal/module/ModulePath deriveModuleDescriptor (Ljava/util/jar/JarFile;)Ljava/lang/module/ModuleDescriptor; 245 <appendix> argL0 ; # jdk/internal/module/ModulePath$$Lambda+0x800000058
instanceKlass  @bci jdk/internal/module/ModulePath deriveModuleDescriptor (Ljava/util/jar/JarFile;)Ljava/lang/module/ModuleDescriptor; 235 <appendix> argL0 ; # jdk/internal/module/ModulePath$$Lambda+0x00000000170038d0
instanceKlass  @bci jdk/internal/module/ModulePath deriveModuleDescriptor (Ljava/util/jar/JarFile;)Ljava/lang/module/ModuleDescriptor; 225 <appendix> argL0 ; # jdk/internal/module/ModulePath$$Lambda+0x800000057
instanceKlass java/util/regex/ASCII
instanceKlass java/util/regex/IntHashSet
instanceKlass java/util/regex/Matcher
instanceKlass java/util/regex/MatchResult
instanceKlass  @bci java/util/regex/Pattern negate (Ljava/util/regex/Pattern$CharPredicate;)Ljava/util/regex/Pattern$CharPredicate; 1 <appendix> member <vmtarget> ; # java/util/regex/Pattern$$Lambda+0x80000002f
instanceKlass  @bci java/util/regex/Pattern union (Ljava/util/regex/Pattern$CharPredicate;Ljava/util/regex/Pattern$CharPredicate;Z)Ljava/util/regex/Pattern$CharPredicate; 6 <appendix> member <vmtarget> ; # java/util/regex/Pattern$$Lambda+0x800000030
instanceKlass  @bci java/util/regex/Pattern Range (II)Ljava/util/regex/Pattern$CharPredicate; 23 <appendix> member <vmtarget> ; # java/util/regex/Pattern$$Lambda+0x800000028
instanceKlass java/util/regex/Pattern$BitClass
instanceKlass java/util/ArrayList$Itr
instanceKlass java/util/regex/Pattern$TreeInfo
instanceKlass  @bci java/util/regex/CharPredicates ASCII_DIGIT ()Ljava/util/regex/Pattern$BmpCharPredicate; 0 <appendix> argL0 ; # java/util/regex/CharPredicates$$Lambda+0x800000024
instanceKlass java/util/regex/CharPredicates
instanceKlass  @bci java/util/regex/Pattern Single (I)Ljava/util/regex/Pattern$BmpCharPredicate; 1 <appendix> member <vmtarget> ; # java/util/regex/Pattern$$Lambda+0x800000027
instanceKlass java/util/regex/Pattern$BmpCharPredicate
instanceKlass java/util/regex/Pattern$CharPredicate
instanceKlass java/util/regex/Pattern$Node
instanceKlass java/util/regex/Pattern
instanceKlass jdk/internal/module/ModulePath$Patterns
instanceKlass java/util/SequencedMap
instanceKlass java/util/jar/Attributes
instanceKlass java/util/jar/JarVerifier
instanceKlass java/io/RandomAccessFile$1
instanceKlass java/util/WeakHashMap$HashIterator
instanceKlass jdk/internal/module/ModuleReferences$2
instanceKlass jdk/internal/module/ModuleReferences$1
instanceKlass java/net/URI$Parser
instanceKlass sun/nio/fs/WindowsUriSupport
instanceKlass jdk/internal/module/ModuleReferences
instanceKlass jdk/internal/module/ModuleInfo$Attributes
instanceKlass java/util/Collections$UnmodifiableCollection$1
instanceKlass jdk/internal/module/Checks
instanceKlass  @bci jdk/internal/module/ModulePath jarPackages (Ljava/util/jar/JarFile;)Ljava/util/Set; 35 <appendix> argL0 ; # jdk/internal/module/ModulePath$$Lambda+0x800000052
instanceKlass  @bci jdk/internal/module/ModulePath jarPackages (Ljava/util/jar/JarFile;)Ljava/util/Set; 25 <appendix> member <vmtarget> ; # jdk/internal/module/ModulePath$$Lambda+0x800000054
instanceKlass  @bci jdk/internal/module/ModulePath jarPackages (Ljava/util/jar/JarFile;)Ljava/util/Set; 14 <appendix> argL0 ; # jdk/internal/module/ModulePath$$Lambda+0x800000053
instanceKlass  @bci jdk/internal/module/ModulePath jarPackages (Ljava/util/jar/JarFile;)Ljava/util/Set; 4 <appendix> argL0 ; # jdk/internal/module/ModulePath$$Lambda+0x0000000017002808
instanceKlass  @bci java/util/zip/ZipFile jarStream ()Ljava/util/stream/Stream; 25 <appendix> member <vmtarget> ; # java/util/zip/ZipFile$$Lambda+0x80000004a
instanceKlass java/util/function/IntFunction
instanceKlass java/util/Spliterators$AbstractSpliterator
instanceKlass java/lang/module/ModuleDescriptor$Builder
instanceKlass jdk/internal/module/ModuleInfo$ConstantPool$Entry
instanceKlass jdk/internal/module/ModuleInfo$ConstantPool
instanceKlass java/lang/invoke/VarHandle$AccessDescriptor
instanceKlass java/lang/invoke/VarForm
instanceKlass java/lang/invoke/VarHandleGuards
instanceKlass java/lang/invoke/VarHandles
instanceKlass jdk/internal/util/ByteArray
instanceKlass jdk/internal/module/ModuleInfo$CountingDataInput
instanceKlass jdk/internal/module/ModuleInfo
instanceKlass  @bci jdk/internal/module/ModulePath readJar (Ljava/nio/file/Path;)Ljava/lang/module/ModuleReference; 99 <appendix> member <vmtarget> ; # jdk/internal/module/ModulePath$$Lambda+0x0000000017001410
instanceKlass java/lang/invoke/TypeConvertingMethodAdapter
instanceKlass java/lang/invoke/InnerClassLambdaMetafactory$6
instanceKlass java/lang/invoke/InnerClassLambdaMetafactory$3
instanceKlass java/lang/classfile/Interfaces
instanceKlass java/util/ImmutableCollections$Access$1
instanceKlass jdk/internal/access/JavaUtilCollectionAccess
instanceKlass java/util/ImmutableCollections$Access
instanceKlass java/lang/invoke/InnerClassLambdaMetafactory$1
instanceKlass sun/security/util/Debug
instanceKlass sun/security/util/SignatureFileVerifier
instanceKlass java/util/zip/ZipFile$InflaterCleanupAction
instanceKlass java/util/zip/Inflater$InflaterZStreamRef
instanceKlass java/util/zip/Inflater
instanceKlass java/util/zip/ZipEntry
instanceKlass jdk/internal/perf/PerfCounter$CoreCounters
instanceKlass java/util/Locale$LocaleCache
instanceKlass jdk/internal/util/ReferencedKeyMap$1
instanceKlass sun/util/locale/BaseLocale$1InterningCache
instanceKlass sun/util/locale/LocaleUtils
instanceKlass java/util/Locale
instanceKlass java/nio/file/attribute/FileTime
instanceKlass java/util/zip/ZipUtils
instanceKlass java/util/zip/ZipFile$Source$End
instanceKlass java/io/RandomAccessFile$2
instanceKlass jdk/internal/access/JavaIORandomAccessFileAccess
instanceKlass java/io/RandomAccessFile
instanceKlass java/io/DataInput
instanceKlass java/io/DataOutput
instanceKlass java/util/zip/ZipFile$Source$Key
instanceKlass java/util/zip/ZipFile$Source
instanceKlass java/util/zip/ZipFile$CleanableResource
instanceKlass java/util/zip/ZipCoder
instanceKlass sun/nio/fs/WindowsNativeDispatcher$CompletionStatus
instanceKlass sun/nio/fs/WindowsNativeDispatcher$AclInformation
instanceKlass sun/nio/fs/WindowsNativeDispatcher$Account
instanceKlass sun/nio/fs/WindowsNativeDispatcher$DiskFreeSpace
instanceKlass sun/nio/fs/WindowsNativeDispatcher$VolumeInformation
instanceKlass sun/nio/fs/WindowsNativeDispatcher$FirstStream
instanceKlass sun/nio/fs/WindowsNativeDispatcher$FirstFile
instanceKlass java/util/Enumeration
instanceKlass java/util/concurrent/ConcurrentHashMap$Traverser
instanceKlass jdk/internal/loader/NativeLibraries$2
instanceKlass jdk/internal/loader/NativeLibrary
instanceKlass java/util/ArrayDeque$DeqIterator
instanceKlass jdk/internal/loader/NativeLibraries$NativeLibraryContext$1
instanceKlass jdk/internal/loader/NativeLibraries$NativeLibraryContext
instanceKlass jdk/internal/loader/NativeLibraries$1
instanceKlass jdk/internal/loader/NativeLibraries$LibraryPaths
instanceKlass sun/nio/fs/WindowsNativeDispatcher
instanceKlass sun/nio/fs/NativeBuffer$Deallocator
instanceKlass java/lang/ref/Cleaner$Cleanable
instanceKlass jdk/internal/ref/CleanerImpl$CleanableList$Node
instanceKlass jdk/internal/ref/CleanerImpl$CleanableList
instanceKlass jdk/internal/ref/CleanerImpl
instanceKlass java/lang/ref/Cleaner$1
instanceKlass java/lang/ref/Cleaner
instanceKlass jdk/internal/ref/CleanerFactory$1
instanceKlass java/util/concurrent/ThreadFactory
instanceKlass jdk/internal/ref/CleanerFactory
instanceKlass sun/nio/fs/NativeBuffer
instanceKlass java/lang/ThreadLocal$ThreadLocalMap
instanceKlass java/lang/ThreadLocal
instanceKlass sun/nio/fs/NativeBuffers
instanceKlass sun/nio/fs/WindowsFileAttributes
instanceKlass java/nio/file/attribute/DosFileAttributes
instanceKlass sun/nio/fs/AbstractBasicFileAttributeView
instanceKlass sun/nio/fs/DynamicFileAttributeView
instanceKlass sun/nio/fs/WindowsFileAttributeViews
instanceKlass sun/nio/fs/Util
instanceKlass java/nio/file/attribute/BasicFileAttributeView
instanceKlass java/nio/file/attribute/FileAttributeView
instanceKlass java/nio/file/attribute/AttributeView
instanceKlass java/nio/file/Files
instanceKlass java/nio/file/CopyOption
instanceKlass java/nio/file/attribute/BasicFileAttributes
instanceKlass java/util/Spliterators$EmptySpliterator
instanceKlass java/lang/module/ModuleFinder$1
instanceKlass java/lang/module/Resolver
instanceKlass java/util/Collections$2
instanceKlass  @bci jdk/internal/module/DefaultRoots exportsAPI (Ljava/lang/module/ModuleDescriptor;)Z 9 <appendix> argL0 ; # jdk/internal/module/DefaultRoots$$Lambda+0x80000004f
instanceKlass  @bci java/lang/module/ModuleFinder$2 find (Ljava/lang/String;)Ljava/util/Optional; 62 <appendix> member <vmtarget> ; # java/lang/module/ModuleFinder$2$$Lambda+0x800000010
instanceKlass  @bci java/util/stream/MatchOps makeRef (Ljava/util/function/Predicate;Ljava/util/stream/MatchOps$MatchKind;)Ljava/util/stream/TerminalOp; 20 <appendix> member <vmtarget> ; # java/util/stream/MatchOps$$Lambda+0x800000004
instanceKlass java/util/stream/MatchOps$BooleanTerminalSink
instanceKlass java/util/stream/MatchOps$MatchOp
instanceKlass java/util/stream/MatchOps
instanceKlass java/util/stream/Streams
instanceKlass java/util/stream/Stream$Builder
instanceKlass java/util/stream/Streams$AbstractStreamBuilderImpl
instanceKlass java/util/stream/ReferencePipeline$7$1FlatMap
instanceKlass java/util/stream/FindOps$FindOp
instanceKlass  @bci java/util/stream/FindOps$FindSink$OfRef <clinit> ()V 6 <appendix> argL0 ; # java/util/stream/FindOps$FindSink$OfRef$$Lambda+0x800000048
instanceKlass  @bci java/util/stream/FindOps$FindSink$OfRef <clinit> ()V 0 <appendix> argL0 ; # java/util/stream/FindOps$FindSink$OfRef$$Lambda+0x800000049
instanceKlass java/util/stream/FindOps$FindSink
instanceKlass java/util/stream/FindOps
instanceKlass  @bci java/lang/module/ModuleFinder$2 find (Ljava/lang/String;)Ljava/util/Optional; 43 <appendix> argL0 ; # java/lang/module/ModuleFinder$2$$Lambda+0x800000013
instanceKlass  @bci java/lang/module/ModuleFinder$2 find (Ljava/lang/String;)Ljava/util/Optional; 33 <appendix> member <vmtarget> ; # java/lang/module/ModuleFinder$2$$Lambda+0x800000014
instanceKlass java/util/AbstractList$RandomAccessSpliterator
instanceKlass java/util/stream/Sink$ChainedReference
instanceKlass java/util/stream/ReduceOps$AccumulatingSink
instanceKlass java/util/stream/TerminalSink
instanceKlass java/util/stream/Sink
instanceKlass java/util/stream/ReduceOps$Box
instanceKlass java/util/stream/ReduceOps$ReduceOp
instanceKlass java/util/stream/TerminalOp
instanceKlass java/util/stream/ReduceOps
instanceKlass  @bci java/util/stream/Collectors castingIdentity ()Ljava/util/function/Function; 0 <appendix> argL0 ; # java/util/stream/Collectors$$Lambda+0x800000042
instanceKlass  @bci java/util/stream/Collectors toSet ()Ljava/util/stream/Collector; 14 <appendix> argL0 ; # java/util/stream/Collectors$$Lambda+0x800000040
instanceKlass java/util/function/BinaryOperator
instanceKlass  @bci java/util/stream/Collectors toSet ()Ljava/util/stream/Collector; 9 <appendix> argL0 ; # java/util/stream/Collectors$$Lambda+0x800000038
instanceKlass java/util/function/BiConsumer
instanceKlass  @bci java/util/stream/Collectors toSet ()Ljava/util/stream/Collector; 4 <appendix> argL0 ; # java/util/stream/Collectors$$Lambda+0x800000045
instanceKlass java/util/stream/Collector
instanceKlass java/util/Collections$UnmodifiableCollection
instanceKlass java/util/stream/Collectors
instanceKlass  @bci jdk/internal/module/DefaultRoots compute (Ljava/lang/module/ModuleFinder;Ljava/lang/module/ModuleFinder;)Ljava/util/Set; 42 <appendix> argL0 ; # jdk/internal/module/DefaultRoots$$Lambda+0x80000004c
instanceKlass  @bci jdk/internal/module/DefaultRoots compute (Ljava/lang/module/ModuleFinder;Ljava/lang/module/ModuleFinder;)Ljava/util/Set; 32 <appendix> member <vmtarget> ; # jdk/internal/module/DefaultRoots$$Lambda+0x800000050
instanceKlass  @bci jdk/internal/module/DefaultRoots compute (Ljava/lang/module/ModuleFinder;Ljava/lang/module/ModuleFinder;)Ljava/util/Set; 21 <appendix> argL0 ; # jdk/internal/module/DefaultRoots$$Lambda+0x80000004d
instanceKlass  @bci jdk/internal/module/DefaultRoots compute (Ljava/lang/module/ModuleFinder;Ljava/lang/module/ModuleFinder;)Ljava/util/Set; 11 <appendix> argL0 ; # jdk/internal/module/DefaultRoots$$Lambda+0x80000004e
instanceKlass java/lang/invoke/LambdaProxyClassArchive
instanceKlass java/lang/invoke/InfoFromMemberName
instanceKlass java/lang/invoke/MethodHandleInfo
instanceKlass java/lang/invoke/AbstractValidatingLambdaMetafactory
instanceKlass java/lang/invoke/BootstrapMethodInvoker
instanceKlass java/util/function/Predicate
instanceKlass java/lang/invoke/LambdaMetafactory
# instanceKlass java/lang/invoke/LambdaForm$MH+0x0000000017040000
instanceKlass jdk/internal/util/ModifiedUtf
instanceKlass java/lang/StringCoding
instanceKlass jdk/internal/classfile/impl/ClassReaderImpl
instanceKlass java/lang/classfile/ClassReader
instanceKlass jdk/internal/classfile/impl/ClassHierarchyImpl$CachedClassHierarchyResolver$1
instanceKlass java/lang/classfile/ClassHierarchyResolver$ClassHierarchyInfo
instanceKlass jdk/internal/classfile/impl/ClassHierarchyImpl$CachedClassHierarchyResolver
instanceKlass jdk/internal/classfile/impl/ClassHierarchyImpl$ClassLoadingClassHierarchyResolver$1
instanceKlass jdk/internal/classfile/impl/ClassHierarchyImpl$ClassLoadingClassHierarchyResolver
instanceKlass java/lang/classfile/ClassHierarchyResolver
instanceKlass jdk/internal/classfile/impl/ClassHierarchyImpl
instanceKlass jdk/internal/classfile/impl/RawBytecodeHelper$1
instanceKlass jdk/internal/classfile/impl/RawBytecodeHelper
instanceKlass jdk/internal/classfile/impl/StackMapGenerator$Frame
instanceKlass jdk/internal/classfile/impl/StackMapGenerator
instanceKlass jdk/internal/classfile/impl/AnnotationReader
instanceKlass java/lang/classfile/CustomAttribute
instanceKlass jdk/internal/classfile/impl/TerminalFieldBuilder
instanceKlass java/lang/classfile/FieldBuilder
instanceKlass java/lang/invoke/InvokerBytecodeGenerator$2
instanceKlass jdk/internal/classfile/impl/BytecodeHelpers
instanceKlass java/lang/classfile/constantpool/MethodRefEntry
instanceKlass sun/invoke/empty/Empty
instanceKlass sun/invoke/util/VerifyType
instanceKlass jdk/internal/classfile/impl/DirectCodeBuilder$8
instanceKlass java/lang/classfile/instruction/LabelTarget
instanceKlass java/lang/classfile/Label
instanceKlass jdk/internal/classfile/impl/BufWriterImpl
instanceKlass java/lang/classfile/BufWriter
instanceKlass java/lang/classfile/instruction/LocalVariableType
instanceKlass java/lang/classfile/instruction/LocalVariable
instanceKlass java/lang/classfile/instruction/CharacterRange
instanceKlass java/lang/classfile/PseudoInstruction
instanceKlass java/lang/classfile/CodeElement
instanceKlass jdk/internal/classfile/impl/TerminalCodeBuilder
instanceKlass jdk/internal/classfile/impl/LabelContext
instanceKlass java/lang/classfile/CodeBuilder
instanceKlass java/lang/invoke/InvokerBytecodeGenerator$4$1
instanceKlass java/lang/classfile/constantpool/FieldRefEntry
instanceKlass java/lang/classfile/constantpool/MemberRefEntry
instanceKlass java/lang/classfile/constantpool/NameAndTypeEntry
instanceKlass jdk/internal/classfile/impl/TerminalMethodBuilder
instanceKlass jdk/internal/classfile/impl/MethodInfo
instanceKlass java/lang/classfile/MethodBuilder
instanceKlass java/lang/invoke/InvokerBytecodeGenerator$4
instanceKlass java/lang/classfile/attribute/SourceFileAttribute
instanceKlass java/lang/classfile/Superclass
instanceKlass jdk/internal/classfile/impl/AttributeHolder
instanceKlass java/lang/classfile/ClassBuilder
instanceKlass java/lang/classfile/ClassFileBuilder
instanceKlass jdk/internal/classfile/impl/AbstractDirectBuilder
instanceKlass java/lang/invoke/InvokerBytecodeGenerator$1
instanceKlass jdk/internal/classfile/impl/ClassFileImpl
instanceKlass java/lang/classfile/ClassFile
instanceKlass java/lang/invoke/InvokerBytecodeGenerator$3
instanceKlass java/util/function/Consumer
instanceKlass java/lang/classfile/constantpool/ClassEntry
instanceKlass java/lang/classfile/constantpool/LoadableConstantEntry
instanceKlass jdk/internal/classfile/impl/Util
instanceKlass jdk/internal/classfile/impl/EntryMap
instanceKlass jdk/internal/classfile/impl/BootstrapMethodEntryImpl
instanceKlass java/lang/classfile/BootstrapMethodEntry
instanceKlass jdk/internal/classfile/impl/SplitConstantPool
instanceKlass java/lang/invoke/LambdaFormBuffer
instanceKlass java/lang/invoke/LambdaFormEditor$TransformKey
instanceKlass java/lang/invoke/LambdaFormEditor
instanceKlass java/lang/invoke/Invokers$Holder
instanceKlass java/lang/invoke/DelegatingMethodHandle$Holder
instanceKlass java/lang/invoke/DirectMethodHandle$2
instanceKlass java/lang/invoke/ClassSpecializer$Factory
instanceKlass java/lang/invoke/ClassSpecializer$SpeciesData
instanceKlass java/lang/invoke/ClassSpecializer$1
instanceKlass jdk/internal/vm/annotation/Stable
instanceKlass java/lang/invoke/ClassSpecializer
instanceKlass java/lang/invoke/InvokerBytecodeGenerator$8
instanceKlass jdk/internal/classfile/impl/AbstractAttributeMapper
instanceKlass java/lang/classfile/AttributeMapper
instanceKlass java/lang/classfile/Attributes
instanceKlass jdk/internal/classfile/impl/Util$Writable
instanceKlass jdk/internal/classfile/impl/AbstractElement
instanceKlass java/lang/classfile/attribute/RuntimeVisibleAnnotationsAttribute
instanceKlass java/lang/classfile/FieldElement
instanceKlass java/lang/classfile/MethodElement
instanceKlass java/lang/classfile/ClassElement
instanceKlass java/lang/classfile/Attribute
instanceKlass java/lang/classfile/ClassFileElement
instanceKlass java/lang/classfile/constantpool/Utf8Entry
instanceKlass java/lang/classfile/constantpool/AnnotationConstantValueEntry
instanceKlass java/lang/classfile/constantpool/PoolEntry
instanceKlass jdk/internal/classfile/impl/AbstractPoolEntry
instanceKlass jdk/internal/classfile/impl/TemporaryConstantPool
instanceKlass java/lang/classfile/constantpool/ConstantPoolBuilder
instanceKlass java/lang/classfile/constantpool/ConstantPool
instanceKlass java/lang/classfile/Annotation
instanceKlass java/lang/classfile/AnnotationElement
instanceKlass java/lang/invoke/InvokerBytecodeGenerator
instanceKlass java/lang/invoke/LambdaForm$Holder
instanceKlass java/lang/invoke/LambdaForm$Name
instanceKlass java/lang/reflect/Array
instanceKlass java/lang/invoke/Invokers
instanceKlass sun/invoke/util/ValueConversions
instanceKlass java/lang/invoke/DirectMethodHandle$Holder
instanceKlass java/lang/constant/DynamicConstantDesc
instanceKlass jdk/internal/constant/DirectMethodHandleDescImpl$1
instanceKlass jdk/internal/constant/DirectMethodHandleDescImpl
instanceKlass java/lang/constant/DirectMethodHandleDesc
instanceKlass java/lang/constant/MethodHandleDesc$1
instanceKlass java/lang/constant/MethodHandleDesc
instanceKlass jdk/internal/constant/MethodTypeDescImpl
instanceKlass java/lang/constant/MethodTypeDesc
instanceKlass jdk/internal/constant/ConstantUtils
instanceKlass jdk/internal/constant/ArrayClassDescImpl
instanceKlass jdk/internal/constant/ClassOrInterfaceDescImpl
instanceKlass java/lang/constant/ClassDesc
instanceKlass java/lang/constant/ConstantDescs
instanceKlass sun/invoke/util/Wrapper$Format
instanceKlass java/lang/invoke/MethodHandleImpl$1
instanceKlass jdk/internal/access/JavaLangInvokeAccess
instanceKlass java/lang/invoke/LambdaForm$NamedFunction
instanceKlass jdk/internal/reflect/MethodHandleAccessorFactory$LazyStaticHolder
instanceKlass java/lang/invoke/MethodTypeForm
instanceKlass jdk/internal/util/StrongReferenceKey
instanceKlass jdk/internal/util/ReferenceKey
instanceKlass jdk/internal/util/ReferencedKeyMap
instanceKlass java/lang/invoke/MethodType$1
instanceKlass sun/reflect/annotation/AnnotationParser
instanceKlass java/lang/PublicMethods$Key
instanceKlass java/lang/PublicMethods$MethodList
instanceKlass java/util/EnumMap$1
instanceKlass java/util/stream/StreamOpFlag$MaskBuilder
instanceKlass java/util/stream/Stream
instanceKlass java/util/stream/BaseStream
instanceKlass java/util/stream/PipelineHelper
instanceKlass java/util/stream/StreamSupport
instanceKlass java/util/Spliterators$IteratorSpliterator
instanceKlass java/util/Spliterator
instanceKlass java/util/Spliterators
instanceKlass jdk/internal/module/DefaultRoots
instanceKlass java/lang/module/ModuleFinder$2
instanceKlass jdk/internal/loader/BuiltinClassLoader$LoadedModule
instanceKlass java/lang/Module$EnableNativeAccess
instanceKlass jdk/internal/loader/BootLoader
instanceKlass jdk/internal/module/ModuleResolution
instanceKlass jdk/internal/module/ModuleHashes$Builder
instanceKlass java/util/ImmutableCollections$Set12$1
instanceKlass java/util/ImmutableCollections$ListItr
instanceKlass java/util/ListIterator
instanceKlass java/util/ImmutableCollections$SetN$SetNIterator
instanceKlass jdk/internal/module/Builder
instanceKlass jdk/internal/module/SystemModules$all
instanceKlass jdk/internal/module/SystemModules
instanceKlass jdk/internal/module/SystemModulesMap
instanceKlass jdk/internal/module/SystemModuleFinders
instanceKlass jdk/internal/loader/AbstractClassLoaderValue
instanceKlass jdk/internal/module/ServicesCatalog
instanceKlass java/util/Deque
instanceKlass java/util/Queue
instanceKlass sun/net/util/IPAddressUtil$MASKS
instanceKlass sun/net/util/IPAddressUtil
instanceKlass java/net/URLStreamHandler
instanceKlass sun/net/www/ParseUtil
instanceKlass java/net/URL$1
instanceKlass jdk/internal/access/JavaNetURLAccess
instanceKlass java/net/URL$DefaultFactory
instanceKlass java/net/URLStreamHandlerFactory
instanceKlass jdk/internal/loader/URLClassPath
instanceKlass java/util/concurrent/ConcurrentHashMap$CollectionView
instanceKlass jdk/internal/loader/ClassLoaderHelper
instanceKlass jdk/internal/loader/NativeLibraries
instanceKlass java/security/Principal
instanceKlass java/lang/ClassLoader$ParallelLoaders
instanceKlass java/security/cert/Certificate
instanceKlass jdk/internal/loader/ArchivedClassLoaders
instanceKlass java/net/URI$1
instanceKlass jdk/internal/access/JavaNetUriAccess
instanceKlass java/util/Optional
instanceKlass java/lang/Runtime$Version
instanceKlass java/util/jar/JavaUtilJarAccessImpl
instanceKlass jdk/internal/access/JavaUtilJarAccess
instanceKlass java/util/zip/ZipFile$1
instanceKlass jdk/internal/access/JavaUtilZipFileAccess
instanceKlass java/util/BitSet
instanceKlass java/util/zip/ZipFile
instanceKlass java/util/zip/ZipConstants
instanceKlass java/nio/Bits$1
instanceKlass jdk/internal/misc/VM$BufferPool
instanceKlass java/nio/Bits
instanceKlass sun/nio/ch/DirectBuffer
instanceKlass jdk/internal/perf/Perf
instanceKlass jdk/internal/perf/PerfCounter
instanceKlass jdk/internal/module/ModulePath
instanceKlass sun/nio/fs/WindowsPath
instanceKlass sun/nio/fs/WindowsPathParser
instanceKlass java/nio/file/FileSystem
instanceKlass java/nio/file/OpenOption
instanceKlass java/nio/file/spi/FileSystemProvider
instanceKlass sun/nio/fs/DefaultFileSystemProvider
instanceKlass java/nio/file/FileSystems
instanceKlass java/nio/file/Path
instanceKlass java/nio/file/Watchable
instanceKlass jdk/internal/module/ArchivedBootLayer
instanceKlass jdk/internal/module/ModuleBootstrap$Counters
instanceKlass jdk/internal/module/ModuleLoaderMap$Modules
instanceKlass jdk/internal/module/ModuleLoaderMap
instanceKlass jdk/internal/module/ModulePatcher
instanceKlass jdk/internal/util/DecimalDigits
instanceKlass java/io/FileSystem
instanceKlass java/io/DefaultFileSystem
instanceKlass java/io/File
instanceKlass java/lang/module/ModuleDescriptor$1
instanceKlass jdk/internal/access/JavaLangModuleAccess
instanceKlass sun/invoke/util/VerifyAccess
instanceKlass java/util/KeyValueHolder
instanceKlass java/util/ImmutableCollections$MapN$MapNIterator
instanceKlass java/lang/invoke/MethodHandles$Lookup
instanceKlass java/lang/invoke/MemberName$Factory
instanceKlass java/lang/invoke/MethodHandles
instanceKlass jdk/internal/module/ModuleBootstrap
instanceKlass java/util/HexFormat
instanceKlass jdk/internal/util/ClassFileDumper
instanceKlass java/lang/CharacterData
instanceKlass java/lang/invoke/MethodHandleStatics
instanceKlass java/util/Collections
instanceKlass java/lang/Thread$ThreadIdentifiers
instanceKlass sun/io/Win32ErrorMode
instanceKlass jdk/internal/misc/OSEnvironment
instanceKlass jdk/internal/misc/Signal$NativeHandler
instanceKlass java/util/Hashtable$Entry
instanceKlass jdk/internal/misc/Signal
instanceKlass java/lang/Terminator$1
instanceKlass jdk/internal/misc/Signal$Handler
instanceKlass java/lang/Terminator
instanceKlass java/nio/ByteOrder
instanceKlass java/nio/Buffer$2
instanceKlass jdk/internal/access/JavaNioAccess
instanceKlass java/nio/Buffer$1
instanceKlass jdk/internal/misc/ScopedMemoryAccess
instanceKlass java/nio/charset/CodingErrorAction
instanceKlass sun/nio/cs/SingleByte
instanceKlass java/lang/StringUTF16
instanceKlass sun/nio/cs/MS1252$Holder
instanceKlass sun/nio/cs/ArrayEncoder
instanceKlass java/nio/charset/CharsetEncoder
instanceKlass java/io/Writer
instanceKlass java/io/OutputStream
instanceKlass java/io/Flushable
instanceKlass java/io/FileDescriptor$1
instanceKlass jdk/internal/access/JavaIOFileDescriptorAccess
instanceKlass java/io/FileDescriptor
instanceKlass jdk/internal/util/StaticProperty
instanceKlass jdk/internal/reflect/MethodHandleAccessorFactory
instanceKlass jdk/internal/reflect/Reflection
instanceKlass java/lang/reflect/Modifier
instanceKlass java/lang/Class$Atomic
instanceKlass java/lang/Class$ReflectionData
instanceKlass java/nio/charset/StandardCharsets
instanceKlass sun/nio/cs/HistoricallyNamedCharset
instanceKlass java/util/Arrays
instanceKlass jdk/internal/util/Preconditions$3
instanceKlass jdk/internal/util/Preconditions$2
instanceKlass jdk/internal/util/Preconditions$4
instanceKlass java/util/function/BiFunction
instanceKlass jdk/internal/util/Preconditions$1
instanceKlass jdk/internal/util/Preconditions
instanceKlass java/nio/charset/spi/CharsetProvider
instanceKlass java/nio/charset/Charset
instanceKlass java/util/HashMap$HashIterator
instanceKlass java/util/concurrent/locks/LockSupport
instanceKlass java/util/concurrent/ConcurrentHashMap$Node
instanceKlass java/util/concurrent/ConcurrentHashMap$CounterCell
instanceKlass java/util/concurrent/locks/ReentrantLock
instanceKlass java/util/concurrent/locks/Lock
instanceKlass java/lang/Runtime
instanceKlass java/lang/VersionProps
instanceKlass java/lang/StringConcatHelper
instanceKlass jdk/internal/util/ArraysSupport
instanceKlass java/lang/StringLatin1
instanceKlass java/lang/StrictMath
instanceKlass jdk/internal/util/SystemProps$Raw
instanceKlass jdk/internal/util/SystemProps
instanceKlass java/lang/System$1
instanceKlass jdk/internal/access/JavaLangAccess
instanceKlass java/lang/ref/ReferenceQueue$Lock
instanceKlass java/lang/ref/ReferenceQueue
instanceKlass java/lang/ref/Reference$1
instanceKlass jdk/internal/access/JavaLangRefAccess
instanceKlass java/lang/Math
instanceKlass java/io/ObjectStreamClass
instanceKlass jdk/internal/reflect/ReflectionFactory
instanceKlass jdk/internal/access/SharedSecrets
instanceKlass java/lang/reflect/ReflectAccess
instanceKlass jdk/internal/access/JavaLangReflectAccess
instanceKlass java/util/Objects
instanceKlass jdk/internal/misc/CDS
instanceKlass java/lang/Module$ArchivedData
instanceKlass jdk/internal/misc/VM
instanceKlass java/lang/String$CaseInsensitiveComparator
instanceKlass java/util/Comparator
instanceKlass java/io/ObjectStreamField
instanceKlass jdk/internal/math/FDBigInteger
instanceKlass java/lang/ModuleLayer
instanceKlass java/util/ImmutableCollections
instanceKlass jdk/internal/module/ModuleLoaderMap$Mapper
instanceKlass java/util/function/Function
instanceKlass java/lang/module/ResolvedModule
instanceKlass java/lang/module/Configuration
instanceKlass java/util/HashMap$Node
instanceKlass java/util/Map$Entry
instanceKlass java/util/Collections$UnmodifiableMap
instanceKlass jdk/internal/module/ModuleHashes
instanceKlass jdk/internal/module/ModuleTarget
instanceKlass java/lang/module/ModuleDescriptor$Opens
instanceKlass java/lang/module/ModuleDescriptor$Provides
instanceKlass jdk/internal/module/SystemModuleFinders$2
instanceKlass jdk/internal/module/ModuleHashes$HashSupplier
instanceKlass jdk/internal/module/SystemModuleFinders$1
instanceKlass java/util/function/Supplier
instanceKlass java/net/URI
instanceKlass java/lang/module/ModuleDescriptor$Exports
instanceKlass java/lang/module/ModuleDescriptor$Requires
instanceKlass java/lang/module/ModuleDescriptor$Version
instanceKlass java/lang/module/ModuleDescriptor
instanceKlass java/lang/module/ModuleReference
instanceKlass java/util/Set
instanceKlass jdk/internal/module/SystemModuleFinders$SystemModuleFinder
instanceKlass java/lang/module/ModuleFinder
instanceKlass jdk/internal/module/ArchivedModuleGraph
instanceKlass sun/util/locale/BaseLocale
instanceKlass java/util/jar/Attributes$Name
instanceKlass java/lang/Character$CharacterCache
instanceKlass java/lang/Short$ShortCache
instanceKlass java/lang/Byte$ByteCache
instanceKlass java/lang/Long$LongCache
instanceKlass java/lang/Integer$IntegerCache
instanceKlass jdk/internal/vm/FillerObject
instanceKlass jdk/internal/vm/vector/VectorSupport$VectorPayload
instanceKlass jdk/internal/vm/vector/VectorSupport
instanceKlass java/lang/reflect/RecordComponent
instanceKlass java/util/Iterator
instanceKlass java/lang/Void
instanceKlass java/lang/Number
instanceKlass java/lang/Character
instanceKlass java/lang/Boolean
instanceKlass java/util/concurrent/locks/AbstractOwnableSynchronizer
instanceKlass java/lang/LiveStackFrame
instanceKlass java/lang/ClassFrameInfo
instanceKlass java/lang/StackWalker$StackFrame
instanceKlass java/lang/StackStreamFactory$AbstractStackWalker
instanceKlass java/lang/StackWalker
instanceKlass java/nio/Buffer
instanceKlass java/lang/StackTraceElement
instanceKlass java/util/RandomAccess
instanceKlass java/util/List
instanceKlass java/util/SequencedCollection
instanceKlass java/util/AbstractCollection
instanceKlass java/util/Collection
instanceKlass java/lang/Iterable
instanceKlass java/util/concurrent/ConcurrentMap
instanceKlass java/util/AbstractMap
instanceKlass java/security/CodeSource
instanceKlass jdk/internal/loader/ClassLoaders
instanceKlass java/util/jar/Manifest
instanceKlass java/lang/Enum
instanceKlass java/net/URL
instanceKlass java/io/InputStream
instanceKlass java/io/Closeable
instanceKlass java/lang/AutoCloseable
instanceKlass jdk/internal/module/Modules
instanceKlass jdk/internal/misc/Unsafe
instanceKlass jdk/internal/misc/UnsafeConstants
instanceKlass java/lang/AbstractStringBuilder
instanceKlass java/lang/Appendable
instanceKlass java/lang/AssertionStatusDirectives
instanceKlass jdk/internal/foreign/abi/ABIDescriptor
instanceKlass jdk/internal/foreign/abi/NativeEntryPoint
instanceKlass java/lang/invoke/CallSite
instanceKlass java/lang/invoke/MethodType
instanceKlass java/lang/invoke/TypeDescriptor$OfMethod
instanceKlass java/lang/invoke/LambdaForm
instanceKlass java/lang/invoke/MethodHandleNatives
instanceKlass java/lang/invoke/MethodHandleImpl
instanceKlass java/lang/invoke/ResolvedMethodName
instanceKlass java/lang/invoke/MemberName
instanceKlass java/lang/invoke/VarHandle
instanceKlass java/lang/invoke/MethodHandle
instanceKlass jdk/internal/reflect/ConstructorAccessorImpl
instanceKlass jdk/internal/reflect/ConstructorAccessor
instanceKlass jdk/internal/reflect/CallerSensitive
instanceKlass java/lang/annotation/Annotation
instanceKlass jdk/internal/reflect/ConstantPool
instanceKlass jdk/internal/reflect/MethodAccessorImpl
instanceKlass jdk/internal/reflect/MethodAccessor
instanceKlass jdk/internal/vm/StackChunk
instanceKlass jdk/internal/vm/Continuation
instanceKlass jdk/internal/vm/ContinuationScope
instanceKlass java/lang/reflect/Parameter
instanceKlass java/lang/reflect/Member
instanceKlass java/lang/reflect/AccessibleObject
instanceKlass java/lang/Module
instanceKlass java/util/Map
instanceKlass java/util/Dictionary
instanceKlass java/lang/ThreadGroup
instanceKlass java/lang/Thread$UncaughtExceptionHandler
instanceKlass java/lang/Thread$Constants
instanceKlass java/lang/Thread$FieldHolder
instanceKlass java/lang/Thread
instanceKlass java/lang/Runnable
instanceKlass java/lang/ref/Reference
instanceKlass java/lang/Record
instanceKlass java/security/ProtectionDomain
instanceKlass java/lang/Throwable
instanceKlass java/lang/System
instanceKlass java/lang/ClassLoader
instanceKlass java/lang/Cloneable
instanceKlass java/lang/Class
instanceKlass java/lang/invoke/TypeDescriptor$OfField
instanceKlass java/lang/invoke/TypeDescriptor
instanceKlass java/lang/reflect/Type
instanceKlass java/lang/reflect/GenericDeclaration
instanceKlass java/lang/reflect/AnnotatedElement
instanceKlass java/lang/String
instanceKlass java/lang/constant/ConstantDesc
instanceKlass java/lang/constant/Constable
instanceKlass java/lang/CharSequence
instanceKlass java/lang/Comparable
instanceKlass java/io/Serializable
ciInstanceKlass java/lang/Object 1 1 115 100 1 10 12 1 1 10 7 12 1 1 1 10 100 12 1 1 1 10 12 1 1 8 1 10 12 1 1 10 100 12 1 1 1 10 12 1 10 12 1 1 100 1 8 1 10 12 1 10 7 12 1 1 1 7 1 10 12 1 7 1 10 12 1 1 8 1 3 8 1 100 1 5 0 1 1 1 1 1 1 1 1 1 1 1 1 1 1 1 1 100 1 1 1 1 1 1 1 1 1 1 1 1 1 100 1 1 1 1 1 1 3 1 1
ciInstanceKlass java/io/Serializable 1 0 7 100 1 100 1 1 1
ciInstanceKlass java/lang/System 1 1 591 10 100 12 1 1 1 10 7 12 1 1 1 10 12 1 1 10 12 1 9 12 1 1 10 7 12 1 1 1 11 100 12 1 1 1 10 100 12 1 1 1 10 12 1 1 100 1 8 1 10 12 1 9 12 1 1 9 12 1 1 10 7 12 1 1 1 10 7 12 1 1 1 10 12 1 1 10 12 1 10 7 12 1 1 1 10 12 1 10 12 1 1 7 1 10 12 1 1 100 1 8 1 10 10 12 1 1 100 1 8 1 10 10 7 12 1 1 10 12 10 7 12 1 1 10 7 12 1 1 1 100 1 8 1 10 10 7 12 1 1 1 10 7 12 1 1 1 100 1 10 100 12 1 1 1 10 12 1 1 10 7 12 1 1 1 10 12 1 1 10 12 1 10 12 1 8 1 10 12 1 1 10 12 1 1 8 1 10 12 1 7 1 7 1 10 12 1 9 7 12 1 1 1 10 7 12 1 1 1 10 12 1 10 12 1 10 7 12 1 1 1 100 1 8 1 10 9 12 1 1 9 12 1 10 12 1 10 100 12 1 1 10 12 1 10 12 1 1 100 1 10 8 1 10 12 1 1 10 12 1 10 12 1 1 10 12 1 1 8 1 11 7 12 1 1 10 12 11 12 1 1 11 7 12 1 1 1 11 7 12 1 1 11 12 1 1 7 1 11 12 1 10 12 1 8 1 10 12 1 1 8 1 8 1 8 1 8 1 11 12 1 10 12 1 1 10 12 1 10 12 1 8 1 10 12 1 1 8 1 9 12 1 8 1 10 7 12 1 1 8 1 7 1 9 7 12 1 1 1 10 12 1 7 1 9 12 10 9 12 7 1 10 12 9 12 1 1 8 1 10 12 1 1 8 1 9 12 1 10 7 12 1 1 10 12 1 10 12 1 1 11 7 12 1 1 10 12 10 7 12 1 1 1 9 12 1 1 100 1 100 1 8 1 10 12 1 1 10 12 1 8 1 8 1 10 8 1 8 1 8 1 8 1 8 1 10 8 1 10 7 12 1 1 1 10 7 12 1 1 1 10 12 1 1 7 1 10 10 12 1 10 12 1 9 12 1 1 1 1 1 1 1 1 1 1 1 1 100 1 1 100 1 1 1 1 1 1 1 1 1 1 3 1 1 1 1 1 1 1 1 1 1 1 1 1 1 1 1 1 1 1 1 1 1 1 1 1 1 1 1 1 1 1 1 1 1 1 1 1 1 1 1 1 1 1 1 1 1 1 1 1 1 1 100 1 1 1 1 1 1 1 1 1 1 1 1 1 1 1 1 1 1 1 1 1 1 1 1 1 100 1 100 1 1 1 1 1 1 1 1
staticfield java/lang/System in Ljava/io/InputStream; java/io/BufferedInputStream
staticfield java/lang/System out Ljava/io/PrintStream; java/io/PrintStream
staticfield java/lang/System err Ljava/io/PrintStream; java/io/PrintStream
instanceKlass java/security/Security$1
instanceKlass java/security/Provider
ciInstanceKlass java/util/Properties 1 1 690 10 7 12 1 1 1 100 1 10 7 12 1 1 7 1 10 12 1 9 12 1 1 9 12 1 1 9 12 1 1 10 7 12 1 1 1 10 12 1 1 8 1 10 7 12 1 1 1 7 1 10 12 1 10 12 1 1 8 1 10 12 1 7 1 10 12 10 12 1 1 9 12 1 1 10 12 1 1 7 1 10 12 1 10 12 1 10 12 1 1 100 1 8 1 10 12 1 10 12 1 10 12 1 1 10 12 1 100 1 3 10 10 100 12 1 1 1 10 12 1 10 12 1 1 8 1 10 12 1 10 12 1 1 8 1 10 100 12 1 1 10 12 1 1 10 12 1 10 12 1 1 100 1 10 12 1 10 12 1 1 100 1 9 100 12 1 1 1 10 12 1 10 12 1 1 10 12 1 1 10 12 1 1 100 1 9 12 1 1 7 1 100 1 10 12 1 100 1 11 7 12 1 1 1 11 12 1 1 11 100 12 1 1 1 11 7 12 1 1 1 11 12 1 1 11 12 1 11 12 1 10 12 1 1 8 1 10 12 1 10 100 12 1 1 10 12 1 100 1 10 10 12 1 10 12 1 100 1 10 10 12 1 1 10 100 12 1 1 9 100 12 1 1 10 12 1 1 10 100 12 1 1 1 100 1 100 1 100 1 10 8 1 8 1 10 12 1 10 12 1 10 12 1 1 10 10 12 1 1 10 12 1 1 7 1 10 10 12 1 11 7 12 1 1 10 7 12 1 1 1 8 1 10 100 12 1 1 11 11 7 1 8 1 10 100 1 11 10 12 1 10 10 12 1 10 12 1 1 10 12 1 1 10 12 1 1 10 12 1 10 12 1 10 10 12 1 10 12 1 10 12 1 10 10 12 1 1 10 12 1 1 10 10 12 1 10 12 1 10 12 1 10 12 1 10 12 1 1 10 12 1 1 10 12 1 10 12 1 10 12 1 1 10 12 10 12 1 1 10 12 1 1 10 12 1 10 12 1 1 10 12 1 1 10 12 10 11 12 1 4 11 10 12 1 1 10 100 12 1 1 11 12 1 10 12 1 1 10 100 12 1 1 10 12 1 100 1 8 1 10 12 1 10 10 100 12 1 1 1 100 1 6 0 10 12 1 1 11 100 12 1 1 1 10 12 1 10 12 1 1 1 1 1 5 0 1 1 1 1 1 1 1 1 1 1 1 1 1 1 1 1 1 1 1 1 1 1 1 1 1 1 1 1 1 1 1 1 1 1 1 1 1 1 1 100 1 1 1 1 1 1 1 1 1 1 1 1 1 1 1 1 1 1 1 1 100 1 1 1 1 1 1 1 1 1 1 1 1 100 1 100 1 1 1 1 1 100 1 1 1 1 1 1 1 1 1 1 1 1 1 1 1 1 1 1 1 1 1 1 1 1 1 1 1 1 1 1 1 1 1 1 1 1 1 1 1 1 1 1 1 1 1 1 1 1 1 1 1 1 1 1 1 1 1 1 1 1 1 1 1 1 1 1 1 1 1 1 1 1 1 1 1 1 1 100 1 1 1 1 1 1 1 1 1 1 1 100 1 1
staticfield java/util/Properties UNSAFE Ljdk/internal/misc/Unsafe; jdk/internal/misc/Unsafe
instanceKlass java/util/Hashtable
ciInstanceKlass java/util/Dictionary 1 1 36 10 7 12 1 1 1 100 1 1 1 1 1 1 1 1 1 1 1 1 1 1 1 1 1 1 1 1 1 1 1 1 1 1 1 1
instanceKlass java/util/Properties
ciInstanceKlass java/util/Hashtable 1 1 516 100 1 10 7 12 1 1 1 9 7 12 1 1 1 100 1 100 1 10 8 1 10 12 1 1 10 12 1 10 12 1 1 10 12 1 10 7 12 1 1 1 8 1 10 12 1 9 12 1 1 7 1 9 12 1 1 4 10 7 12 1 1 1 9 12 1 4 10 12 1 11 100 12 1 1 1 10 12 1 1 10 12 1 1 9 12 1 10 12 1 1 100 1 10 9 12 1 1 10 7 12 1 1 1 9 12 1 1 10 12 1 10 12 1 3 9 12 1 9 12 1 3 10 12 1 10 12 1 10 12 1 1 11 12 1 1 11 100 12 1 1 1 11 100 12 1 1 1 11 12 1 100 1 11 12 1 11 12 1 10 12 1 1 10 12 1 1 10 12 1 9 12 1 1 9 12 9 12 1 1 10 100 1 100 1 10 12 1 10 8 1 10 10 12 1 8 1 10 8 1 10 100 12 1 1 1 7 1 10 12 1 10 12 1 100 1 10 12 1 10 12 1 1 100 1 10 100 1 10 10 12 1 1 11 12 1 1 11 12 1 100 1 10 10 10 100 12 1 1 11 100 12 1 1 1 100 1 10 11 100 12 1 1 11 100 12 1 10 12 1 10 12 1 1 10 100 12 1 1 10 12 1 1 10 12 1 1 10 12 1 1 10 100 12 1 1 1 8 10 100 12 1 1 100 1 8 1 10 4 4 10 12 1 1 10 12 1 8 1 4 10 12 10 100 12 1 1 1 100 1 11 100 12 1 1 1 10 100 12 1 1 1 10 12 1 10 12 1 1 10 100 1 100 1 1 1 1 1 1 5 0 1 1 1 1 1 3 1 3 1 3 1 1 1 1 1 1 1 1 1 1 1 1 1 1 1 1 1 1 1 1 1 1 1 1 1 100 1 1 1 1 1 1 1 1 1 1 1 1 1 1 1 1 1 1 1 1 1 1 1 1 1 1 1 1 1 100 1 1 1 1 1 1 1 1 1 1 1 1 1 1 100 1 1 1 1 1 1 1 1 1 1 1 1 1 1 1 1 1 1 1 1 1 1 1 1 1 1 1 1 1 1 1 1 1 1 1 1 1 1 1 1 1 1 1 1 100 1 1 1 100 1 1 1 1 1 100 1 1 1 1 1 1 1 1 1 1 1 1 1 1 1 1 1 1
ciInstanceKlass java/util/Map 1 1 263 11 7 12 1 1 1 11 12 1 1 10 7 12 1 1 11 12 1 1 11 100 12 1 1 1 11 100 12 1 1 1 11 12 1 1 7 1 11 12 1 11 12 1 100 1 100 1 10 12 1 1 11 100 12 1 1 1 11 100 12 1 1 1 11 12 1 11 12 1 10 12 1 1 11 12 1 11 7 12 1 9 7 12 1 1 1 7 1 10 12 7 1 7 1 10 12 1 7 1 10 100 1 11 12 1 11 12 1 1 11 12 1 1 100 1 11 12 1 1 1 1 1 1 1 1 1 1 1 1 1 1 1 1 1 1 1 1 1 1 1 1 1 1 1 1 1 1 1 1 1 1 1 1 1 1 1 1 1 1 1 1 1 1 1 1 1 1 1 1 1 1 1 1 1 1 1 1 1 1 1 1 1 1 1 1 1 1 1 1 1 1 1 1 1 1 1 1 1 1 1 1 1 1 1 1 1 1 1 1 1 1 1 1 1 1 1 1 1 1 1 1 1 1 1 1 1 1 1 1 1 1 1 1 1 1 1 1 1 1 1 1 1 1 100 1 1 1 1 1 1 1 1 1 1 1 1 1 1 1 1 1 1
ciInstanceKlass java/lang/String 1 1 1471 10 7 12 1 1 1 8 1 9 7 12 1 1 1 9 12 1 1 9 12 1 1 9 12 1 1 10 12 1 10 12 1 1 10 12 1 1 9 12 1 10 7 12 1 1 1 10 12 1 1 10 12 1 10 7 12 1 1 1 10 12 1 1 10 12 1 1 10 12 1 10 12 1 1 10 12 1 10 7 12 1 1 1 7 1 9 7 12 1 1 1 10 7 12 1 1 1 10 12 1 1 10 12 1 1 10 7 12 1 1 1 10 12 1 1 9 7 12 1 1 10 12 9 7 12 1 1 10 12 1 1 3 10 12 1 1 7 1 11 12 1 1 11 12 1 11 12 1 1 10 7 12 1 1 1 10 12 1 1 9 7 12 1 1 1 10 12 1 1 10 12 1 11 12 1 1 10 12 1 10 12 10 12 1 1 100 1 100 1 10 12 1 10 12 1 10 7 12 1 1 1 10 12 1 1 100 1 10 12 1 1 100 1 10 12 1 1 10 12 1 1 10 12 1 10 10 12 1 100 1 100 1 100 1 10 12 1 10 12 1 1 10 12 1 1 10 12 1 10 12 1 1 10 12 1 1 10 100 12 1 1 100 1 11 10 7 12 1 1 11 12 1 11 12 1 10 12 1 10 12 1 10 12 10 12 1 1 10 10 7 12 1 1 1 10 7 12 1 1 10 12 1 1 10 7 12 1 1 10 12 1 10 12 1 1 10 12 1 1 10 12 1 10 12 1 10 12 1 1 100 1 10 12 1 1 10 12 10 12 1 10 12 1 1 10 12 1 1 10 100 12 1 1 1 10 12 1 10 12 1 1 10 12 1 10 12 1 3 3 10 12 1 1 10 12 1 10 12 1 1 10 12 1 1 10 12 1 1 10 12 1 10 12 1 1 10 12 1 1 10 12 1 10 12 1 10 12 1 10 12 1 1 10 12 1 10 12 1 10 12 1 10 12 1 10 12 1 10 12 1 10 100 1 10 8 1 10 12 1 1 10 12 1 8 1 10 12 1 1 10 12 10 12 1 8 1 10 10 12 1 1 10 12 1 1 100 1 5 0 100 1 8 1 10 10 12 1 1 5 0 5 0 5 0 10 12 1 1 10 100 1 10 10 12 1 10 12 1 10 12 1 10 10 12 1 10 12 1 10 12 1 10 12 1 10 12 1 10 12 1 10 12 1 1 10 12 1 1 10 12 1 1 10 10 12 1 1 10 10 12 1 100 1 10 9 100 12 1 1 1 11 100 12 1 1 1 10 12 1 1 10 12 1 1 10 7 1 10 12 1 10 12 1 10 7 12 1 1 1 10 12 1 10 12 1 1 10 12 1 11 7 1 11 12 10 12 1 10 12 1 1 10 12 1 1 10 10 12 1 10 12 1 9 12 1 1 11 7 12 1 1 1 10 12 10 10 12 1 10 12 1 1 10 10 12 1 10 12 1 10 12 1 1 10 12 1 1 10 10 12 1 1 10 10 7 12 1 1 1 10 12 1 10 12 1 10 12 10 10 12 10 10 12 1 10 12 1 10 10 12 10 12 1 1 10 12 10 10 12 10 12 1 10 12 10 12 10 10 12 1 10 12 1 1 10 12 1 1 10 10 12 1 10 7 12 1 1 1 10 12 1 1 10 10 7 12 1 1 1 11 10 12 1 10 12 1 1 10 12 1 1 10 7 12 1 1 1 10 12 1 10 12 1 10 12 1 10 12 1 10 12 1 10 12 1 100 1 10 10 12 1 10 12 1 1 8 1 10 12 1 3 3 10 12 1 10 12 1 1 10 12 7 1 10 10 12 1 1 10 12 10 12 1 10 12 1 10 12 1 1 10 12 1 1 11 7 12 1 1 1 7 1 10 12 1 10 12 1 1 8 1 10 12 1 1 10 12 1 11 100 12 1 1 1 11 100 12 1 1 11 12 1 10 12 1 10 12 1 1 10 10 7 12 1 1 1 10 12 1 10 12 1 10 10 12 10 12 1 1 10 10 12 1 10 10 12 1 10 10 12 1 10 10 12 1 10 12 1 1 10 10 12 1 8 1 10 12 1 1 18 12 1 1 11 100 12 1 1 1 3 18 12 1 18 12 1 8 1 10 100 12 1 1 1 11 12 1 1 10 12 10 10 12 1 10 11 12 1 1 10 12 1 1 11 12 1 18 3 11 10 11 11 10 12 1 10 12 1 1 8 1 10 12 1 10 12 1 10 12 1 1 10 10 12 1 11 100 12 1 100 1 100 1 10 12 100 1 10 10 100 12 1 1 1 100 1 10 7 1 10 10 12 1 10 10 12 1 8 1 10 10 12 1 8 1 8 1 10 12 1 10 12 1 10 10 12 10 100 12 1 1 10 100 12 1 1 10 100 12 1 1 8 1 10 12 1 10 12 1 10 9 12 1 10 12 9 7 12 1 1 1 10 12 1 10 12 1 10 12 1 10 12 10 12 1 10 12 1 8 1 10 100 12 1 1 1 10 12 10 12 1 1 10 12 10 12 10 12 7 1 9 12 1 1 7 1 10 100 1 100 1 100 1 100 1 1 1 1 1 1 5 0 1 1 1 1 1 3 1 3 1 1 1 1 1 1 1 1 1 1 1 1 1 1 1 100 1 1 1 1 1 1 1 1 1 1 1 1 1 1 1 1 1 1 1 1 1 1 1 1 1 1 1 1 1 1 1 100 1 1 1 1 1 1 1 1 1 1 1 1 100 1 1 1 1 1 1 1 1 1 1 1 1 1 1 1 1 1 1 1 1 1 1 1 1 1 1 1 1 1 1 1 1 1 1 1 1 1 1 1 1 1 1 1 1 1 1 1 1 1 1 1 1 1 1 1 1 1 1 1 1 1 1 1 1 1 1 1 1 1 1 1 1 1 1 1 1 1 1 1 1 1 1 1 1 1 1 1 1 1 1 1 1 1 1 1 1 1 1 1 1 1 1 1 1 1 1 1 1 1 1 1 1 1 1 1 1 1 1 1 1 1 1 1 1 1 1 1 1 1 1 1 1 1 1 1 1 1 1 1 1 1 1 1 1 1 1 1 1 1 1 1 1 1 1 1 1 1 1 1 1 1 1 1 1 1 1 1 1 1 1 1 1 1 1 1 1 1 1 1 100 1 1 1 1 1 1 1 1 1 1 1 1 1 1 1 1 1 1 1 1 1 1 1 100 1 1 1 1 1 1 1 1 1 1 1 1 1 1 1 100 1 1 1 1 1 1 1 1 1 1 1 1 1 1 1 16 15 10 12 16 15 10 12 15 10 12 15 10 12 15 10 100 12 1 1 1 1 100 1 1 1 1 1 100 1 100 1 1 1
staticfield java/lang/String COMPACT_STRINGS Z 1
staticfield java/lang/String serialPersistentFields [Ljava/io/ObjectStreamField; 0 [Ljava/io/ObjectStreamField;
staticfield java/lang/String CASE_INSENSITIVE_ORDER Ljava/util/Comparator; java/lang/String$CaseInsensitiveComparator
ciInstanceKlass java/lang/Comparable 1 0 12 100 1 100 1 1 1 1 1 1 1 1
ciInstanceKlass java/lang/CharSequence 1 1 145 11 7 12 1 1 1 18 12 1 1 100 1 10 100 12 1 1 1 18 10 100 12 1 1 1 11 12 1 1 11 100 1 11 12 1 1 10 100 12 1 1 1 11 12 1 1 10 12 1 1 10 12 1 100 1 10 12 1 1 10 100 12 1 1 1 100 1 10 10 12 1 1 100 1 1 1 1 1 1 1 1 1 1 1 1 1 1 1 1 1 1 1 1 1 1 1 1 1 1 1 1 1 1 1 1 1 1 1 1 1 1 1 1 16 1 15 11 12 16 15 11 12 15 10 100 12 1 1 1 1 1 100 1 100 1 1 100 1 1 100 1 100 1 1
ciInstanceKlass java/lang/constant/Constable 1 0 11 100 1 100 1 1 1 1 1 1 1
ciInstanceKlass java/lang/constant/ConstantDesc 1 0 37 100 1 100 1 1 1 1 100 1 1 1 1 100 1 100 1 100 1 100 1 100 1 100 1 100 1 100 1 100 1 1 100 1 100 1 1
ciInstanceKlass java/lang/AutoCloseable 1 0 12 100 1 100 1 1 1 1 100 1 1 1
ciInstanceKlass java/io/Closeable 1 0 14 100 1 100 1 100 1 1 1 1 100 1 1 1
ciInstanceKlass java/lang/Appendable 1 0 14 100 1 100 1 1 1 1 100 1 1 1 1 1
ciInstanceKlass java/util/Iterator 1 1 53 100 1 8 1 10 12 1 1 10 7 12 1 1 1 11 7 12 1 1 1 11 12 1 1 11 7 12 1 1 1 100 1 1 1 1 1 1 1 1 1 1 1 1 1 1 1 1 1 1 1 1 1
instanceKlass com/sun/javafx/iio/png/PNGIDATChunkInputStream
instanceKlass java/io/SequenceInputStream
instanceKlass sun/nio/ch/ChannelInputStream
instanceKlass java/util/zip/ZipFile$ZipFileInputStream
instanceKlass java/io/FilterInputStream
instanceKlass java/io/FileInputStream
instanceKlass java/io/ByteArrayInputStream
ciInstanceKlass java/io/InputStream 1 1 197 100 1 10 7 12 1 1 1 100 1 10 10 7 12 1 1 1 10 7 12 1 1 1 10 12 1 100 1 100 1 3 10 12 1 1 100 1 8 1 10 12 1 10 7 12 1 1 1 3 100 1 8 1 10 10 7 12 1 1 1 7 1 10 11 7 12 1 1 1 10 12 1 1 11 12 1 1 11 7 12 1 1 1 11 12 1 1 7 1 10 7 12 1 1 1 5 0 10 12 1 10 12 1 1 100 1 10 8 1 10 8 1 8 1 10 12 1 1 10 100 12 1 1 1 100 1 5 0 10 12 1 100 1 100 1 1 1 1 3 1 3 1 1 1 1 1 1 1 1 1 1 1 1 1 1 1 1 1 1 1 1 1 1 1 1 1 1 1 1 1 1 1 1 1 1 1 1 1 1 1 1 1 1 1 1 1 1 1 1 1 1 1 1 1 1 1
instanceKlass org/bridj/CallbackNativeImplementer
instanceKlass java/security/SecureClassLoader
ciInstanceKlass java/lang/ClassLoader 1 1 1076 9 7 12 1 1 1 10 7 12 1 1 1 9 12 1 1 10 7 12 1 1 1 7 1 10 12 1 1 10 12 1 1 9 12 1 1 10 12 1 1 100 1 10 12 1 10 12 1 1 10 7 12 1 1 1 100 1 8 1 10 12 1 10 7 1 10 7 1 7 1 7 1 10 12 1 10 12 1 9 12 1 1 10 10 7 12 1 1 1 9 12 1 1 9 12 1 9 12 1 1 9 12 1 9 12 1 1 9 12 1 1 7 1 10 12 1 9 12 1 1 10 12 1 1 10 7 12 1 1 1 9 12 1 9 12 1 1 9 12 1 10 12 1 1 9 12 10 12 1 1 7 1 10 8 1 10 12 1 1 10 12 1 10 7 1 7 1 10 7 12 1 1 1 10 7 12 1 1 1 8 1 10 12 1 10 12 1 10 12 1 1 10 12 1 1 10 12 1 1 10 12 1 1 10 12 1 1 10 12 1 100 1 10 12 1 10 100 12 1 1 1 10 12 1 1 10 12 1 10 12 1 10 12 1 10 12 1 10 12 1 1 10 10 12 1 10 12 1 10 10 12 1 1 10 12 1 1 100 1 8 1 10 8 1 10 12 1 10 12 1 100 1 8 1 10 12 1 1 10 12 1 1 10 10 12 1 1 10 12 1 1 10 12 1 1 10 7 1 10 12 1 10 12 1 1 10 12 1 1 10 12 1 1 10 12 1 1 10 12 1 1 10 12 1 1 10 12 1 1 10 7 12 1 1 1 10 12 1 10 12 1 10 12 1 1 10 12 1 10 12 1 10 12 1 10 12 1 1 10 12 1 10 12 1 1 8 1 9 12 1 10 12 1 1 8 1 8 1 10 7 12 1 1 100 1 10 10 12 10 12 1 10 12 1 10 12 1 10 12 1 1 10 7 12 1 1 10 12 1 10 7 1 7 1 10 12 1 1 10 12 1 10 7 1 10 12 1 100 1 18 12 1 10 100 12 1 1 1 10 100 12 1 1 1 10 7 12 1 1 10 12 1 10 12 1 100 1 10 12 1 8 1 10 10 12 1 1 10 12 1 10 12 1 1 100 1 10 12 1 1 10 100 12 1 1 10 12 1 10 7 12 1 1 10 12 1 8 1 100 1 10 10 12 1 9 12 1 10 7 12 1 1 10 12 1 100 1 8 1 10 12 1 10 8 1 8 1 10 12 1 1 10 12 1 1 10 12 1 1 10 100 12 1 1 100 1 100 1 10 12 1 1 100 1 100 1 10 100 12 1 1 10 12 1 10 12 1 10 12 1 10 12 1 10 12 1 1 10 12 1 8 1 7 1 18 12 1 1 10 12 1 1 10 12 1 10 12 1 10 12 1 8 1 10 12 1 10 12 1 18 12 1 11 100 12 1 1 1 100 1 10 12 1 1 10 12 1 10 11 12 1 1 10 18 10 12 1 1 11 100 12 1 18 12 1 11 12 1 1 10 12 1 10 12 1 1 10 12 1 1 7 1 8 1 10 10 12 1 8 1 8 1 10 100 12 1 1 10 12 1 100 1 10 10 12 1 8 1 8 1 8 1 10 12 1 10 12 1 10 12 1 1 10 12 1 1 10 12 1 10 100 12 1 1 1 11 100 12 1 1 100 1 10 11 10 12 1 10 12 1 10 12 1 1 9 100 12 1 1 9 12 1 1 9 12 9 12 1 9 12 1 9 12 1 8 10 12 1 1 10 7 12 1 1 1 10 12 1 1 10 12 1 1 10 12 1 1 8 1 10 12 1 1 8 10 12 1 1 8 8 10 12 1 10 12 1 10 12 1 11 12 1 1 10 100 12 1 1 1 100 1 10 12 1 10 12 1 10 12 1 1 1 1 1 1 1 1 1 1 1 1 1 1 1 1 1 1 1 1 1 1 1 1 1 1 100 1 1 1 1 1 1 1 1 1 1 1 1 1 1 1 1 1 1 1 1 1 1 1 1 1 100 1 1 1 1 1 1 1 1 1 1 1 1 1 1 1 1 1 1 1 1 1 1 1 1 1 1 1 1 1 1 1 1 1 1 1 1 1 1 1 1 1 1 1 100 1 1 1 1 1 1 1 1 1 1 1 1 1 1 1 1 1 1 1 1 1 100 1 1 1 1 1 1 1 1 1 1 1 1 1 1 1 1 1 1 1 1 1 1 1 1 1 1 1 1 1 1 1 1 1 1 1 1 1 1 1 1 1 1 1 1 100 1 1 1 1 1 1 1 1 1 1 1 1 1 1 1 1 1 1 1 1 1 1 1 1 1 1 1 1 1 1 1 1 1 1 1 1 1 1 1 1 1 1 1 1 1 1 1 1 1 1 1 16 1 15 10 12 16 1 16 15 10 12 16 1 16 1 15 10 12 16 15 10 12 16 15 10 12 16 15 10 7 12 1 1 1 1 1 100 1 100 1 1
staticfield java/lang/ClassLoader nocerts [Ljava/security/cert/Certificate; 0 [Ljava/security/cert/Certificate;
staticfield java/lang/ClassLoader $assertionsDisabled Z 1
instanceKlass com/github/sarxos/webcam/WebcamLock$LockUpdater
instanceKlass org/bridj/Platform$1
instanceKlass com/github/sarxos/webcam/WebcamProcessor$ProcessorThread
instanceKlass com/github/sarxos/webcam/WebcamShutdownHook
instanceKlass com/sun/scenario/effect/ImageData$1
instanceKlass com/sun/scenario/effect/impl/ImagePool$1
instanceKlass com/sun/prism/impl/PrismTrace$1
instanceKlass java/util/TimerThread
instanceKlass java/util/logging/LogManager$Cleaner
instanceKlass com/sun/media/jfxmediaimpl/NativeMediaPlayer$EventQueueThread
instanceKlass com/sun/media/jfxmediaimpl/MetadataParserImpl
instanceKlass com/sun/glass/ui/InvokeLaterDispatcher
instanceKlass java/util/concurrent/ForkJoinWorkerThread
instanceKlass java/util/concurrent/DelayScheduler
instanceKlass com/sun/javafx/tk/quantum/PerformanceTrackerHelper$1$1
instanceKlass com/sun/javafx/tk/quantum/QuantumToolkit$1
instanceKlass jdk/internal/misc/InnocuousThread
instanceKlass java/lang/ref/Finalizer$FinalizerThread
instanceKlass java/lang/ref/Reference$ReferenceHandler
instanceKlass java/lang/BaseVirtualThread
ciInstanceKlass java/lang/Thread 1 1 761 9 7 12 1 1 1 9 7 12 1 1 1 9 12 1 9 12 1 10 12 1 1 9 12 1 1 10 7 12 1 1 10 12 1 10 100 12 1 1 100 1 8 1 10 12 1 1 9 12 1 1 9 12 1 9 12 1 1 7 1 10 12 1 1 10 12 1 7 1 10 12 10 12 1 1 9 12 1 1 10 12 1 100 1 10 12 1 10 12 1 1 10 12 1 1 10 12 1 10 12 1 1 100 1 8 1 10 9 7 12 1 1 1 10 12 1 1 10 3 8 1 100 1 5 0 10 7 12 1 1 1 9 12 1 10 12 1 1 10 7 1 100 1 8 1 10 10 12 1 10 12 1 1 10 12 1 1 10 7 12 1 1 10 12 1 10 12 1 10 7 12 1 1 5 0 9 12 1 10 7 12 1 1 1 10 12 1 1 9 12 1 1 10 100 12 1 1 10 100 12 1 1 1 10 12 1 10 12 1 1 9 12 1 1 10 7 12 1 1 9 12 1 8 1 9 100 12 1 1 1 5 0 100 1 10 100 1 10 100 1 10 7 1 10 8 1 10 12 1 1 10 7 12 1 10 12 1 10 12 1 100 1 8 1 10 10 12 1 10 12 1 1 10 100 12 1 1 1 10 100 12 1 1 1 10 12 1 7 1 9 12 1 1 100 1 10 10 12 1 9 12 1 1 10 12 1 1 10 12 1 1 10 12 1 10 12 1 9 12 1 1 10 10 12 1 1 10 12 1 1 11 7 12 1 1 10 7 12 1 1 9 12 1 1 9 12 1 1 10 100 12 1 1 10 12 1 1 10 12 1 10 100 12 1 1 10 12 1 100 1 10 9 12 1 1 10 12 1 11 100 12 1 1 11 12 1 10 12 1 10 12 1 10 12 1 9 12 1 10 10 12 1 10 12 1 1 9 12 1 9 12 10 12 1 8 1 10 12 1 10 12 1 10 12 1 10 12 1 10 12 1 1 10 12 1 10 12 1 1 10 100 12 1 1 10 12 1 10 12 1 10 12 1 10 12 1 1 9 7 12 1 1 1 8 1 10 9 12 1 10 12 1 7 1 8 1 10 10 12 1 8 1 10 12 1 1 9 12 8 1 10 10 12 1 10 12 1 8 1 10 12 1 10 8 1 9 12 1 1 10 12 1 1 10 10 12 1 10 12 1 100 10 7 12 1 1 1 10 12 1 1 10 12 1 1 10 100 12 1 1 1 11 100 12 1 1 1 10 12 1 1 9 12 1 10 12 1 10 12 1 1 11 100 12 1 1 1 10 12 1 1 1 1 3 1 3 1 3 1 3 1 1 1 1 1 1 1 1 1 1 1 1 1 1 1 1 1 1 1 1 1 1 1 1 1 1 1 100 1 1 1 1 1 1 1 1 1 1 1 1 1 1 1 1 1 1 100 1 1 1 1 1 1 1 1 1 1 1 1 1 1 1 100 1 1 1 1 1 1 1 1 1 1 1 1 1 1 1 1 1 1 1 1 1 1 1 1 1 1 1 1 1 1 1 1 1 1 1 1 1 1 1 1 1 1 1 1 1 1 1 1 1 1 1 1 1 1 1 1 1 1 1 1 1 1 1 1 1 1 1 1 1 1 100 100 1 1 1 1 1 1 1 1 1 1 1 1 1 1 1 1 1 1 1 1 1 1 1 100 1 100 1 100 1 1 1 1 100 1 1 1 1 1 1 1 1 1 1 1 1
staticfield java/lang/Thread NEW_THREAD_BINDINGS Ljava/lang/Object; java/lang/Class
staticfield java/lang/Thread EMPTY_STACK_TRACE [Ljava/lang/StackTraceElement; 0 [Ljava/lang/StackTraceElement;
ciInstanceKlass java/lang/Runnable 1 1 11 100 1 100 1 1 1 1 1 1 1
ciMethod java/lang/System arraycopy (Ljava/lang/Object;ILjava/lang/Object;II)V 256 0 128 0 -1
ciInstanceKlass java/lang/Class 1 1 1652 10 7 12 1 1 1 10 7 12 1 1 9 12 1 1 9 12 1 1 9 12 1 1 9 12 1 1 9 12 1 1 10 12 1 1 8 1 10 12 1 8 1 8 1 10 12 1 1 10 7 12 1 1 1 10 12 1 7 1 10 10 12 1 10 12 1 1 10 12 1 1 10 12 1 1 10 7 12 1 1 10 12 1 10 12 1 10 12 1 1 10 12 1 8 1 10 12 1 8 1 10 12 1 8 1 8 1 10 12 1 1 10 100 12 1 1 1 18 12 1 1 11 100 12 1 1 1 8 1 8 1 8 1 10 100 12 1 1 1 11 12 1 1 8 1 10 12 1 10 10 12 1 1 10 12 1 8 1 10 12 1 1 8 1 10 12 1 10 12 1 1 11 7 12 1 1 1 11 100 12 1 1 1 11 8 1 18 8 1 10 12 1 10 7 12 1 1 10 12 1 1 10 7 12 1 1 1 10 12 1 1 10 12 1 1 10 7 12 1 1 1 10 7 12 1 10 12 1 1 10 7 1 10 12 1 8 1 10 8 1 8 1 8 1 8 1 8 1 8 1 8 1 8 1 9 100 12 1 1 9 100 1 9 100 1 9 100 1 9 100 1 9 100 1 9 100 1 9 100 1 9 100 1 9 12 1 1 7 1 8 1 10 12 1 10 12 1 1 100 1 10 12 1 1 10 7 12 1 1 1 10 7 12 1 1 1 7 1 7 1 10 10 12 1 1 10 12 1 1 100 1 10 100 12 1 1 1 10 12 1 1 10 12 1 1 10 12 9 12 1 1 10 12 1 9 12 1 1 9 12 1 1 10 12 1 1 10 7 1 10 12 1 10 12 1 1 10 9 12 1 10 12 1 8 1 10 12 1 1 10 12 1 1 10 12 1 10 12 1 10 12 1 1 9 7 12 1 1 1 10 12 1 10 7 12 1 1 10 12 1 10 12 1 10 12 1 10 12 1 9 100 12 1 1 1 9 12 1 10 12 1 10 12 1 1 9 12 1 1 10 7 10 12 1 1 10 100 12 1 1 10 12 1 10 12 1 1 10 100 12 1 1 1 10 12 1 10 12 1 1 10 12 1 10 12 1 10 12 1 1 10 7 1 10 10 12 1 1 10 12 1 1 10 12 10 10 12 1 1 100 1 8 1 10 10 12 1 1 10 12 1 100 1 11 12 1 10 12 1 10 12 1 10 100 12 1 1 10 10 12 1 1 8 1 10 12 1 8 1 9 12 1 10 12 1 10 12 1 10 12 1 10 12 100 1 9 12 1 10 12 1 9 12 1 10 12 1 10 12 1 10 12 1 10 10 12 1 10 12 1 10 12 1 10 12 1 10 12 1 10 12 1 7 1 10 10 12 1 10 12 1 11 7 12 1 1 11 12 1 1 10 12 1 1 10 12 1 1 10 12 1 1 10 12 1 1 10 12 1 1 10 12 1 1 7 1 10 10 12 1 1 10 12 1 1 10 12 1 1 10 10 12 1 10 12 1 1 10 12 1 1 10 12 1 1 10 12 1 1 10 12 10 12 1 1 10 7 12 1 1 1 10 12 1 10 12 1 1 10 12 1 10 7 12 1 1 1 10 12 1 1 10 10 12 1 1 7 1 10 10 12 1 1 10 100 12 1 1 1 100 1 100 1 10 12 1 1 10 12 1 10 10 12 1 1 10 12 1 10 12 1 10 12 1 10 100 12 1 1 1 11 7 12 1 1 10 12 1 10 12 1 9 100 12 1 1 8 1 10 12 1 10 12 1 10 12 1 10 12 1 1 9 12 1 9 12 1 1 10 7 12 1 1 9 12 1 10 12 1 1 10 10 12 1 10 7 12 1 1 1 10 7 12 1 1 10 7 12 1 1 9 12 1 1 10 12 1 9 12 1 10 12 1 10 12 1 1 9 12 1 1 9 12 1 10 12 1 10 12 1 1 9 12 1 7 1 10 10 12 1 1 7 1 10 7 11 100 1 9 12 1 1 9 12 1 10 12 1 9 12 1 1 9 12 1 10 12 1 10 12 1 1 9 12 1 7 1 10 10 12 1 1 10 10 12 1 10 12 10 10 12 1 9 12 1 10 12 1 1 10 12 1 8 10 7 8 1 18 8 1 8 1 10 12 1 9 12 1 9 12 1 1 10 12 1 7 1 100 1 10 12 1 9 12 1 1 10 10 12 1 9 12 1 8 1 10 12 1 10 10 12 1 1 100 1 100 1 9 12 1 100 1 8 1 10 10 7 12 1 1 1 10 12 11 7 12 1 1 1 10 12 1 10 12 1 1 10 8 1 10 12 1 8 1 10 12 1 1 9 7 12 1 1 11 12 7 1 11 7 12 1 1 9 12 1 10 100 12 1 1 1 10 7 12 1 1 10 12 1 1 9 12 1 9 10 12 1 1 10 12 1 1 10 12 1 1 10 12 1 1 10 12 1 1 11 12 1 11 12 1 1 11 7 12 1 1 11 12 1 7 1 11 12 1 10 7 12 1 1 1 10 12 1 11 12 1 10 7 12 1 1 1 10 12 1 10 7 12 1 1 1 11 12 1 11 12 1 1 10 12 1 10 12 1 1 9 12 1 1 10 12 1 10 100 12 1 1 1 10 12 1 1 10 12 1 10 12 1 10 12 1 10 7 12 1 1 1 10 12 1 8 1 10 12 1 10 12 1 10 12 1 8 1 8 1 10 7 12 1 1 10 100 12 1 1 100 1 10 12 10 100 12 1 1 1 10 100 12 1 1 1 10 12 1 1 10 12 1 18 12 1 1 11 12 1 1 18 11 12 1 18 12 1 11 12 1 10 12 1 10 12 1 10 12 1 10 12 10 12 1 8 1 10 12 1 7 1 9 12 1 1 100 1 100 1 100 1 100 1 1 1 3 1 3 1 3 1 1 1 1 1 1 1 1 1 5 0 1 1 1 1 1 1 1 1 1 1 1 1 1 1 1 1 1 1 1 1 1 1 1 1 1 1 1 100 1 1 1 1 1 1 1 1 1 1 1 100 1 1 1 1 1 7 1 1 1 1 1 1 1 1 1 1 1 1 1 1 1 1 1 1 1 1 1 1 1 1 1 1 1 1 1 1 1 1 1 1 100 1 1 1 1 1 1 1 1 1 1 1 1 1 1 1 1 1 1 1 1 1 1 1 1 1 1 1 1 1 1 1 100 1 1 1 1 1 1 1 1 1 1 1 1 1 1 1 1 1 1 1 1 1 1 1 1 1 1 1 1 1 1 1 1 1 1 1 1 1 1 1 1 1 1 1 1 1 1 1 1 1 1 1 1 1 1 1 1 1 1 1 1 1 100 1 100 1 1 1 1 1 1 1 1 1 1 1 1 1 1 1 1 1 1 1 1 1 1 1 1 1 1 1 1 1 1 1 1 1 1 1 1 1 1 1 1 1 1 1 1 1 1 1 1 1 1 1 1 1 1 1 1 1 1 1 1 1 1 1 1 1 1 1 1 1 1 1 1 1 1 1 1 1 1 1 1 1 1 1 1 1 1 1 1 1 1 1 1 1 1 1 1 1 1 1 1 1 1 1 1 1 1 1 1 1 1 1 1 1 1 1 1 1 1 1 1 16 15 10 12 16 15 11 12 16 1 15 10 12 16 16 15 10 12 16 15 16 1 15 10 12 16 15 10 100 12 1 1 1 1 1 100 1 1 1 1 1 1 1 1 100 1 1 100 1 100 1 1 100 1 100 1 1
staticfield java/lang/Class EMPTY_CLASS_ARRAY [Ljava/lang/Class; 0 [Ljava/lang/Class;
staticfield java/lang/Class serialPersistentFields [Ljava/io/ObjectStreamField; 0 [Ljava/io/ObjectStreamField;
ciInstanceKlass java/lang/reflect/AnnotatedElement 1 1 165 11 7 12 1 1 1 11 12 1 1 100 1 10 100 12 1 1 1 10 12 1 1 10 12 1 1 10 12 1 10 100 12 1 1 1 11 12 1 1 11 100 12 1 1 10 100 12 1 1 1 10 12 1 10 100 12 1 1 1 18 12 1 1 11 100 12 1 1 18 12 1 18 12 1 1 10 100 12 1 1 1 11 100 12 1 1 1 100 1 10 100 12 1 1 1 1 1 1 1 1 1 1 1 1 1 1 1 1 1 1 1 1 1 1 1 1 1 1 100 1 1 1 1 1 1 1 1 1 1 1 16 15 16 1 16 1 15 11 12 16 16 1 15 10 100 12 1 1 1 16 1 15 10 100 12 1 1 1 1 100 1 100 1 1
ciInstanceKlass java/lang/reflect/Type 1 1 17 11 100 12 1 1 1 100 1 1 1 1 1 1 1 1 1
ciInstanceKlass java/lang/invoke/TypeDescriptor 1 0 17 100 1 100 1 1 1 1 1 1 100 1 100 1 1 1 1
ciInstanceKlass java/lang/invoke/TypeDescriptor$OfField 1 0 21 100 1 100 1 100 1 1 1 1 1 1 1 1 1 1 1 1 1 1 1
ciInstanceKlass java/lang/reflect/GenericDeclaration 1 0 30 100 1 100 1 100 1 1 1 1 1 1 1 1 100 1 8 1 1 12 10 1 1 1 8 1 1 1 8 1
ciMethod java/lang/Class getComponentType ()Ljava/lang/Class; 258 0 129 0 0
ciInstanceKlass java/lang/Module 1 1 1076 10 7 12 1 1 1 9 7 12 1 1 1 10 7 12 1 1 1 9 12 1 9 12 1 1 9 12 1 1 10 12 1 1 10 12 1 10 12 1 1 10 7 12 1 1 1 7 1 10 7 12 1 1 1 10 12 1 1 11 7 12 1 1 1 10 12 1 1 10 12 1 8 1 10 7 12 1 1 1 10 7 12 1 1 1 10 7 12 1 1 1 10 12 1 1 10 12 1 9 12 1 1 10 7 12 1 1 1 9 7 12 1 1 1 7 1 10 8 1 10 12 1 1 10 12 1 10 12 8 1 10 7 12 1 1 1 10 7 12 1 1 1 10 7 12 1 1 1 8 1 10 12 1 8 1 9 12 1 100 1 8 1 10 12 1 10 8 1 8 1 8 1 10 7 12 1 1 1 8 1 10 7 12 1 1 1 8 1 10 12 1 9 12 1 1 11 12 1 9 7 12 1 1 10 7 12 1 1 1 10 7 12 1 1 1 10 12 1 1 8 1 10 12 1 1 10 12 1 10 12 1 1 9 7 12 1 1 1 10 12 1 1 10 12 1 1 9 12 1 10 12 1 10 12 1 9 12 1 1 11 7 12 1 1 10 12 1 1 9 12 1 9 12 1 10 12 1 10 12 1 100 1 8 1 10 10 12 1 1 10 12 1 8 1 10 12 1 1 8 1 8 1 10 12 1 1 10 12 1 10 12 1 1 10 12 1 18 12 1 1 10 12 1 1 11 12 1 9 12 1 11 12 7 1 10 12 1 18 12 1 11 12 1 1 11 12 1 1 11 12 1 10 12 1 1 10 12 1 1 9 12 1 10 12 10 7 12 1 1 10 7 1 18 12 1 1 11 100 12 1 1 1 18 12 1 11 12 1 1 10 100 12 1 1 1 11 12 1 1 10 7 12 1 1 11 12 1 1 10 12 1 1 7 1 11 12 1 7 1 7 1 10 12 1 10 7 12 1 1 1 10 7 12 1 1 1 10 11 7 12 1 8 1 10 12 1 10 12 1 1 10 7 12 1 1 10 12 1 10 12 1 7 1 10 12 1 10 11 12 1 10 12 11 12 1 1 11 7 12 1 1 11 12 1 1 10 12 1 1 9 12 1 1 100 1 10 10 12 1 1 11 100 1 10 12 1 1 11 12 1 10 11 10 12 1 11 10 12 1 1 10 12 1 1 10 12 1 1 10 7 12 1 1 10 12 1 10 12 1 1 10 10 12 1 1 10 12 1 18 12 1 11 12 1 18 12 1 10 12 1 10 12 1 10 12 7 1 10 12 1 10 12 1 10 12 1 9 12 1 7 1 10 10 10 10 12 1 10 12 1 10 12 1 10 12 1 1 10 12 1 1 10 12 1 9 12 1 10 12 1 100 1 8 1 10 12 1 1 10 12 1 10 100 12 1 1 100 1 10 12 1 1 100 1 8 1 100 1 9 100 12 1 1 1 11 100 12 1 1 10 12 1 1 11 12 1 1 18 12 1 1 11 12 1 1 100 1 10 12 1 10 12 1 1 100 1 100 1 10 12 8 1 10 12 1 1 10 12 1 1 10 7 12 1 1 10 12 1 1 10 12 1 10 12 10 12 1 1 7 1 10 10 12 1 1 10 100 12 1 1 1 100 1 10 100 12 1 1 1 10 100 12 1 1 8 1 18 12 1 1 100 1 100 1 9 12 1 1 9 12 1 9 12 1 11 100 12 1 1 1 100 1 11 12 1 1 100 1 10 12 1 8 1 10 12 1 10 12 10 12 1 8 1 10 10 100 12 1 1 10 12 1 1 7 1 10 10 12 1 10 7 12 1 1 9 12 1 9 12 1 9 12 1 9 12 1 9 12 1 10 12 10 12 1 100 1 1 1 1 1 1 1 1 1 1 1 1 1 1 1 1 1 1 1 1 1 1 1 1 1 1 1 1 1 1 1 1 1 1 1 1 1 1 1 1 1 1 1 1 1 1 1 1 1 1 1 1 1 1 1 1 1 1 1 1 1 1 1 1 1 1 1 1 1 1 1 1 1 1 1 1 1 1 1 1 1 1 1 1 1 1 1 1 1 1 1 1 1 1 1 1 1 1 1 1 1 1 1 1 1 1 1 1 100 100 1 1 1 1 1 1 1 1 1 1 1 1 1 1 1 1 1 1 1 1 1 1 1 1 1 1 100 1 7 1 1 1 1 1 1 1 1 1 1 1 1 1 1 1 1 1 1 100 1 1 1 1 1 1 1 1 1 1 1 1 1 1 1 1 1 1 1 1 1 1 1 1 1 1 1 16 15 10 12 16 15 10 12 16 1 16 15 10 12 16 16 15 10 16 1 15 10 12 16 1 15 10 12 16 1 16 1 15 10 12 16 15 10 7 12 1 1 1 15 10 100 12 1 1 1 1 1 1 1 1 1 1 1 1 1 100 1 100 1 1
staticfield java/lang/Module ALL_UNNAMED_MODULE Ljava/lang/Module; java/lang/Module
staticfield java/lang/Module ALL_UNNAMED_MODULE_SET Ljava/util/Set; java/util/ImmutableCollections$Set12
staticfield java/lang/Module EVERYONE_MODULE Ljava/lang/Module; java/lang/Module
staticfield java/lang/Module EVERYONE_SET Ljava/util/Set; java/util/ImmutableCollections$Set12
staticfield java/lang/Module $assertionsDisabled Z 1
ciInstanceKlass java/lang/Math 1 1 480 7 1 7 1 10 100 12 1 1 1 10 7 12 1 1 1 10 12 1 10 12 1 10 12 1 10 12 1 10 12 1 6 0 6 0 10 12 1 10 12 1 10 12 1 10 12 1 10 12 1 10 12 1 1 10 12 1 10 12 1 10 12 1 10 12 1 10 12 1 10 7 12 1 1 1 100 1 3 3 3 10 12 1 1 100 1 5 0 5 0 5 0 5 0 5 0 9 100 12 1 1 1 10 100 12 1 1 1 100 1 8 1 10 12 1 8 1 10 12 1 1 10 12 1 1 100 1 5 0 5 0 100 1 3 5 0 3 5 0 10 12 1 10 12 1 10 12 1 10 12 1 10 12 1 8 1 10 12 1 8 1 10 12 1 1 10 12 1 1 9 12 1 1 9 12 1 100 1 100 1 10 10 12 1 1 8 1 10 12 1 10 12 1 1 10 10 12 1 10 12 1 10 12 1 10 12 1 1 8 1 8 1 10 12 1 1 10 12 1 10 12 10 12 10 12 1 10 12 1 10 12 1 10 12 1 10 12 6 0 10 12 1 9 12 1 1 100 1 10 10 12 1 100 1 10 12 1 10 12 1 1 10 12 1 10 12 1 10 12 10 12 1 1 10 12 1 1 10 12 1 1 10 12 6 0 10 12 1 1 10 12 10 12 1 4 10 12 1 10 12 1 10 12 10 12 1 10 12 1 10 12 1 10 12 1 10 12 1 10 12 1 5 0 6 0 4 6 0 4 6 0 4 10 12 1 6 0 6 0 10 12 1 10 12 8 1 10 12 1 10 12 1 8 1 8 1 10 12 10 12 10 7 12 1 1 1 4 6 0 1 1 1 6 0 1 6 0 1 6 0 1 1 1 1 1 1 1 1 1 1 1 1 1 1 1 1 1 1 1 1 1 1 1 1 1 1 1 1 1 1 1 1 1 1 1 1 1 1 1 1 1 1 1 1 1 1 1 1 1 1 1 1 1 1 1 1 1 1 1 1 1 1 1 1 1 1 1 1 1 1 1 1 1 1 1 1 1 1 1 1 1 1 1 1 1 1 1 1 1 1 1 1 1 1 1 1 1 1 1
staticfield java/lang/Math negativeZeroFloatBits J -2147483648
staticfield java/lang/Math negativeZeroDoubleBits J -9223372036854775808
staticfield java/lang/Math $assertionsDisabled Z 1
ciInstanceKlass jdk/internal/misc/Unsafe 1 1 1248 10 7 12 1 1 1 10 7 12 1 1 9 12 1 1 9 12 1 1 10 12 1 1 10 100 12 1 1 1 10 12 1 1 10 12 1 1 10 12 1 1 10 12 1 1 10 12 1 1 10 12 1 1 10 12 1 1 10 12 1 1 10 12 1 1 10 12 1 1 10 12 1 1 10 12 1 1 10 12 1 1 10 12 1 10 12 1 100 1 10 10 12 1 1 10 12 1 1 5 0 10 12 1 1 10 12 1 1 10 7 12 1 1 1 10 12 1 1 10 12 1 10 12 1 10 12 1 1 10 12 1 1 10 12 1 10 12 1 100 1 100 1 10 8 1 10 12 1 1 10 12 1 8 1 10 12 1 1 10 12 1 10 12 1 10 12 1 1 10 12 1 10 12 1 1 10 12 1 1 10 12 1 10 12 1 10 12 1 10 12 1 1 10 12 1 10 12 1 10 12 1 1 10 12 1 5 0 5 0 5 0 10 12 1 10 12 1 10 12 1 10 12 1 10 12 1 10 12 1 10 12 1 10 12 1 10 12 1 1 10 12 1 10 12 1 100 1 8 1 10 100 1 10 10 12 1 1 10 12 1 1 10 12 1 10 12 1 1 10 12 1 1 10 12 1 10 12 1 1 10 12 1 9 7 12 1 1 9 12 1 100 1 10 10 12 1 1 8 1 10 8 1 8 1 10 12 1 1 9 7 12 1 1 1 9 100 1 9 100 1 9 7 1 9 9 100 1 9 7 1 9 100 1 10 12 1 1 10 12 1 1 10 12 1 1 10 12 1 1 5 0 5 0 9 12 1 1 10 12 1 10 12 1 10 12 1 1 10 12 1 1 10 12 1 8 1 3 10 12 1 1 10 12 1 1 10 12 1 10 12 1 1 10 12 1 1 10 12 1 10 12 1 10 12 1 10 12 1 10 12 1 10 12 1 1 10 12 1 1 10 12 1 10 12 1 10 12 1 10 12 1 10 12 1 10 12 1 1 10 12 1 1 10 12 1 10 12 1 10 12 1 10 12 1 10 12 1 10 12 1 1 10 12 1 1 10 12 1 1 10 12 1 1 10 12 1 10 12 1 10 12 1 10 12 1 10 12 1 10 12 1 10 12 1 1 10 12 1 1 10 12 1 10 12 1 10 12 1 10 12 1 10 12 1 10 12 1 10 12 1 1 10 12 1 1 10 12 1 10 12 1 10 12 1 10 12 1 10 12 1 10 12 1 10 12 1 10 12 1 1 10 12 1 10 12 1 10 12 1 10 12 1 10 12 1 1 10 12 1 10 12 1 10 12 1 10 12 1 10 12 1 10 12 1 10 12 1 10 12 1 1 10 12 1 10 12 1 10 12 1 10 12 1 10 12 1 10 12 1 1 10 12 1 10 12 1 10 12 1 1 10 12 1 10 12 1 10 12 1 10 12 1 10 12 1 10 12 1 10 12 1 10 12 1 10 12 1 10 12 1 10 12 1 10 12 1 10 12 1 10 12 1 10 12 1 10 12 1 10 12 1 10 12 1 10 12 1 10 12 1 10 12 1 10 12 1 10 12 1 100 1 10 100 1 10 9 12 1 5 0 10 12 1 1 5 0 10 12 1 5 0 10 12 1 10 12 1 10 12 1 1 10 12 1 1 10 12 1 10 12 1 10 12 1 10 12 1 1 10 12 1 10 12 1 10 12 1 10 12 1 10 12 1 1 10 12 1 10 12 1 10 12 1 10 12 1 1 10 12 1 10 12 1 10 12 1 1 10 12 1 10 12 1 10 12 1 10 12 1 1 10 12 1 10 10 12 1 1 10 12 1 10 12 1 1 10 12 1 10 12 5 0 5 0 5 0 10 12 1 1 10 12 1 10 12 1 10 12 10 100 12 1 1 8 1 100 1 11 12 1 1 8 1 11 12 1 1 10 100 12 1 1 10 12 1 10 7 1 10 12 1 1 9 12 1 1 7 1 9 12 1 7 1 9 12 1 7 1 9 12 1 7 1 9 12 1 7 1 9 12 1 7 1 9 12 1 7 1 9 12 1 7 1 9 12 1 10 12 1 9 12 1 9 12 1 9 12 1 9 12 1 9 12 1 9 12 1 9 12 1 9 12 1 9 12 1 9 12 1 1 1 5 0 1 1 1 1 1 1 1 1 1 1 1 1 1 1 1 1 1 1 1 1 1 1 1 1 1 1 1 1 1 1 1 1 1 1 1 1 1 1 1 1 1 1 1 1 1 1 1 1 1 1 1 1 1 1 1 1 1 1 1 1 1 1 1 1 1 1 1 1 1 1 1 1 1 1 1 1 1 1 1 1 1 1 1 1 1 1 1 1 1 1 100 1 1 1 1 1 1 1 1 1 1 1 1 1 1 1 1 1 1 1 1 1 1 1 1 1 1 1 1 1 1 1 1 1 1 1 1 1 1 1 1 1 1 1 1 1 1 1 1 1 1 1 1 1 1 1 1 1 1 1 1 1 1 1 1 1 1 1 1 1 1 1 1 1 1 1 1 1 1 1 1 1 1 1 1 1 1 1 1 1 1 1 1 1 1 1 1 1 1 1 1 1 1 1 1 1 1 1 1 1 1 1 1 1 1 1 1 1 1 1 1 1 1 1 1 1 1 1 1 1 1 1 1 1 1 1 1 1 1 1 1 1 1 1 1 1 1 1 1 1 1 1 1 1 1 1 1 1 1 1 1 1 1 1 1 1 1 1 1 1 1 1 1 1 1 1 1 1 1 1 1 1 1 1 1 1 1 1 1 1 1 1 1 1 1 1 1 1 1 1 1 1 1 1 1 1 1 1 1 1 1 1 1 1
staticfield jdk/internal/misc/Unsafe theUnsafe Ljdk/internal/misc/Unsafe; jdk/internal/misc/Unsafe
staticfield jdk/internal/misc/Unsafe ARRAY_BOOLEAN_BASE_OFFSET J 16
staticfield jdk/internal/misc/Unsafe ARRAY_BYTE_BASE_OFFSET J 16
staticfield jdk/internal/misc/Unsafe ARRAY_SHORT_BASE_OFFSET J 16
staticfield jdk/internal/misc/Unsafe ARRAY_CHAR_BASE_OFFSET J 16
staticfield jdk/internal/misc/Unsafe ARRAY_INT_BASE_OFFSET J 16
staticfield jdk/internal/misc/Unsafe ARRAY_LONG_BASE_OFFSET J 16
staticfield jdk/internal/misc/Unsafe ARRAY_FLOAT_BASE_OFFSET J 16
staticfield jdk/internal/misc/Unsafe ARRAY_DOUBLE_BASE_OFFSET J 16
staticfield jdk/internal/misc/Unsafe ARRAY_OBJECT_BASE_OFFSET J 16
staticfield jdk/internal/misc/Unsafe ARRAY_BOOLEAN_INDEX_SCALE I 1
staticfield jdk/internal/misc/Unsafe ARRAY_BYTE_INDEX_SCALE I 1
staticfield jdk/internal/misc/Unsafe ARRAY_SHORT_INDEX_SCALE I 2
staticfield jdk/internal/misc/Unsafe ARRAY_CHAR_INDEX_SCALE I 2
staticfield jdk/internal/misc/Unsafe ARRAY_INT_INDEX_SCALE I 4
staticfield jdk/internal/misc/Unsafe ARRAY_LONG_INDEX_SCALE I 8
staticfield jdk/internal/misc/Unsafe ARRAY_FLOAT_INDEX_SCALE I 4
staticfield jdk/internal/misc/Unsafe ARRAY_DOUBLE_INDEX_SCALE I 8
staticfield jdk/internal/misc/Unsafe ARRAY_OBJECT_INDEX_SCALE I 4
staticfield jdk/internal/misc/Unsafe ADDRESS_SIZE I 8
ciInstanceKlass java/lang/Thread$FieldHolder 1 1 55 10 7 12 1 1 1 9 7 12 1 1 1 9 12 1 1 9 12 1 1 9 12 1 1 9 12 1 1 1 1 1 1 1 1 1 1 1 1 100 1 100 1 1 1 1 100 1 1 1 100 1 100 1 1
ciInstanceKlass java/lang/Thread$Constants 0 0 47 100 1 10 100 12 1 1 1 10 12 1 1 10 12 1 1 10 100 12 1 1 8 1 10 12 1 9 100 12 1 1 1 1 1 1 1 1 1 1 1 1 1 1 1 1 1
ciInstanceKlass java/lang/ThreadGroup 1 1 380 10 7 12 1 1 1 9 7 12 1 1 1 8 1 9 12 1 1 100 1 9 12 1 1 9 12 1 1 10 7 12 1 1 1 10 12 1 1 10 12 1 10 12 1 1 10 12 1 1 10 12 1 10 12 1 10 12 1 10 100 12 1 1 1 10 12 1 1 18 12 1 1 11 100 12 1 1 1 10 12 1 1 10 12 1 1 10 12 1 1 10 100 12 1 1 1 10 12 1 11 12 1 1 11 100 12 1 1 11 12 1 1 10 12 1 1 10 12 1 10 12 1 11 12 1 11 12 1 1 10 12 1 100 1 10 18 12 1 1 11 100 12 1 1 1 11 12 1 1 9 100 12 1 1 1 10 12 1 1 8 1 10 100 12 1 1 1 10 100 12 1 1 1 10 12 1 1 11 12 10 12 1 1 10 12 1 1 11 100 1 9 12 1 100 1 10 8 1 10 12 1 1 10 12 1 1 8 1 10 12 1 10 100 12 1 1 1 10 12 1 1 10 7 1 8 1 10 8 1 10 12 1 10 12 1 8 1 9 12 1 1 9 12 1 10 100 12 1 1 1 100 9 12 1 1 7 1 9 12 1 10 12 10 12 1 1 100 10 12 9 12 1 10 12 1 100 1 10 100 1 10 10 12 1 10 12 1 1 1 1 1 1 1 1 1 1 1 1 1 1 1 1 3 1 1 1 1 1 1 1 1 1 1 1 100 1 1 1 1 1 1 1 1 1 1 1 1 1 1 1 1 1 1 1 1 1 1 1 1 1 1 1 1 1 1 1 1 1 1 1 1 1 1 1 1 16 15 10 12 16 16 15 10 12 16 15 10 100 12 1 1 1 1 1 100 1 100 1 1
staticfield java/lang/ThreadGroup $assertionsDisabled Z 1
ciInstanceKlass java/lang/Thread$UncaughtExceptionHandler 1 0 16 100 1 100 1 1 1 1 1 1 1 1 100 1 1 1
instanceKlass java/lang/ThreadBuilders$BoundVirtualThread
instanceKlass java/lang/VirtualThread
ciInstanceKlass java/lang/BaseVirtualThread 0 0 36 10 100 12 1 1 1 100 1 1 1 1 1 1 1 1 1 1 1 1 1 1 1 1 1 1 1 1 100 1 100 1 1 100 1 1
ciInstanceKlass java/lang/VirtualThread 0 0 928 9 100 12 1 1 1 9 12 1 1 10 100 12 1 1 1 10 100 12 1 1 1 10 100 12 1 1 1 9 12 1 1 100 1 10 12 1 9 12 1 1 18 12 1 1 9 12 1 1 10 12 1 1 100 1 10 12 1 10 12 1 1 10 12 1 1 10 12 1 10 12 1 1 9 12 1 1 10 12 1 10 100 12 1 10 12 1 10 12 1 10 12 1 10 12 1 9 12 1 1 11 100 12 1 1 1 10 10 12 1 11 100 12 1 1 1 10 12 1 100 1 10 12 1 1 100 1 9 12 1 1 5 0 10 100 12 1 1 1 9 12 1 100 1 100 1 10 10 100 12 1 1 1 10 100 12 1 1 1 10 12 1 1 10 12 1 10 12 1 1 10 12 1 10 12 10 12 1 100 1 10 10 12 1 10 12 1 1 9 12 1 1 10 12 1 1 9 12 1 1 10 12 1 9 12 1 10 100 12 1 1 10 9 10 10 12 1 1 10 12 1 1 10 100 12 1 1 10 100 1 10 9 10 100 1 10 12 1 1 10 12 1 10 10 12 1 1 9 12 1 10 12 1 10 12 1 9 12 1 1 10 12 1 10 12 1 10 12 1 1 9 12 1 1 10 12 1 10 12 1 1 10 12 1 10 12 1 1 9 12 1 18 9 100 12 1 1 1 10 12 1 1 9 12 1 10 12 1 10 12 1 1 10 12 1 9 12 1 1 18 12 1 9 12 1 9 12 1 10 12 9 12 1 1 10 100 12 1 1 10 12 1 10 12 1 1 10 100 12 1 1 10 12 1 100 1 8 1 10 12 1 10 12 1 1 10 12 1 10 12 1 10 12 1 10 100 12 1 1 10 12 1 10 12 1 10 12 1 10 12 1 10 100 12 1 1 8 1 10 12 1 10 12 1 10 12 1 10 12 1 1 10 12 1 10 12 10 12 1 100 1 10 10 12 1 10 12 1 1 10 12 1 1 10 12 1 10 12 1 10 12 1 1 10 12 1 1 11 100 12 1 1 11 12 1 10 12 9 100 12 1 1 1 9 12 1 10 12 1 1 9 12 1 9 12 1 9 12 1 9 12 1 100 1 10 10 12 1 1 10 12 1 100 1 100 1 10 8 1 10 12 1 1 10 12 1 10 12 1 10 10 12 1 8 1 10 10 12 1 10 12 1 10 100 12 1 1 8 1 8 1 10 12 1 1 10 10 9 100 12 1 1 1 10 12 1 1 10 12 1 10 10 12 9 12 1 10 12 1 1 10 12 1 9 12 1 10 12 1 1 9 12 1 10 12 1 1 9 12 1 10 12 1 1 18 12 1 1 8 1 10 12 1 1 8 1 8 1 10 100 12 1 1 1 10 100 12 1 1 1 10 12 1 10 12 1 1 10 12 1 18 12 1 1 18 12 1 1 5 0 9 12 1 10 12 1 10 12 1 10 100 1 10 12 1 1 9 12 1 9 12 1 1 10 12 1 1 10 12 1 10 12 10 12 1 1 10 100 12 1 1 10 12 1 1 100 1 8 1 10 10 12 1 8 10 12 1 1 8 8 9 12 1 8 8 10 12 1 10 12 1 1 8 1 18 12 1 10 100 12 1 1 10 12 1 10 12 1 3 1 3 1 3 1 3 1 3 1 3 1 3 1 3 1 3 1 3 1 3 1 3 1 3 3 1 3 3 1 3 3 1 3 3 1 3 1 1 1 1 1 1 1 1 1 1 1 1 1 1 1 1 1 100 1 1 1 1 1 1 1 1 1 1 1 1 1 1 1 1 1 1 1 1 100 1 1 1 1 1 1 1 1 1 1 1 1 1 1 1 1 1 1 1 1 1 1 1 1 1 1 1 1 1 1 1 1 1 100 1 1 1 1 1 1 1 1 1 1 1 1 1 1 1 1 1 1 1 1 1 1 1 1 1 1 1 100 1 1 1 1 1 1 1 1 1 1 1 1 1 1 1 1 1 1 1 1 1 1 100 1 1 16 15 10 12 15 10 12 15 10 12 16 15 10 12 16 15 10 12 16 15 10 12 16 15 10 12 15 10 100 12 1 1 1 1 1 1 1 100 1 1 1 100 1 100 1 1
ciInstanceKlass java/lang/ThreadBuilders$BoundVirtualThread 0 0 132 10 100 12 1 1 1 9 100 12 1 1 1 10 100 12 1 1 1 9 12 1 1 10 12 1 1 10 12 1 1 9 12 1 1 10 100 12 1 1 1 10 12 1 1 100 1 8 1 10 12 1 10 12 1 1 10 12 1 1 10 12 1 1 10 100 12 1 1 1 8 1 10 12 1 8 1 10 12 1 1 10 100 12 1 1 9 100 12 1 1 1 10 12 1 1 10 10 12 1 1 1 1 1 1 1 1 1 1 1 1 1 1 1 1 1 1 1 1 1 1 1 1 1 1 1 1 100 1 1 1 1
instanceKlass java/lang/Exception
instanceKlass java/lang/Error
ciInstanceKlass java/lang/Throwable 1 1 403 10 7 12 1 1 1 9 7 12 1 1 1 9 12 1 1 9 12 1 9 12 1 1 9 12 1 10 12 1 1 9 12 1 1 10 12 1 1 10 100 12 1 1 1 9 12 1 1 10 12 1 1 10 12 1 100 1 100 1 10 8 1 10 12 1 1 8 1 10 100 12 1 1 10 10 12 1 100 1 8 1 10 10 7 12 1 1 10 12 1 8 1 9 100 12 1 1 1 10 12 1 1 100 1 10 12 10 12 1 100 1 10 10 7 12 1 1 1 11 100 12 1 1 1 10 100 12 1 1 1 10 12 1 1 10 12 1 1 8 1 10 12 1 10 12 1 1 8 1 8 1 10 12 1 1 10 12 1 8 1 8 1 9 12 1 10 100 12 1 1 100 1 10 11 12 1 8 1 8 1 10 7 12 1 1 8 1 10 12 1 8 1 100 1 10 12 1 9 12 1 1 10 12 1 10 7 12 1 9 12 1 1 10 12 1 1 100 1 8 1 10 12 1 10 100 12 1 1 10 12 1 1 100 1 10 100 12 1 1 1 10 12 1 11 100 12 1 1 1 11 100 12 1 1 1 11 12 1 8 1 10 12 1 1 8 1 10 10 9 100 12 1 1 1 8 1 10 12 1 1 11 10 100 1 8 1 10 11 12 1 1 8 1 9 12 1 10 100 12 1 1 11 9 12 1 1 11 12 1 1 100 10 12 1 10 12 1 1 100 1 1 1 1 5 0 1 1 1 1 1 1 1 1 1 1 1 1 100 1 1 1 1 1 1 1 1 1 1 1 1 1 1 1 1 1 1 1 1 1 1 1 1 1 1 1 1 1 1 1 1 1 1 1 1 1 1 1 1 1 1 1 100 1 100 1 1 1 1 1 1 1 1 1 1 1 1 1 1 1 1 1 1
staticfield java/lang/Throwable UNASSIGNED_STACK [Ljava/lang/StackTraceElement; 0 [Ljava/lang/StackTraceElement;
staticfield java/lang/Throwable SUPPRESSED_SENTINEL Ljava/util/List; java/util/Collections$EmptyList
staticfield java/lang/Throwable EMPTY_THROWABLE_ARRAY [Ljava/lang/Throwable; 0 [Ljava/lang/Throwable;
staticfield java/lang/Throwable $assertionsDisabled Z 1
ciInstanceKlass jdk/internal/vm/ContinuationScope 0 0 50 10 100 12 1 1 1 10 100 12 1 1 1 100 1 9 100 12 1 1 1 10 12 1 1 10 100 12 1 1 1 10 12 1 1 10 12 1 1 1 1 1 1 1 1 1 1 1 1 1
ciInstanceKlass jdk/internal/vm/StackChunk 1 1 32 10 100 12 1 1 1 9 100 12 1 1 1 9 12 1 1 9 12 1 1 1 1 1 1 1 1 1 1 1 1 1
ciInstanceKlass java/lang/Boolean 1 1 146 10 7 12 1 1 1 9 7 12 1 1 1 10 12 1 1 10 12 1 8 1 10 7 12 1 1 9 12 1 1 9 12 1 10 12 1 1 10 12 1 1 10 12 1 1 10 12 1 10 7 12 1 1 1 10 12 1 1 9 100 12 1 1 9 12 10 100 12 1 1 1 10 12 1 1 8 1 10 7 12 1 1 1 9 12 1 1 100 1 100 1 100 1 1 1 1 1 1 5 0 1 1 1 1 1 1 1 1 1 1 1 1 1 1 1 1 1 1 1 1 1 1 1 1 1 1 1 1 1 1 1 1 1 1 1 100 1 1 1 1 1 1 1 1 1
staticfield java/lang/Boolean TRUE Ljava/lang/Boolean; java/lang/Boolean
staticfield java/lang/Boolean FALSE Ljava/lang/Boolean; java/lang/Boolean
staticfield java/lang/Boolean TYPE Ljava/lang/Class; java/lang/Class
ciInstanceKlass java/lang/Character 1 1 603 7 1 100 1 100 1 9 12 1 1 8 1 9 12 1 1 100 1 9 12 1 1 10 100 12 1 1 1 10 100 12 1 1 1 10 100 12 1 1 1 10 7 12 1 1 1 9 7 12 1 1 1 10 12 1 10 12 1 1 10 12 1 1 10 7 12 1 1 10 12 1 1 3 3 3 3 3 10 12 1 1 10 12 1 3 11 7 12 1 1 1 11 12 1 1 10 12 1 1 10 12 1 1 100 1 10 10 12 1 3 10 12 1 1 10 12 1 10 12 1 1 100 1 8 1 10 12 1 1 10 12 1 10 12 1 10 12 1 10 100 12 1 1 1 10 12 1 10 12 1 10 12 1 1 10 12 1 10 7 12 1 1 10 10 12 1 10 10 12 1 10 12 1 1 10 12 1 10 10 12 1 10 12 1 10 12 1 10 12 1 10 12 1 10 12 1 10 12 1 10 12 10 10 12 10 10 12 1 10 10 12 1 10 10 12 1 10 10 12 1 10 12 1 10 12 1 10 12 1 10 12 1 10 12 1 10 12 1 10 10 12 1 10 10 12 1 10 10 12 1 1 10 10 12 1 10 5 0 10 12 1 10 12 1 10 10 12 1 10 10 12 1 1 10 10 12 1 10 10 12 1 9 12 1 1 100 1 10 10 12 1 10 12 1 1 3 10 100 12 1 1 1 10 12 1 10 100 12 1 1 100 1 10 10 12 1 1 10 12 1 1 10 12 1 1 8 1 10 12 1 9 100 12 1 1 1 10 12 1 10 10 12 1 10 12 1 1 10 12 1 10 10 12 1 1 10 10 12 1 1 100 1 8 1 10 12 1 1 10 7 12 1 1 1 8 1 10 12 1 1 9 12 1 1 100 1 100 1 100 1 1 1 1 3 1 3 1 3 1 3 1 1 1 1 1 3 1 1 3 1 3 1 3 1 3 1 3 1 3 1 3 1 3 1 3 1 3 1 3 1 3 1 3 1 3 1 3 1 3 1 3 1 3 1 3 1 3 1 3 1 3 1 3 1 3 1 3 1 3 1 3 1 3 1 1 1 1 1 1 1 1 1 1 1 1 1 1 1 1 1 1 1 3 1 1 1 1 1 1 1 3 1 1 3 1 1 1 1 1 3 1 1 5 0 1 1 1 1 1 1 1 1 1 1 1 1 1 1 1 1 1 1 1 1 1 1 1 1 1 1 1 1 1 1 1 1 1 1 1 1 1 1 1 1 1 1 1 1 1 1 1 1 1 1 1 1 1 1 1 1 1 1 1 1 1 1 1 1 1 1 1 1 1 1 1 1 1 1 1 1 1 1 1 1 1 1 1 1 1 1 1 1 1 100 1 100 1 1 1 1 1 1
staticfield java/lang/Character TYPE Ljava/lang/Class; java/lang/Class
staticfield java/lang/Character $assertionsDisabled Z 1
ciInstanceKlass java/lang/Float 1 1 277 7 1 100 1 10 7 12 1 1 1 10 7 12 1 1 1 4 100 1 10 12 1 1 10 12 1 1 8 1 8 1 10 100 12 1 1 1 10 12 1 1 10 12 1 1 10 7 1 4 10 7 12 1 1 9 12 1 1 10 12 1 1 10 12 1 10 10 12 1 1 10 12 1 10 12 1 3 3 100 1 4 4 4 3 10 12 1 1 9 12 1 1 100 1 10 3 3 4 4 10 12 1 3 3 3 10 12 1 1 10 12 1 1 10 12 1 10 100 12 1 1 1 10 12 1 1 10 12 1 1 10 7 12 1 1 1 8 1 10 12 1 1 9 12 1 1 100 1 100 1 100 1 1 1 1 4 1 4 1 1 1 4 1 1 3 1 3 1 3 1 3 1 3 1 1 1 1 5 0 1 1 1 1 1 1 1 1 1 1 100 1 1 1 1 1 1 1 1 1 1 1 1 1 1 1 1 1 1 1 1 1 1 1 1 1 1 1 1 1 1 1 1 1 1 1 1 1 1 1 1 1 1 1 1 1 1 1 1 1 1 1 1 1 1 1 1 1 1 1 1 1 1 1 1 1 1 1 1 1 1 1 1 1 100 1 1 1 1 1 1 1 100 1 100 1 1
staticfield java/lang/Float TYPE Ljava/lang/Class; java/lang/Class
staticfield java/lang/Float $assertionsDisabled Z 1
instanceKlass org/bridj/AbstractIntegral
instanceKlass java/util/concurrent/atomic/Striped64
instanceKlass java/math/BigDecimal
instanceKlass java/math/BigInteger
instanceKlass java/util/concurrent/atomic/AtomicLong
instanceKlass java/util/concurrent/atomic/AtomicInteger
instanceKlass java/lang/Long
instanceKlass java/lang/Integer
instanceKlass java/lang/Short
instanceKlass java/lang/Byte
instanceKlass java/lang/Double
instanceKlass java/lang/Float
ciInstanceKlass java/lang/Number 1 1 37 10 7 12 1 1 1 10 100 12 1 1 1 100 1 1 1 1 5 0 1 1 1 1 1 1 1 1 1 1 1 1 1 1 1 1 1
ciInstanceKlass java/lang/Double 1 1 288 7 1 100 1 10 7 12 1 1 1 10 12 1 1 10 100 1 10 12 1 1 10 7 12 1 1 1 6 0 8 1 10 12 1 1 8 1 10 12 1 1 8 1 6 0 10 12 1 1 100 1 5 0 5 0 8 1 8 1 10 7 12 1 1 1 10 100 12 1 1 1 8 1 10 12 1 1 8 1 8 1 8 1 10 12 1 1 10 12 1 10 12 1 1 10 12 1 10 12 1 10 12 1 1 10 12 1 10 7 1 6 0 10 7 12 1 1 9 12 1 1 10 12 1 10 12 1 10 12 1 10 12 1 10 12 1 5 0 10 12 1 1 10 12 1 10 12 1 10 100 12 1 1 1 10 12 1 1 10 12 1 1 8 1 10 7 12 1 1 1 9 12 1 1 100 1 100 1 100 1 1 1 6 0 1 6 0 1 6 0 1 1 1 6 0 1 1 3 1 3 1 3 1 3 1 3 1 1 1 1 5 0 1 1 1 1 1 1 1 1 1 1 1 1 1 1 1 1 100 1 1 1 1 1 1 1 1 1 1 1 1 1 1 1 1 1 1 1 1 1 1 1 1 1 1 1 1 1 1 1 1 1 1 1 1 1 1 1 1 1 1 1 1 1 100 1 1 1 1 1 1 1 100 1 100 1 1
staticfield java/lang/Double TYPE Ljava/lang/Class; java/lang/Class
ciInstanceKlass java/lang/Byte 1 1 212 7 1 100 1 10 100 12 1 1 1 9 12 1 1 8 1 9 12 1 1 100 1 10 12 1 1 10 12 1 1 10 100 12 1 1 1 10 100 12 1 1 1 9 100 12 1 1 1 10 12 1 1 100 1 100 1 10 12 1 1 8 1 10 12 1 1 8 1 10 12 1 10 12 1 10 12 1 10 12 1 1 10 12 1 10 12 1 10 12 1 1 10 8 1 8 1 10 7 1 9 12 1 1 10 12 1 1 10 12 1 1 10 12 1 1 10 12 1 5 0 10 12 1 1 8 1 10 7 12 1 1 1 9 12 1 1 100 1 100 1 1 1 3 1 3 1 1 1 1 3 1 3 1 1 5 0 1 1 1 1 1 1 1 1 1 1 1 1 1 1 1 1 1 1 1 1 1 1 1 1 1 1 1 1 1 1 1 1 1 1 1 1 1 1 1 1 1 1 1 1 1 1 1 1 1 1 1 1 1 1 1
staticfield java/lang/Byte TYPE Ljava/lang/Class; java/lang/Class
ciInstanceKlass java/lang/Short 1 1 220 7 1 100 1 100 1 10 100 12 1 1 1 10 12 1 1 100 1 100 1 10 12 1 1 8 1 10 12 1 1 8 1 10 12 1 10 12 1 10 12 1 10 12 1 1 10 12 1 1 10 12 1 9 12 1 1 8 1 9 12 1 1 100 1 10 12 1 1 10 12 1 10 100 12 1 1 1 10 100 12 1 1 1 9 100 12 1 1 1 10 12 1 10 12 1 1 10 8 1 8 1 10 7 1 9 12 1 1 10 12 1 1 10 12 1 1 10 12 1 1 10 12 1 3 3 5 0 10 12 1 1 8 1 10 7 12 1 1 1 9 12 1 1 100 1 100 1 1 1 3 1 3 1 1 1 1 3 1 3 1 1 5 0 1 1 1 1 1 1 1 1 1 1 1 1 1 1 1 1 1 1 1 1 1 1 1 1 1 1 1 1 1 1 1 1 1 1 1 1 1 1 1 1 1 1 1 1 1 1 1 1 1 1 1 1 1 1 1 1
staticfield java/lang/Short TYPE Ljava/lang/Class; java/lang/Class
ciInstanceKlass java/lang/Integer 1 1 436 7 1 100 1 7 1 7 1 10 12 1 1 9 12 1 1 9 12 1 1 10 100 12 1 1 1 10 12 1 1 10 100 12 1 1 1 10 10 12 1 1 10 100 12 1 1 1 10 12 1 10 12 1 1 10 7 12 1 1 1 10 12 1 1 10 12 1 1 10 12 1 10 7 12 1 1 10 12 1 1 10 12 1 10 12 1 7 1 8 1 10 12 1 8 1 100 1 10 12 1 1 10 12 1 1 8 1 10 12 1 1 8 1 10 12 1 1 10 12 1 1 10 12 1 1 3 3 10 7 12 1 1 1 11 7 1 10 12 1 1 11 10 12 1 1 10 12 1 1 8 1 10 12 1 10 12 1 8 1 100 1 10 12 1 8 1 10 12 1 1 10 12 1 8 1 10 12 1 10 12 1 7 1 9 12 1 1 9 12 1 1 10 12 1 10 7 1 9 12 1 10 12 1 10 12 1 10 12 1 1 10 12 1 1 10 7 12 1 1 1 10 12 1 1 8 1 8 1 10 12 1 1 8 1 8 1 8 1 8 1 8 1 8 1 10 12 1 10 12 1 10 12 1 5 0 3 3 3 3 10 12 1 10 12 1 3 10 12 1 10 100 12 1 1 1 10 12 1 1 10 12 1 1 8 1 10 7 12 1 1 1 9 12 1 1 100 1 100 1 100 1 1 1 1 3 1 1 1 1 1 3 1 3 1 1 5 0 1 1 1 1 1 1 1 1 1 100 1 1 1 1 1 1 1 1 1 1 1 1 1 1 1 1 1 1 1 1 1 1 1 1 1 1 1 1 1 1 1 1 1 1 1 1 1 1 1 1 1 1 1 1 1 1 1 1 1 1 1 1 1 1 1 1 1 1 1 1 1 1 1 1 1 1 1 1 1 1 1 1 1 1 1 1 1 1 1 1 1 1 1 1 1 1 1 1 1 1 1 1 1 100 1 1 1 1 1 1 1 1 1 100 1 100 1 1
staticfield java/lang/Integer TYPE Ljava/lang/Class; java/lang/Class
staticfield java/lang/Integer digits [B 36
ciMethod java/lang/Integer numberOfLeadingZeros (I)I 36 0 3274 0 -1
ciMethod java/lang/Integer compare (II)I 1024 0 19830 0 104
ciInstanceKlass java/lang/Long 1 1 498 7 1 100 1 7 1 100 1 10 12 1 1 9 12 1 1 9 7 12 1 1 1 10 100 12 1 1 1 10 12 1 1 10 100 12 1 1 1 10 10 12 10 12 1 10 12 1 10 12 1 5 0 5 0 7 1 10 12 1 1 10 12 1 1 10 12 1 10 12 1 10 12 1 10 12 1 1 10 100 12 1 1 10 12 1 10 12 1 1 10 12 1 1 10 12 1 1 10 12 1 1 10 100 12 1 1 1 10 12 1 1 10 12 1 10 12 1 10 7 12 1 1 10 12 1 1 10 12 1 10 12 1 100 1 8 1 10 12 1 8 1 100 1 10 12 1 10 12 1 1 8 1 10 12 1 1 8 1 10 12 1 1 10 12 1 1 10 12 1 1 5 0 5 0 10 100 12 1 1 1 11 100 1 10 12 1 1 11 10 12 1 1 10 12 1 1 8 1 5 0 10 12 1 1 10 12 1 1 8 1 8 1 10 12 1 8 1 10 12 1 10 12 1 5 0 5 0 9 7 12 1 1 1 10 12 1 10 12 1 1 8 1 8 1 10 12 1 1 8 1 8 1 8 1 8 1 8 1 8 1 10 12 1 10 12 1 10 7 1 9 12 1 1 10 12 1 10 12 1 1 10 12 1 1 10 100 12 1 1 1 10 12 1 1 10 12 1 10 12 1 10 12 1 5 0 5 0 5 0 10 12 1 1 10 12 1 5 0 5 0 10 12 10 12 1 10 100 12 1 1 1 10 12 1 1 10 12 1 1 8 1 10 7 12 1 1 1 9 12 1 1 100 1 100 1 100 1 1 1 1 5 0 1 1 1 1 3 1 3 1 5 0 1 1 1 1 1 1 1 1 1 100 1 1 1 1 1 1 1 1 1 1 1 1 1 1 1 1 1 1 1 1 1 1 1 1 1 1 1 1 1 1 1 1 1 1 1 1 1 1 1 1 1 1 1 1 1 1 1 1 1 1 1 1 1 1 1 1 1 1 1 1 1 1 1 1 1 1 1 1 1 1 1 1 1 1 1 1 1 1 1 1 1 1 1 1 1 1 1 1 1 1 1 1 1 1 1 1 1 1 1 1 100 1 1 1 1 1 1 1 1 1 100 1 100 1 1
staticfield java/lang/Long TYPE Ljava/lang/Class; java/lang/Class
ciInstanceKlass java/lang/Void 1 1 31 10 100 12 1 1 1 8 1 10 7 12 1 1 1 9 7 12 1 1 1 1 1 1 1 1 1 1 1 1 1
staticfield java/lang/Void TYPE Ljava/lang/Class; java/lang/Class
ciInstanceKlass jdk/internal/vm/vector/VectorSupport 0 0 597 100 1 10 100 12 1 1 1 9 12 1 1 10 100 12 1 1 1 100 1 10 12 1 11 100 12 1 1 1 11 100 12 1 1 1 11 100 12 1 1 1 11 100 12 1 1 11 100 12 1 1 11 100 12 1 1 11 100 12 1 1 11 100 12 1 1 11 100 12 1 1 11 100 12 1 1 11 100 12 1 1 1 11 100 12 1 1 11 100 12 1 1 1 11 100 12 1 1 1 11 100 12 1 1 11 100 12 1 1 1 11 100 12 1 1 100 1 10 12 1 1 11 100 12 1 1 11 100 12 1 1 11 100 12 1 1 11 100 1 11 100 12 1 1 11 100 12 1 1 11 100 12 1 1 9 12 1 1 10 100 12 1 1 11 100 12 1 1 10 100 12 1 1 1 10 100 12 1 1 10 12 1 1 10 12 1 1 1 1 1 3 1 3 1 3 1 3 1 3 1 3 1 3 1 3 1 3 1 3 1 3 1 3 1 3 1 3 1 3 1 3 1 3 1 3 1 3 1 3 1 3 1 3 1 3 1 3 1 3 1 3 1 3 1 3 1 3 1 3 1 3 1 3 1 3 1 3 1 3 1 3 1 3 1 3 1 3 1 3 1 3 1 3 1 3 1 3 1 3 1 3 1 3 1 3 1 3 1 3 1 3 1 3 1 3 1 1 1 3 1 3 1 3 1 3 1 3 1 3 1 1 1 1 1 1 1 1 1 1 1 1 1 1 1 1 1 1 1 1 1 1 1 1 1 1 1 1 1 1 1 1 1 1 1 1 1 1 1 1 1 1 1 1 1 1 1 1 1 1 1 1 1 1 1 1 1 1 1 1 1 1 1 1 1 1 1 1 1 1 1 1 1 1 1 1 1 1 1 1 1 1 1 1 1 1 1 1 1 1 1 1 1 1 1 1 1 1 1 1 1 1 1 1 1 1 1 1 1 1 1 1 1 1 1 1 1 1 1 1 1 1 1 1 1 1 1 1 1 1 1 1 1 1 1 1 1 1 1 1 1 1 1 1 1 1 1 1 1 1 1 1 1 1 1 1 1 1 1 1 1 1 1 1 1 1 1 1 1 1 1 1 1 1 1 1 1 1 1 1 1 1 1 1 1 1 1 1 1 1 1 1 1 1 1 1 1 1 1 1 1 1 1 1 1 1 1 1 1 1 1 1 1 1 1 1 1 1 1 1 1 1 1 1 1 1 1 1 1 1 1 1 1 1 1 1 1 1 1 1 1 1 1 1 1 1 1 100 1 100 1 100 1 100 1 100 1 1 1 1 1 1 1 1 1 1 1 1 1 1 1 1 1 1 1 1 1 1 1 1 1 1 1 1 1 1 1
instanceKlass jdk/internal/vm/vector/VectorSupport$VectorShuffle
instanceKlass jdk/internal/vm/vector/VectorSupport$VectorMask
instanceKlass jdk/internal/vm/vector/VectorSupport$Vector
ciInstanceKlass jdk/internal/vm/vector/VectorSupport$VectorPayload 0 0 32 10 100 12 1 1 1 9 100 12 1 1 1 10 100 12 1 1 1 1 1 1 1 1 1 1 1 1 1 1 1 1
ciInstanceKlass jdk/internal/vm/vector/VectorSupport$Vector 0 0 28 10 100 12 1 1 1 100 1 1 1 1 1 1 1 1 1 1 1 1 1 1 1 100 1 1 1 1
ciInstanceKlass jdk/internal/vm/vector/VectorSupport$VectorMask 0 0 28 10 100 12 1 1 1 100 1 1 1 1 1 1 1 1 1 1 1 1 1 1 1 100 1 1 1 1
ciInstanceKlass jdk/internal/vm/vector/VectorSupport$VectorShuffle 0 0 28 10 100 12 1 1 1 100 1 1 1 1 1 1 1 1 1 1 1 1 1 1 1 100 1 1 1 1
ciInstanceKlass jdk/internal/vm/FillerObject 0 0 16 10 100 12 1 1 1 100 1 1 1 1 1 1 1 1
instanceKlass java/lang/ref/PhantomReference
instanceKlass java/lang/ref/FinalReference
instanceKlass java/lang/ref/WeakReference
instanceKlass java/lang/ref/SoftReference
ciInstanceKlass java/lang/ref/Reference 1 1 198 9 7 12 1 1 1 9 7 12 1 1 10 12 1 1 10 12 1 1 9 12 1 1 10 12 1 1 9 12 1 1 9 12 1 1 7 1 10 12 1 10 7 12 1 1 10 12 1 10 12 1 1 10 12 1 7 1 8 1 10 12 1 1 7 1 10 12 1 1 10 12 1 1 10 12 1 7 1 10 12 10 7 12 1 1 1 9 12 1 10 12 1 1 10 12 1 10 12 1 10 12 1 9 12 1 100 1 100 1 10 9 12 1 9 12 1 100 1 10 10 12 1 10 10 7 12 1 1 10 12 1 1 1 1 1 1 1 1 1 1 1 1 1 1 1 1 1 100 1 1 1 100 1 1 1 1 1 1 1 1 1 1 1 1 1 1 1 1 1 1 1 1 1 1 1 1 1 1 1 1 1 1 1 1 1 1 1 1 1 100 1 100 1 100 1 1 1
staticfield java/lang/ref/Reference processPendingLock Ljava/lang/Object; java/lang/Object
staticfield java/lang/ref/Reference $assertionsDisabled Z 1
instanceKlass sun/util/locale/provider/LocaleResources$ResourceReference
instanceKlass sun/util/resources/Bundles$BundleReference
instanceKlass java/util/ResourceBundle$BundleReference
instanceKlass jdk/internal/util/SoftReferenceKey
instanceKlass java/lang/invoke/LambdaFormEditor$Transform
ciInstanceKlass java/lang/ref/SoftReference 1 1 50 10 7 12 1 1 1 9 7 12 1 1 1 9 12 1 10 12 1 10 12 1 1 1 1 1 1 1 1 1 1 1 1 1 1 1 1 1 1 1 1 1 1 100 1 1 1 1 1 1
instanceKlass com/sun/util/reentrant/ReentrantContextProvider$HardReference
instanceKlass com/sun/javafx/util/WeakReferenceQueue$ListEntry
instanceKlass java/util/logging/LogManager$LoggerWeakRef
instanceKlass java/util/logging/Level$KnownLevel
instanceKlass java/lang/WeakPairMap$WeakRefPeer
instanceKlass java/util/ResourceBundle$KeyElementReference
instanceKlass java/lang/ThreadLocal$ThreadLocalMap$Entry
instanceKlass jdk/internal/util/WeakReferenceKey
instanceKlass java/util/WeakHashMap$Entry
ciInstanceKlass java/lang/ref/WeakReference 1 1 34 10 7 12 1 1 1 10 12 1 100 1 1 1 1 1 1 1 1 1 1 1 1 1 1 1 1 1 1 1 1 1 1 1
instanceKlass java/lang/ref/Finalizer
ciInstanceKlass java/lang/ref/FinalReference 1 1 50 10 7 12 1 1 1 10 7 12 1 1 1 10 12 1 1 100 1 8 1 10 12 1 1 1 1 1 1 1 1 1 1 1 1 1 1 1 1 1 1 1 1 1 1 1 1 1 100 1
instanceKlass jdk/internal/ref/PhantomCleanable
instanceKlass jdk/internal/ref/Cleaner
ciInstanceKlass java/lang/ref/PhantomReference 1 1 47 10 7 12 1 1 1 10 12 1 1 10 7 12 1 1 1 1 1 1 1 1 1 1 1 1 1 1 1 1 1 1 1 1 1 1 1 1 1 1 1 1 1 1 1 1 1
ciInstanceKlass java/lang/ref/Finalizer 1 1 177 9 7 12 1 1 1 10 7 12 1 1 1 9 12 1 1 9 12 1 1 9 12 1 9 12 1 9 12 1 1 10 12 1 100 1 8 1 10 12 1 10 12 1 1 9 12 1 100 1 10 12 1 7 1 11 7 12 1 1 10 12 1 100 1 10 12 1 10 7 12 1 1 1 10 12 1 1 10 100 12 1 1 8 1 10 12 1 10 12 1 10 12 1 100 1 10 12 1 10 100 12 1 1 1 100 1 10 10 12 1 1 7 1 10 12 1 10 12 1 1 10 12 1 1 10 7 12 1 1 1 7 1 10 7 1 10 10 12 1 1 1 1 1 1 1 1 1 1 1 1 1 1 1 1 1 1 1 1 1 1 1 1 1 1 100 1 1 1 1 1 1 1 1 1 1 1
staticfield java/lang/ref/Finalizer lock Ljava/lang/Object; java/lang/Object
staticfield java/lang/ref/Finalizer ENABLED Z 1
staticfield java/lang/ref/Finalizer $assertionsDisabled Z 1
instanceKlass java/lang/reflect/Executable
instanceKlass java/lang/reflect/Field
ciInstanceKlass java/lang/reflect/AccessibleObject 1 1 374 10 7 12 1 1 1 10 100 12 1 1 1 10 7 12 1 1 1 10 12 1 1 9 12 1 1 7 1 10 7 12 1 1 1 11 12 1 100 1 10 12 1 7 1 100 1 10 12 1 1 10 12 1 1 10 12 1 1 10 12 1 1 10 12 1 1 7 1 10 7 12 1 1 1 10 12 1 1 11 10 7 12 1 1 1 10 12 1 1 10 12 1 10 12 1 10 12 1 1 10 12 1 8 1 100 1 100 1 10 10 12 1 1 8 1 10 12 1 10 12 1 8 1 8 1 8 1 8 1 8 1 8 1 8 1 8 1 8 1 100 1 10 12 1 10 12 1 9 100 12 1 1 1 10 12 1 1 10 12 1 10 100 1 100 1 8 1 10 8 1 10 12 1 8 1 10 12 1 10 12 1 1 10 100 1 8 1 10 11 7 12 1 1 1 10 12 1 1 10 12 1 1 10 12 1 1 9 12 1 1 100 1 10 12 1 7 1 10 12 1 10 12 1 1 10 100 1 10 12 1 10 12 10 12 1 10 12 1 10 12 1 1 10 12 1 9 12 1 10 100 12 1 1 8 1 10 12 1 1 8 1 10 100 12 1 1 1 9 12 1 100 1 10 7 1 10 10 7 12 1 1 1 10 7 12 1 1 1 9 12 1 1 1 1 1 1 1 1 1 1 1 1 1 1 1 1 1 1 1 1 1 1 1 1 1 1 1 1 1 1 1 1 1 1 1 1 1 1 1 1 1 1 1 1 1 1 1 1 1 1 1 1 1 1 1 1 1 1 1 1 1 1 1 1 1 1 1 1 1 1 1 1 1 1 1 1 1 1 1 1 1 1 1
staticfield java/lang/reflect/AccessibleObject reflectionFactory Ljdk/internal/reflect/ReflectionFactory; jdk/internal/reflect/ReflectionFactory
ciInstanceKlass java/lang/reflect/Method 1 1 468 9 7 12 1 1 1 10 7 12 1 1 1 10 7 12 1 1 9 12 1 1 9 12 1 1 10 12 1 1 10 12 1 1 10 12 1 1 10 7 12 1 1 10 7 12 1 1 1 9 12 1 1 9 12 1 9 12 1 1 9 12 1 9 12 1 9 12 1 1 9 12 1 9 12 1 1 9 12 1 9 12 1 100 1 8 1 10 12 1 10 12 1 9 12 1 1 10 7 12 1 1 1 10 12 1 1 10 12 1 1 10 12 1 10 12 1 1 9 100 12 1 1 1 10 12 1 1 10 12 10 7 12 1 1 10 12 1 1 10 12 1 10 12 1 10 12 1 10 7 12 1 1 1 10 12 1 1 9 12 1 10 7 1 10 7 12 1 1 1 10 7 12 1 1 10 12 1 1 10 12 1 1 10 12 1 10 7 12 1 1 1 10 12 1 10 8 1 10 12 1 10 12 1 7 1 8 1 8 1 8 1 10 12 1 10 12 1 1 10 12 1 1 10 10 12 1 1 10 12 1 11 100 1 10 12 1 9 12 1 1 10 12 1 1 10 12 1 10 12 1 1 10 12 1 1 11 7 12 1 1 1 11 12 1 9 12 1 1 10 12 1 10 12 1 10 12 1 10 12 1 10 12 1 10 12 1 9 12 1 1 10 7 12 1 1 1 10 7 12 1 1 10 12 1 1 10 7 12 1 1 1 10 7 12 1 1 1 10 7 12 1 1 1 11 7 12 1 1 1 10 7 12 1 1 1 7 1 100 1 100 1 10 12 1 10 12 1 1 10 12 1 100 1 8 1 10 12 1 10 10 12 1 1 10 12 1 1 10 12 1 1 10 12 1 1 8 1 10 12 1 1 1 1 1 1 1 1 1 1 1 1 1 1 1 1 1 1 1 1 1 1 1 1 1 1 1 1 1 1 1 1 1 1 1 1 1 1 1 1 1 1 1 1 1 1 1 1 1 1 1 1 1 100 1 100 1 100 1 1 1 1 1 1 1 1 1 1 1 1 1 1 1 1 1 1 1 1 1 1 1 1 1 1 1 1 1 1
ciInstanceKlass java/lang/reflect/Member 1 1 37 100 1 10 12 1 1 100 1 100 1 1 1 1 3 1 3 1 1 1 1 1 1 1 1 1 1 1 1 1 1 1 1 1 1 1 1
instanceKlass java/lang/reflect/Constructor
instanceKlass java/lang/reflect/Method
ciInstanceKlass java/lang/reflect/Executable 1 1 587 10 7 12 1 1 1 10 7 12 1 1 1 10 7 12 1 1 1 11 7 12 1 1 1 10 7 12 1 1 1 10 12 1 1 10 7 12 1 1 1 10 100 12 1 1 1 10 12 1 8 1 10 10 12 1 1 10 12 1 1 10 100 12 1 1 1 18 12 1 1 11 100 12 1 1 1 8 1 8 1 8 1 10 100 12 1 1 1 11 12 1 1 100 1 8 1 8 1 10 12 1 100 1 8 1 10 12 1 8 1 11 100 12 1 1 1 100 1 11 100 12 1 1 1 11 12 1 8 1 18 8 1 10 12 1 10 12 1 1 18 8 1 10 12 1 100 1 10 12 1 10 12 1 11 12 1 10 12 1 1 8 1 8 1 10 12 1 1 10 12 1 1 10 10 12 1 9 12 1 1 9 100 12 1 1 1 10 100 12 1 1 1 10 12 1 10 12 1 1 10 7 12 1 1 10 12 1 10 12 1 10 12 1 10 7 12 1 1 100 1 10 100 12 1 1 1 10 12 1 1 10 100 12 1 1 10 12 1 10 12 1 1 9 100 12 1 1 1 10 100 10 12 1 8 1 10 12 1 10 12 1 3 100 1 8 1 10 12 1 10 12 1 10 10 12 1 10 12 1 1 8 1 8 1 8 1 9 12 1 1 9 12 1 10 12 1 100 1 8 1 10 12 1 10 12 1 10 12 1 1 10 12 1 1 10 12 1 10 12 10 12 1 7 1 10 12 1 10 12 1 1 100 1 10 100 12 1 1 1 7 1 10 7 12 1 1 1 10 12 1 1 11 7 12 1 1 10 12 1 10 100 12 1 1 1 10 12 1 1 9 12 1 10 12 1 1 10 12 1 10 12 1 1 9 100 12 1 1 1 10 100 12 1 1 1 10 12 1 10 12 1 1 9 12 1 10 10 10 10 100 12 1 1 1 10 12 1 9 12 1 10 12 1 1 9 12 1 100 1 100 1 1 1 1 1 1 1 1 1 1 1 1 1 1 1 1 1 1 1 1 1 1 1 1 1 1 1 1 1 1 1 1 1 1 1 1 100 1 1 1 1 1 1 1 1 1 1 1 1 1 1 1 1 1 1 1 100 1 1 1 1 1 1 1 1 1 1 1 1 1 1 1 1 1 1 1 1 1 1 1 1 1 1 1 1 1 1 1 1 1 1 1 1 1 1 1 1 1 1 1 100 1 1 1 1 1 1 1 1 1 1 1 1 1 1 1 1 1 1 1 1 1 1 100 1 1 16 15 16 1 16 1 15 10 12 16 15 10 100 12 1 1 1 1 100 1 1 1 100 1 1 100 1 100 1 1
ciInstanceKlass java/lang/reflect/Constructor 1 1 437 10 100 12 1 1 1 10 100 12 1 1 9 7 12 1 1 1 9 12 1 1 10 12 1 1 10 12 1 1 10 12 1 1 10 100 12 1 1 10 7 12 1 1 1 9 12 1 1 9 12 1 1 9 12 1 9 12 1 1 9 12 1 9 12 1 1 9 12 1 1 9 12 1 100 1 8 1 10 12 1 10 12 1 9 12 1 1 10 7 12 1 1 1 10 12 1 1 10 12 1 1 10 12 1 7 1 100 1 8 1 10 10 12 1 10 12 1 10 12 1 1 9 100 12 1 1 1 10 7 12 1 1 10 12 1 1 10 12 1 10 12 1 1 10 100 12 1 1 1 10 100 12 1 1 10 12 1 1 10 12 1 10 100 12 1 1 1 8 1 10 10 12 1 100 1 8 1 10 12 1 10 12 1 1 10 12 1 1 10 12 1 10 12 1 10 12 1 1 10 12 1 1 9 12 1 1 10 12 1 1 10 12 1 1 10 12 1 1 11 7 12 1 1 1 10 12 1 1 10 12 1 10 12 1 10 12 1 8 1 9 12 1 1 10 7 12 1 1 1 10 7 12 1 1 10 12 1 1 10 12 1 1 10 12 1 1 10 12 1 1 10 12 1 9 100 12 1 1 10 12 1 10 12 1 10 12 1 100 1 8 1 10 10 12 1 1 10 12 1 10 10 12 1 1 10 12 1 1 10 100 12 1 1 1 11 100 12 1 1 1 10 12 1 1 9 100 12 1 1 1 10 100 12 1 1 1 10 12 1 1 1 1 1 1 1 1 1 1 1 1 1 1 1 1 1 1 1 1 1 1 1 1 1 1 1 1 1 1 1 1 1 1 1 1 1 1 1 1 1 1 1 1 1 1 1 1 1 1 1 1 1 1 1 1 100 1 100 1 100 1 100 1 1 1 1 1 1 1 1 1 1 1 1 1 1 1 1 1 1 1 1 1 1 1 1 1 1 1 1 1 1 1 1 100 1 1
ciInstanceKlass java/lang/reflect/Field 1 1 454 9 7 12 1 1 1 10 12 1 1 10 100 12 1 1 1 10 100 12 1 1 9 12 1 1 9 12 1 1 10 12 1 1 10 12 1 1 10 12 1 1 10 100 12 1 1 10 7 12 1 1 1 9 12 1 1 9 12 1 9 12 1 9 12 1 1 9 12 1 1 9 12 1 9 12 1 1 100 1 8 1 10 12 1 10 12 1 9 12 1 1 9 12 1 10 7 12 1 1 10 12 1 1 10 12 1 1 10 12 1 9 12 1 1 10 12 1 1 9 100 12 1 1 1 10 7 12 1 1 1 100 1 10 12 1 1 10 12 1 1 10 12 1 10 12 1 10 7 1 10 100 12 1 1 100 1 10 8 1 10 12 1 1 10 12 1 1 8 1 10 12 10 12 1 8 1 8 1 10 11 100 1 9 12 1 10 12 1 1 10 12 1 1 11 7 12 1 1 1 10 12 1 11 12 1 1 11 12 1 1 11 12 1 1 11 12 1 1 11 12 1 1 11 12 1 1 11 12 1 1 11 12 1 1 11 12 1 1 11 12 1 1 11 12 1 1 11 12 1 1 11 12 1 1 11 12 1 1 11 12 1 1 11 12 1 1 11 12 1 1 10 12 1 10 100 12 1 1 10 12 1 10 12 1 10 12 1 10 12 1 1 10 12 1 1 10 12 1 10 7 12 1 1 10 12 1 1 11 7 1 10 12 1 7 1 10 100 12 1 1 1 10 7 12 1 1 1 9 12 1 10 7 12 1 1 1 11 7 12 1 1 1 10 12 1 1 10 12 1 1 9 100 12 1 1 10 100 12 1 1 1 10 12 1 1 100 1 1 1 1 1 1 1 1 1 1 1 1 1 1 1 1 1 1 1 1 1 1 1 1 1 1 1 1 1 1 1 1 1 1 1 1 1 1 1 100 1 1 1 1 1 1 1 1 1 1 1 1 1 1 1 1 1 1 1 1 1 1 1 1 1 1 1 1 1 1 1 1 100 1 1 1 1 1 1 1 1 100 1 1 100 1 1
ciInstanceKlass java/lang/reflect/Parameter 0 0 256 10 100 12 1 1 1 9 100 12 1 1 1 9 12 1 1 9 12 1 1 9 12 1 10 12 1 1 10 12 1 1 10 100 12 1 1 1 100 1 10 10 12 1 1 11 100 12 1 1 1 10 12 1 10 100 12 1 1 1 10 12 1 1 10 12 1 10 12 1 8 1 8 1 10 100 12 1 1 1 10 12 1 10 12 9 100 12 1 1 1 9 100 12 1 1 1 10 12 1 1 10 12 1 1 10 100 12 1 1 1 10 12 1 8 1 10 12 1 9 12 1 1 10 12 1 1 9 12 1 1 10 12 1 1 10 12 1 1 10 12 1 1 10 12 1 10 10 12 1 10 100 12 1 1 1 10 12 1 1 11 100 12 1 1 10 100 12 1 1 100 1 10 100 12 1 1 1 10 12 1 1 10 12 1 1 10 12 1 1 10 12 1 1 9 12 1 100 1 10 11 12 1 11 12 1 1 100 1 1 1 1 1 1 1 1 1 1 1 1 1 1 1 1 1 1 1 1 1 1 1 1 1 1 1 1 1 1 1 1 1 1 1 1 1 1 1 100 1 1 1 1 1 100 1 1
ciInstanceKlass java/lang/reflect/Array 1 1 83 10 100 12 1 1 1 10 7 12 1 1 1 10 12 1 1 1 1 1 1 1 1 1 1 1 1 1 1 1 100 1 1 1 1 1 100 1 1 1 1 1 1 1 1 100 1 1 1 1 1 1 1 1 1 1 1 1 1 1 1 1 1 1 1 1 1 1 1 1 1 1 1 1 1 1 1 1 1 1 1 1 1
ciMethod java/lang/reflect/Array newArray (Ljava/lang/Class;I)Ljava/lang/Object; 256 0 128 0 -1
ciMethod java/lang/reflect/Array newInstance (Ljava/lang/Class;I)Ljava/lang/Object; 332 0 3547 0 0
ciInstanceKlass java/lang/reflect/RecordComponent 0 0 196 10 100 12 1 1 1 9 100 12 1 1 1 9 12 1 1 9 12 1 10 12 1 1 10 12 1 1 10 100 12 1 1 1 10 12 1 1 9 12 1 1 10 12 1 1 10 12 1 1 10 12 1 10 100 12 1 1 10 100 12 1 1 9 12 1 1 10 100 12 1 1 1 11 100 12 1 1 1 10 9 100 12 1 1 1 10 100 12 1 1 1 9 12 1 1 10 100 12 1 1 1 10 12 1 1 11 100 12 1 1 10 100 12 1 1 100 1 9 12 1 9 12 1 1 9 12 1 10 100 12 1 1 1 10 12 1 1 10 12 1 1 100 1 10 10 12 1 10 12 1 1 8 1 10 12 1 10 12 1 9 12 1 100 1 1 1 1 1 1 1 1 1 1 1 1 1 1 1 1 1 1 1 1 1 1 100 1 1 1 1 1 1 100 1 1
ciInstanceKlass java/lang/StringBuffer 0 0 487 10 100 12 1 1 1 10 12 1 10 12 1 10 12 1 1 9 100 12 1 1 1 10 12 1 1 10 12 1 10 12 1 1 9 12 1 1 10 12 1 10 12 1 1 10 12 1 1 10 12 1 10 12 1 1 10 12 1 10 12 1 1 10 12 1 1 10 100 12 1 1 1 10 12 1 1 10 12 1 10 12 1 10 12 1 10 12 1 10 12 1 10 12 1 10 12 1 10 12 1 10 12 1 10 12 1 10 12 1 10 12 1 10 12 1 10 12 1 1 10 12 1 10 12 1 1 10 12 1 1 10 10 12 1 1 10 12 1 10 12 1 10 12 1 10 12 1 10 12 1 10 12 1 10 12 10 12 1 10 12 1 10 12 1 10 12 1 1 10 12 1 10 12 1 10 10 12 1 1 10 12 1 10 12 1 10 12 1 8 1 10 12 1 10 10 100 12 1 1 1 10 10 12 1 1 9 12 1 1 10 100 12 1 1 10 100 1 8 10 100 12 1 1 1 8 10 12 1 8 1 10 12 1 10 12 1 10 100 12 1 1 1 10 100 12 1 1 1 100 1 10 12 100 1 8 1 10 10 12 1 1 10 12 1 1 10 12 1 10 12 1 10 12 1 1 10 12 1 10 12 1 10 12 1 10 12 1 10 12 1 10 12 10 12 1 10 12 1 10 12 1 10 12 1 10 12 1 10 12 1 10 12 1 10 12 1 10 12 1 10 12 1 10 12 10 12 10 12 1 10 12 1 10 12 1 10 12 10 12 1 10 12 1 10 12 1 10 12 1 10 12 1 10 12 1 10 12 1 10 12 1 10 12 1 10 12 1 10 12 1 100 1 10 12 1 9 100 12 1 1 1 9 100 1 9 12 1 1 100 1 100 1 100 1 100 1 1 1 1 5 0 1 1 1 1 1 1 1 1 1 1 1 1 1 1 1 1 1 1 1 1 1 1 1 1 1 1 1 1 1 1 1 1 1 1 1 1 1 1 1 1 1 1 1 1 1 1 1 1 1 1 1 1 1 1 1 1 1 1 1 1 100 1 1 1 1 1 100 1 1 1 1 1 1 1 1 1 1 1 1 1 1 1 1 1 1
instanceKlass java/lang/StringBuilder
instanceKlass java/lang/StringBuffer
ciInstanceKlass java/lang/AbstractStringBuilder 1 1 662 7 1 10 7 12 1 1 1 9 7 12 1 1 1 9 12 1 9 12 1 1 9 12 1 1 10 7 12 1 1 1 10 12 1 1 100 1 3 3 10 12 1 10 12 1 1 10 12 1 1 11 7 1 100 1 100 1 10 8 1 10 12 1 10 12 1 10 12 1 1 10 12 1 10 12 1 9 12 1 10 12 1 9 12 1 1 10 7 12 1 1 1 10 10 12 1 10 12 1 10 12 1 1 9 12 1 100 1 8 1 10 12 1 10 12 1 1 8 1 10 7 12 1 1 1 10 12 1 1 8 1 10 7 12 1 1 1 100 1 8 1 10 100 1 10 12 1 10 12 1 1 10 100 12 1 1 1 10 12 1 1 10 12 1 1 10 12 1 1 10 12 1 1 10 7 12 1 1 1 10 12 1 100 1 10 10 100 12 1 1 1 9 12 1 1 9 12 1 10 12 1 1 10 10 12 1 1 10 12 1 1 10 12 1 1 10 12 1 1 10 12 1 1 10 12 1 1 10 12 1 1 10 12 1 10 10 10 12 1 10 12 1 1 10 8 1 10 12 1 1 10 12 1 10 12 1 10 12 1 10 10 7 12 1 1 1 10 12 1 1 10 12 1 10 12 1 10 12 1 10 12 100 1 9 12 1 1 9 12 1 10 12 1 1 100 1 9 12 1 9 12 10 12 1 10 12 1 1 10 12 1 1 10 12 1 10 12 1 1 10 12 1 10 12 1 1 10 12 1 1 10 10 7 12 1 1 1 10 12 1 10 12 1 10 12 1 1 10 12 1 10 12 1 1 10 12 1 10 12 1 10 12 1 10 12 1 10 12 1 10 12 1 10 12 1 10 12 1 1 10 12 1 10 12 1 10 12 10 12 1 1 18 12 1 1 100 1 10 100 12 1 1 1 18 10 12 1 1 10 12 1 1 10 12 1 10 12 1 10 12 1 1 10 12 1 10 12 1 1 11 12 1 1 10 12 1 10 12 1 1 10 12 1 10 12 1 10 12 1 10 5 0 10 100 1 8 1 10 10 12 1 1 10 100 12 1 1 1 10 12 1 10 12 1 1 100 1 10 12 100 1 10 100 1 10 10 7 12 1 1 100 1 1 1 1 1 1 1 1 1 1 1 100 1 1 1 1 1 1 1 1 1 1 1 1 1 1 1 1 1 1 1 1 1 1 1 1 1 1 1 1 1 1 1 1 1 1 1 1 1 1 1 1 1 1 1 1 1 1 1 1 1 1 1 1 100 1 1 1 1 1 1 1 1 1 1 1 1 1 1 1 1 1 1 1 1 1 1 1 1 1 1 1 1 1 1 1 1 1 1 1 1 1 1 1 1 1 1 1 1 1 1 1 1 1 1 1 1 1 1 1 1 1 1 1 1 1 1 1 100 1 1 1 1 1 1 100 1 1 1 1 1 1 100 1 1 16 1 15 10 12 16 15 10 12 15 10 100 12 1 1 1 1 1 1 1 100 1 100 1 1
staticfield java/lang/AbstractStringBuilder EMPTYVALUE [B 0
staticfield java/lang/AbstractStringBuilder $assertionsDisabled Z 1
ciInstanceKlass java/lang/StringBuilder 1 1 425 10 7 12 1 1 1 10 12 1 10 12 1 10 12 1 1 10 7 12 1 1 1 10 7 12 1 1 1 10 12 1 10 12 1 10 12 1 10 12 1 10 12 1 10 12 1 10 12 1 10 12 1 10 12 1 10 12 1 10 12 1 10 12 1 10 12 1 10 12 1 1 10 12 1 10 12 1 1 10 12 1 1 10 12 1 10 12 1 10 12 1 10 12 1 10 12 1 10 12 1 10 12 1 10 12 10 12 1 10 12 1 10 12 1 10 12 1 1 10 12 1 10 12 1 10 12 10 12 1 1 10 12 1 10 12 1 10 12 1 1 8 1 10 12 1 10 100 12 1 1 1 9 12 1 1 10 12 1 10 12 1 10 12 1 1 9 12 1 1 10 100 12 1 1 1 10 100 1 10 12 1 1 10 100 12 1 1 10 12 1 10 12 1 1 100 1 100 1 8 1 10 10 12 1 1 10 12 1 10 12 1 10 12 1 1 10 12 1 10 12 1 10 12 1 10 12 1 10 12 1 10 12 10 12 1 10 12 1 10 12 1 10 12 1 10 12 1 10 12 1 10 12 1 10 12 1 10 12 1 1 10 12 1 1 10 12 1 10 12 1 10 12 1 10 12 10 12 10 12 1 10 12 1 10 12 1 10 12 10 12 1 10 12 1 10 12 1 10 12 1 10 12 1 10 12 1 10 12 1 10 12 1 10 12 1 1 10 12 1 10 12 1 1 10 12 1 10 12 1 1 10 12 1 10 12 1 1 10 12 1 10 12 1 10 12 1 10 10 10 12 1 100 1 100 1 100 1 100 1 1 1 1 5 0 1 1 1 1 1 1 1 1 1 1 1 1 1 1 1 1 1 1 1 1 1 1 1 1 1 1 1 1 1 1 1 1 1 1 1 1 1 1 1 1 1 1 1 1 100 1 1 1 100 1 1 1 1 1 1 1 1 1 1 1
ciInstanceKlass java/security/CodeSource 1 1 396 10 7 12 1 1 1 9 7 12 1 1 1 9 12 1 1 9 12 1 1 9 12 1 1 10 7 12 1 1 1 9 12 1 1 10 100 12 1 1 10 100 10 100 12 1 1 1 10 12 1 1 10 12 1 1 100 1 10 10 100 12 1 1 1 10 100 12 1 1 1 10 12 1 1 100 1 10 12 1 1 10 12 1 1 10 12 1 1 10 12 1 10 10 100 1 10 12 1 1 10 100 12 1 1 1 10 12 1 1 10 12 1 10 12 1 8 1 10 12 1 10 12 1 10 12 1 1 10 12 1 8 1 10 12 1 1 10 100 1 10 10 12 1 1 8 1 10 12 1 10 12 1 10 12 1 8 1 8 1 9 12 1 1 100 1 8 1 10 12 1 10 12 1 1 8 1 10 12 1 8 1 8 1 8 1 10 100 12 1 1 10 12 1 1 10 12 1 10 12 1 1 10 12 1 1 10 12 1 1 100 1 100 1 10 12 1 10 12 10 12 1 1 10 100 12 1 1 10 12 1 100 1 10 12 10 100 12 1 1 1 10 8 1 10 12 1 10 12 1 1 100 1 10 12 1 1 100 1 100 1 8 1 8 1 10 10 12 1 1 10 100 12 1 1 1 100 1 10 12 10 12 1 1 11 100 12 1 1 10 10 12 1 11 10 12 1 8 1 100 1 10 12 1 10 12 1 1 10 12 1 11 12 1 1 100 1 1 1 1 5 0 1 1 1 1 1 1 1 1 1 1 1 1 1 1 1 1 1 1 1 1 1 1 1 1 1 1 1 1 1 1 1 1 1 1 1 1 1 1 1 1 1 1 1 1 1 1 1 1 1 1 1 1 1 1 1 1 1 1 1 1 1 1 1 1 1 1 100 1 1 1 1 1 1 1
ciInstanceKlass java/security/ProtectionDomain 1 1 141 10 7 12 1 1 1 9 7 12 1 1 1 9 12 1 1 9 12 1 1 10 7 12 1 1 7 1 9 12 1 9 12 1 1 7 1 9 12 1 1 9 12 1 10 100 12 1 1 10 100 12 1 1 1 10 12 1 1 10 12 1 8 1 100 1 8 1 10 12 1 10 11 12 1 1 10 100 12 1 1 1 10 12 1 1 8 1 11 8 1 10 12 1 8 1 8 1 8 1 10 12 1 8 1 8 1 1 1 1 1 1 1 1 100 1 1 100 1 1 1 1 1 1 1 1 1 1 1 1 1 1 1 1 1 1 1 100 1 1 1
instanceKlass com/sun/javafx/reflect/MethodUtil
instanceKlass java/net/URLClassLoader
instanceKlass jdk/internal/loader/BuiltinClassLoader
ciInstanceKlass java/security/SecureClassLoader 1 1 99 10 7 12 1 1 1 7 1 10 12 1 9 7 12 1 1 1 10 12 1 10 12 1 10 12 1 1 10 12 1 1 10 12 1 7 1 10 7 1 10 12 1 7 1 10 12 1 11 7 12 1 1 1 7 1 11 12 1 10 12 1 1 1 1 1 1 1 1 1 1 1 1 1 1 1 1 1 1 1 1 1 1 1 1 1 1 1 1 1 1 1 1 1 1 1 1 1 1
ciInstanceKlass java/net/URL 1 1 736 10 7 12 1 1 1 10 12 1 10 7 12 1 1 9 12 1 1 9 12 1 10 12 1 1 9 12 1 1 10 7 12 1 1 1 8 1 10 12 1 1 7 1 10 10 12 1 1 8 1 10 12 1 1 9 12 1 7 1 8 1 10 12 1 10 12 1 8 1 9 12 1 10 12 1 1 9 12 1 10 12 1 10 12 1 9 12 1 9 12 1 8 1 9 12 1 10 12 1 1 8 1 9 12 1 1 10 12 1 1 10 7 12 1 1 1 8 1 10 12 1 7 1 10 12 1 10 12 1 10 12 1 10 12 1 1 10 12 1 1 8 1 10 12 1 1 10 12 1 8 1 9 12 1 8 1 10 12 1 10 7 12 1 1 1 100 1 10 12 1 10 12 1 1 10 7 12 1 1 1 100 1 8 1 10 10 12 1 8 1 10 12 1 1 10 12 1 10 12 1 10 12 1 10 12 1 10 12 1 10 12 1 8 1 10 12 1 8 1 10 10 100 1 10 10 12 1 8 1 10 7 12 1 1 1 10 12 1 9 12 1 1 10 12 1 10 100 12 1 1 1 100 1 10 12 1 10 12 1 10 12 1 10 12 1 10 12 1 10 12 10 10 12 1 8 1 100 1 10 100 12 1 1 1 10 12 1 1 10 12 1 10 12 1 1 8 1 9 100 12 1 1 1 10 100 12 1 1 1 10 12 1 10 12 1 10 7 12 1 1 1 10 12 1 1 10 12 1 9 12 1 1 9 12 1 1 100 1 8 1 10 9 12 1 1 10 7 12 1 1 8 1 10 7 12 1 1 8 1 10 12 1 1 10 12 1 8 1 8 1 10 7 12 1 1 1 100 1 10 7 12 1 1 1 10 12 1 10 12 1 9 7 12 1 1 1 10 7 12 1 1 10 12 1 1 10 12 1 8 1 7 1 10 7 12 1 1 1 10 12 1 1 11 7 12 1 1 11 12 1 10 12 1 10 12 1 8 9 7 12 1 1 1 10 12 1 1 10 12 1 10 12 1 1 10 7 12 1 1 11 7 1 10 12 1 10 12 1 9 12 1 10 12 1 1 10 100 12 1 1 10 100 12 1 1 1 8 10 100 12 1 1 100 1 10 8 8 10 12 1 8 8 8 100 1 10 12 1 9 12 1 1 10 12 1 10 12 1 1 10 12 1 10 12 10 12 1 1 10 12 1 1 10 10 10 12 1 10 12 1 10 12 1 10 12 1 10 12 1 10 10 12 1 100 1 8 1 10 10 10 12 1 1 10 12 1 10 12 1 1 8 1 7 1 10 10 7 1 10 12 1 9 7 12 1 1 1 9 12 1 1 7 1 10 10 7 12 1 1 1 100 1 1 1 1 1 5 0 1 1 1 1 1 1 1 1 1 1 1 1 1 1 1 1 1 1 1 1 1 1 1 1 1 1 1 1 1 1 1 1 1 1 1 1 1 1 1 1 1 1 1 1 1 1 100 1 1 1 1 1 1 1 1 1 1 1 1 1 1 1 1 1 1 1 1 1 1 1 1 1 1 1 1 1 1 1 1 1 1 1 1 100 1 1 1 1 1 1 1 1 1 1 1 1 1 1 1 1 1 1 1 1 1 1 1 100 1 1 1 1 1 1 1 1 1 1 1 1 1 1 1 1 1 1 1
staticfield java/net/URL defaultFactory Ljava/net/URLStreamHandlerFactory; java/net/URL$DefaultFactory
staticfield java/net/URL handlers Ljava/util/Hashtable; java/util/Hashtable
staticfield java/net/URL streamHandlerLock Ljava/lang/Object; java/lang/Object
staticfield java/net/URL serialPersistentFields [Ljava/io/ObjectStreamField; 7 [Ljava/io/ObjectStreamField;
ciInstanceKlass java/util/jar/Manifest 1 1 320 10 7 12 1 1 1 7 1 10 9 7 12 1 1 1 7 1 10 9 12 1 1 9 12 1 1 10 12 1 10 12 1 1 10 12 1 1 10 12 1 1 10 12 1 1 11 7 1 11 12 1 1 10 12 1 1 10 100 12 1 1 1 100 1 100 1 10 8 1 10 12 1 1 10 12 1 1 10 12 1 10 12 1 11 100 1 10 12 1 10 12 1 1 11 12 1 1 10 12 1 11 12 1 1 11 100 12 1 1 1 11 100 12 1 1 11 12 1 1 100 1 10 12 1 8 1 11 12 1 100 1 10 12 1 1 11 12 1 10 12 1 10 12 1 10 9 100 12 1 1 1 10 12 1 1 10 100 12 1 10 12 1 10 12 1 9 100 12 1 1 1 8 1 10 12 1 8 1 8 1 7 1 10 12 1 10 12 1 10 12 1 1 100 1 8 1 10 12 1 1 8 1 10 10 12 1 1 8 1 10 12 1 1 10 100 12 1 1 1 10 12 1 10 11 12 1 1 10 12 1 1 10 100 12 1 1 1 10 12 1 1 10 12 1 10 12 1 1 11 10 12 1 11 10 12 1 100 1 1 1 1 1 1 1 1 1 1 1 1 1 1 1 1 1 1 1 1 1 1 1 1 1 1 1 1 1 1 1 1 1 1 1 100 1 1 1 1 1 1 1 1 1 1 1 1 1 1 100 1 1 1 1 1 1 1 1 1 1 1
ciInstanceKlass java/io/ByteArrayInputStream 1 1 135 10 7 12 1 1 1 9 7 12 1 1 1 9 12 1 1 9 12 1 9 12 1 10 100 12 1 1 1 10 7 12 1 1 1 10 7 12 1 1 1 10 100 12 1 1 1 10 12 1 1 10 100 12 1 1 1 100 1 100 1 100 1 3 10 100 1 10 100 12 1 1 1 9 12 1 1 100 1 10 10 7 12 1 1 1 1 1 1 1 1 1 1 1 1 1 1 1 1 1 1 1 1 1 1 1 1 1 1 1 1 1 1 1 1 1 1 1 100 1 100 1 1 1 1 1 1 1 1 1 1 1 1 1 1
staticfield java/io/ByteArrayInputStream $assertionsDisabled Z 1
instanceKlass java/nio/DoubleBuffer
instanceKlass java/nio/ShortBuffer
instanceKlass java/nio/FloatBuffer
instanceKlass java/nio/IntBuffer
instanceKlass java/nio/CharBuffer
instanceKlass java/nio/LongBuffer
instanceKlass java/nio/ByteBuffer
ciInstanceKlass java/nio/Buffer 1 1 259 100 1 10 7 12 1 1 1 9 7 12 1 1 1 9 12 1 9 12 1 1 9 12 1 9 12 1 1 10 12 1 1 10 12 1 1 10 12 100 1 100 1 10 8 1 10 12 1 1 10 12 1 8 1 8 1 10 12 1 1 10 12 1 8 1 9 12 1 1 100 1 8 1 10 12 1 8 1 8 1 9 12 10 12 1 8 1 8 1 8 1 10 12 1 8 1 8 1 8 1 100 1 10 100 1 10 100 1 10 9 12 1 1 10 7 12 1 1 1 100 1 10 12 1 1 10 12 1 10 100 12 1 1 10 7 12 1 1 1 10 7 12 1 1 1 9 12 1 1 10 7 12 1 1 1 9 12 1 1 7 1 10 10 12 1 1 7 1 10 10 7 12 1 1 1 1 1 3 1 1 1 1 1 1 1 1 1 1 1 1 1 1 100 1 1 1 1 1 1 1 100 1 1 1 1 1 1 1 1 1 1 1 1 1 1 1 1 1 1 1 1 1 1 1 1 1 1 1 1 1 1 1 1 1 1 1 1 1 1 1 1 1 1 100 1 100 1 100 1 100 1 100 1 100 1 100 1 1
staticfield java/nio/Buffer UNSAFE Ljdk/internal/misc/Unsafe; jdk/internal/misc/Unsafe
staticfield java/nio/Buffer SCOPED_MEMORY_ACCESS Ljdk/internal/misc/ScopedMemoryAccess; jdk/internal/misc/ScopedMemoryAccess
staticfield java/nio/Buffer IOOBE_FORMATTER Ljava/util/function/BiFunction; jdk/internal/util/Preconditions$4
staticfield java/nio/Buffer $assertionsDisabled Z 1
ciInstanceKlass java/lang/AssertionStatusDirectives 0 0 24 10 100 12 1 1 1 100 1 1 1 1 1 1 1 1 1 1 1 1 1 1 1 1
instanceKlass jdk/internal/misc/ThreadTracker$ThreadRef
instanceKlass java/nio/DirectByteBuffer$Deallocator
instanceKlass sun/util/locale/LanguageTag
instanceKlass jdk/internal/classfile/impl/StackCounter$Target
instanceKlass jdk/internal/classfile/impl/StackMapDecoder$StackMapFrameImpl
instanceKlass jdk/internal/classfile/impl/StackMapDecoder$ObjectVerificationTypeInfoImpl
instanceKlass java/lang/reflect/Proxy$ProxyBuilder$ProxyClassContext
instanceKlass java/lang/ClassValue$Version
instanceKlass java/util/Formatter$FixedString
instanceKlass java/lang/invoke/StringConcatFactory$InlineHiddenClassStrategy$MethodHandlePair
instanceKlass java/security/SecureClassLoader$CodeSourceKey
instanceKlass jdk/internal/module/ModuleReferenceImpl$CachedHash
instanceKlass java/util/zip/ZipFile$EntryPos
instanceKlass java/util/stream/Collectors$CollectorImpl
instanceKlass java/lang/invoke/MethodHandles$Lookup$ClassDefiner
instanceKlass jdk/internal/classfile/impl/ClassHierarchyImpl$ClassHierarchyInfoImpl
instanceKlass java/lang/classfile/ClassHierarchyResolver$1Factory
instanceKlass jdk/internal/classfile/impl/RawBytecodeHelper$CodeRange
instanceKlass jdk/internal/classfile/impl/StackMapGenerator$Type
instanceKlass jdk/internal/classfile/impl/Util$1WithCodeMethodHandler
instanceKlass jdk/internal/classfile/impl/DirectCodeBuilder$DeferredLabel
instanceKlass java/lang/invoke/InvokerBytecodeGenerator$ClassData
instanceKlass jdk/internal/classfile/impl/AnnotationImpl
instanceKlass sun/nio/fs/WindowsPathParser$Result
instanceKlass jdk/internal/reflect/ReflectionFactory$Config
instanceKlass jdk/internal/foreign/abi/UpcallLinker$CallRegs
instanceKlass jdk/internal/foreign/abi/VMStorage
ciInstanceKlass java/lang/Record 1 1 22 10 7 12 1 1 1 100 1 1 1 1 1 1 1 1 1 1 1 1 1 1
ciInstanceKlass java/util/concurrent/ConcurrentHashMap 1 1 1219 100 1 7 1 10 7 12 1 1 1 10 12 1 1 9 12 1 1 3 10 7 12 1 1 1 3 100 1 10 7 12 1 1 1 100 1 10 100 12 1 1 1 100 1 11 12 1 1 11 12 1 11 12 1 1 9 12 1 1 9 12 1 9 12 1 1 10 7 12 1 1 1 7 1 10 12 1 1 10 12 1 1 10 7 12 1 1 1 4 10 12 1 11 7 12 1 1 10 12 1 10 12 1 1 100 1 10 5 0 10 12 1 9 12 1 10 12 1 1 5 0 10 12 1 10 12 1 9 12 1 1 10 12 1 1 9 12 1 9 12 1 1 10 12 1 1 9 12 1 10 12 1 1 9 12 1 1 10 12 1 1 100 1 10 100 1 10 12 1 10 12 1 1 10 12 1 1 10 12 1 1 10 12 1 10 12 1 1 10 12 1 1 100 1 10 12 1 1 7 1 100 1 8 1 10 12 1 10 12 1 1 10 12 1 1 10 10 12 1 11 12 1 1 11 7 12 1 1 1 11 7 12 1 1 1 11 12 1 7 1 11 12 1 11 12 1 10 12 1 1 10 12 1 1 9 12 1 1 10 100 12 1 1 1 9 10 12 1 1 9 12 1 10 12 1 1 5 0 9 12 1 1 7 1 10 12 1 9 12 1 1 7 1 10 12 1 9 12 1 7 1 10 100 1 10 10 12 1 1 8 1 10 12 1 10 12 1 1 11 100 1 10 12 1 10 100 12 1 1 1 8 1 10 100 12 1 1 1 8 1 10 12 1 8 1 10 12 1 10 12 1 1 10 100 12 1 1 10 12 1 10 12 1 10 12 1 9 12 1 9 10 12 1 9 12 1 11 100 12 1 1 1 11 7 12 1 1 1 100 1 10 12 11 100 12 1 1 10 11 7 12 1 10 12 1 100 1 10 12 1 100 1 10 10 9 7 12 1 1 1 3 10 100 12 1 1 9 12 1 10 12 1 1 9 12 1 1 9 12 1 10 12 1 1 10 100 12 1 1 9 12 1 9 7 12 1 1 10 12 1 1 10 12 1 3 9 12 1 9 12 1 10 12 1 1 7 1 9 3 100 1 10 12 1 9 12 1 10 12 1 9 12 1 10 12 1 9 12 1 10 100 12 1 1 1 100 10 12 1 100 1 5 0 10 100 12 1 1 100 1 10 12 1 1 10 12 1 10 12 1 100 1 10 12 1 10 100 1 100 1 10 10 12 1 10 100 1 10 12 1 10 100 1 10 12 1 10 100 1 10 12 1 1 100 1 10 12 1 10 10 12 1 100 1 10 12 1 10 10 12 1 100 1 10 12 1 10 100 1 10 12 1 10 100 1 10 12 1 10 100 1 10 12 1 10 100 1 10 12 1 10 100 1 10 12 1 10 100 1 10 12 1 10 100 1 10 12 1 10 100 1 10 10 100 1 10 10 100 1 10 10 100 1 10 12 1 10 100 1 10 12 1 10 100 1 10 12 1 10 100 1 10 12 1 10 100 1 10 12 1 10 100 1 10 10 100 1 10 10 100 1 10 10 100 1 10 12 1 10 100 1 10 12 1 10 100 1 10 12 1 10 100 1 10 12 1 10 100 1 10 12 1 10 10 12 1 10 12 1 7 1 7 1 10 12 1 9 12 1 1 9 12 1 1 10 12 1 1 8 10 12 1 1 8 8 8 8 7 10 12 1 1 10 12 1 1 100 1 8 1 10 7 1 100 1 100 1 1 1 5 0 1 1 3 1 3 1 1 1 1 3 1 3 1 3 1 1 1 1 1 3 1 3 1 3 1 1 1 1 1 1 1 1 1 1 1 1 1 1 1 1 1 1 1 1 1 1 1 1 1 1 1 100 1 1 1 1 1 1 1 1 1 1 1 1 1 1 1 1 1 1 1 1 1 1 1 1 1 1 1 1 1 1 1 1 1 1 1 1 1 1 1 1 1 1 1 1 1 1 1 1 1 1 1 1 1 1 1 1 1 1 1 1 1 1 1 1 1 1 1 1 1 1 1 1 1 1 1 1 1 1 1 1 1 1 1 1 100 1 1 1 1 1 1 1 1 1 1 1 100 1 1 1 1 1 1 1 1 1 1 1 1 1 1 1 1 1 1 1 1 1 1 1 1 1 1 1 1 1 1 1 1 1 1 1 1 1 1 1 1 1 1 1 1 1 1 1 1 1 1 1 1 1 1 1 1 1 1 1 1 1 1 1 1 1 1 1 1 1 1 1 1 1 1 1 1 1 1 1 1 1 1 1 1 1 1 1 1 1 1 1 1 1 1 1 1 1 1 1 1 1 1 1 1 1 1 1 1 1 1 1 1 1 1 1 1 1 1 1 1 1 1 1 1 1 1 1 1 1 1 1 1 1 1 1 1 1 1 1 1 1 1 1 1 1 1 1 1 1 1 1 1 1 1 1 1 1 1 1 1 1 1 1 1 1 1 1 1 1 1 1 1 1 1 1 1 1 1 1 1 1 1 1 1 1 1 1 1 1 1 1 1 1 1 1 1 1 1 1 1 1 1 1 1 1 1 1 1 1 1 1 1 1 1 1 1 1 1 1 1 1 1 1 100 1 100 1 100 1 100 1 100 1 100 1 100 1 100 1 100 1 1 1 1 1 1 1 1 1 1 1 1 1 1 1 1 1 1 1 1 1 1 1 1 1 1 1 1 1 1 1 1 1 1 1 1 1 1 1 1 1 1 1 1 1 1 1 1 1 1 1 1 1 1 1 1 1 1
staticfield java/util/concurrent/ConcurrentHashMap serialPersistentFields [Ljava/io/ObjectStreamField; 3 [Ljava/io/ObjectStreamField;
staticfield java/util/concurrent/ConcurrentHashMap U Ljdk/internal/misc/Unsafe; jdk/internal/misc/Unsafe
staticfield java/util/concurrent/ConcurrentHashMap SIZECTL J 44
staticfield java/util/concurrent/ConcurrentHashMap TRANSFERINDEX J 56
staticfield java/util/concurrent/ConcurrentHashMap BASECOUNT J 48
staticfield java/util/concurrent/ConcurrentHashMap CELLSBUSY J 60
staticfield java/util/concurrent/ConcurrentHashMap CELLVALUE J 144
staticfield java/util/concurrent/ConcurrentHashMap ABASE J 16
staticfield java/util/concurrent/ConcurrentHashMap ASHIFT I 2
instanceKlass sun/awt/SoftCache
instanceKlass java/util/Collections$SingletonMap
instanceKlass java/util/concurrent/ConcurrentSkipListMap
instanceKlass com/sun/javafx/collections/UnmodifiableObservableMap
instanceKlass com/sun/javafx/fxml/BeanAdapter
instanceKlass javafx/collections/FXCollections$EmptyObservableMap
instanceKlass java/util/TreeMap
instanceKlass java/util/stream/Collectors$Partition
instanceKlass java/util/IdentityHashMap
instanceKlass java/util/EnumMap
instanceKlass java/util/WeakHashMap
instanceKlass java/util/Collections$EmptyMap
instanceKlass sun/util/PreHashedMap
instanceKlass java/util/HashMap
instanceKlass java/util/ImmutableCollections$AbstractImmutableMap
instanceKlass java/util/concurrent/ConcurrentHashMap
ciInstanceKlass java/util/AbstractMap 1 1 198 10 7 12 1 1 1 10 7 12 1 1 1 11 7 12 1 1 1 10 11 12 1 1 11 7 12 1 1 1 11 12 1 1 7 1 11 12 1 10 12 1 1 11 12 1 7 1 10 11 12 1 11 7 1 10 12 1 1 11 12 1 9 12 1 1 100 1 10 12 1 9 12 1 1 100 1 10 11 11 12 1 1 11 12 1 100 1 100 1 11 12 1 8 1 100 1 10 10 12 1 1 8 1 10 12 1 10 12 1 1 10 12 1 1 1 1 1 1 1 1 1 1 1 1 1 1 1 1 1 1 1 1 1 1 1 1 1 1 1 1 1 1 1 1 1 1 1 1 1 1 1 1 100 1 1 1 1 1 1 1 100 1 1 1 1 1 1 1 1 1 100 1 1 1 1 1 1 1 1 1 100 1 100 1 100 1 100 1 100 1 1 1 1 1 1 1 1
ciInstanceKlass java/util/concurrent/ConcurrentMap 1 1 201 11 100 12 1 1 1 10 100 12 1 1 11 12 1 1 11 100 12 1 1 1 11 100 12 1 1 1 11 12 1 1 100 1 11 12 1 11 12 1 100 1 11 100 12 1 1 1 18 12 1 11 12 1 1 11 100 12 1 1 11 12 1 1 11 100 12 1 11 12 1 1 11 12 1 1 100 1 100 1 1 1 1 1 1 1 1 1 1 1 1 1 1 1 1 1 1 1 1 1 1 1 1 1 1 1 1 1 1 1 1 1 1 1 1 1 1 1 1 1 1 1 1 1 1 1 1 1 1 1 1 1 1 1 1 1 1 1 1 16 15 11 12 15 10 100 12 1 1 1 1 1 100 1 100 1 1 1 100 1 8 1 1 12 10 1 8 1 1 1 8 1 8 1 1 8 1 1 1 8 1 1 1 8 1 1 8 1 8 1 1 1 8 1 1 8 1 1 1 8 1
ciInstanceKlass java/util/Collection 1 1 115 11 100 12 1 1 1 100 1 11 7 12 1 1 1 10 100 12 1 1 1 11 12 1 1 11 100 12 1 1 1 11 12 1 1 11 100 12 1 1 1 11 12 1 1 10 100 12 1 1 1 11 12 1 10 7 12 1 1 1 100 1 100 1 1 1 1 1 1 1 1 1 1 1 1 1 1 1 1 1 1 1 1 1 1 1 1 1 1 1 1 1 1 1 1 1 1 1 1 1 1 1 1 1 1 1 1 1 1 1 1 1 1 1 1
instanceKlass jdk/internal/loader/ClassLoaders$BootClassLoader
instanceKlass jdk/internal/loader/ClassLoaders$PlatformClassLoader
instanceKlass jdk/internal/loader/ClassLoaders$AppClassLoader
ciInstanceKlass jdk/internal/loader/BuiltinClassLoader 1 1 652 9 7 12 1 1 1 10 7 12 1 1 1 10 7 12 1 1 1 9 12 1 1 9 12 1 1 7 1 10 12 1 9 12 1 10 12 1 9 12 1 10 7 12 1 1 1 10 7 12 1 1 1 10 7 12 1 1 1 11 7 12 1 1 1 100 1 100 1 10 10 12 1 1 8 1 10 12 1 10 12 7 1 10 12 1 10 12 1 1 11 7 12 1 1 1 11 7 12 1 1 1 11 12 1 1 7 1 8 1 8 1 10 9 12 1 1 10 7 12 1 1 11 12 1 1 10 12 1 1 10 12 1 1 10 12 1 1 11 7 12 1 1 1 10 7 12 1 1 7 1 10 100 12 1 1 1 10 7 12 1 1 1 10 12 1 10 12 1 100 1 8 1 10 12 1 1 10 8 1 10 12 1 1 10 12 1 1 10 12 1 1 11 7 12 1 1 11 12 1 7 1 10 11 12 1 1 11 10 12 1 1 7 1 10 12 1 10 7 12 1 10 12 1 11 12 1 1 11 7 1 11 12 1 7 1 10 12 1 1 100 1 100 1 11 12 1 1 10 12 1 10 12 10 12 1 10 7 12 1 1 1 7 1 10 10 12 1 1 10 12 1 1 10 12 1 1 10 12 1 9 12 1 1 100 1 10 10 12 1 1 10 12 1 1 10 12 1 10 12 10 12 1 1 10 12 1 1 10 12 1 1 10 12 1 10 12 1 1 10 12 1 1 10 12 1 10 12 1 1 10 12 1 7 1 10 12 10 7 12 1 1 1 10 12 1 11 12 1 7 1 10 12 1 7 1 100 1 10 12 1 10 12 1 11 12 1 1 10 12 1 1 10 12 1 1 10 12 1 1 10 12 1 1 10 12 1 10 12 1 10 12 1 10 12 1 8 1 10 12 1 1 10 7 12 1 1 10 12 1 100 1 8 1 8 1 10 10 12 1 8 1 8 1 10 7 12 1 1 1 11 7 12 1 1 1 9 7 12 1 1 1 10 7 12 1 1 1 9 12 1 9 12 1 9 12 1 9 12 1 9 12 1 9 12 1 10 7 12 1 1 1 8 1 10 12 1 7 1 10 11 12 1 1 10 12 10 12 1 10 12 1 100 1 10 12 1 10 12 1 11 11 12 1 10 7 12 1 1 10 7 12 1 1 8 1 10 7 12 1 1 10 12 1 1 1 1 1 1 1 1 1 1 1 1 1 1 1 1 1 1 1 1 1 1 1 1 1 1 1 1 1 1 1 1 1 1 1 1 1 1 1 1 1 1 1 1 1 1 1 1 1 1 1 1 1 1 1 100 1 1 1 1 1 1 1 1 1 1 1 1 1 100 1 100 1 1 1 1 1 1 1 1 1 1 1 1 1 1 1 1 1 1 1 1 1 1 1 1 1 1 1 1 1 1 1 1 1 1 1 1 1 1 1 1 1 1 1 1 1 1 1 100 1 1 1 100 1 1 1 1 1
staticfield jdk/internal/loader/BuiltinClassLoader packageToModule Ljava/util/Map; java/util/concurrent/ConcurrentHashMap
staticfield jdk/internal/loader/BuiltinClassLoader $assertionsDisabled Z 1
ciInstanceKlass jdk/internal/loader/ClassLoaders$AppClassLoader 1 1 57 8 1 10 7 12 1 1 1 10 100 12 1 1 1 10 12 1 1 10 7 12 1 1 1 100 1 10 12 1 1 1 1 1 1 1 1 1 1 1 1 1 1 1 1 1 1 1 1 1 1 1 1 100 1 1 1
ciInstanceKlass jdk/internal/loader/ClassLoaders$PlatformClassLoader 1 1 42 8 1 10 7 12 1 1 1 10 7 12 1 1 1 100 1 10 12 1 100 1 1 1 1 1 1 1 1 1 1 1 1 1 1 100 1 1 1 100 1 1
ciInstanceKlass java/lang/ArithmeticException 1 1 26 10 100 12 1 1 1 10 12 1 100 1 1 1 1 5 0 1 1 1 1 1 1 1 1 1
instanceKlass org/bridj/demangling/Demangler$DemanglingException
instanceKlass java/util/concurrent/TimeoutException
instanceKlass javafx/css/CssParser$ParseException
instanceKlass javafx/scene/transform/NonInvertibleTransformException
instanceKlass java/lang/CloneNotSupportedException
instanceKlass java/security/PrivilegedActionException
instanceKlass java/net/URISyntaxException
instanceKlass javax/xml/stream/XMLStreamException
instanceKlass com/sun/javafx/geom/transform/NoninvertibleTransformException
instanceKlass java/util/concurrent/ExecutionException
instanceKlass java/security/GeneralSecurityException
instanceKlass java/io/IOException
instanceKlass java/lang/InterruptedException
instanceKlass java/lang/ReflectiveOperationException
instanceKlass java/lang/RuntimeException
ciInstanceKlass java/lang/Exception 1 1 40 10 7 12 1 1 1 10 12 1 10 12 1 10 12 1 10 12 1 100 1 1 1 1 5 0 1 1 1 1 1 1 1 1 1 1 1 1 1 1
instanceKlass java/util/concurrent/RejectedExecutionException
instanceKlass com/github/sarxos/webcam/WebcamException
instanceKlass java/util/ConcurrentModificationException
instanceKlass com/sun/javafx/geom/IllegalPathStateException
instanceKlass java/util/MissingResourceException
instanceKlass javafx/scene/media/MediaException
instanceKlass com/sun/media/jfxmedia/MediaException
instanceKlass java/lang/reflect/UndeclaredThrowableException
instanceKlass com/sun/javafx/fxml/PropertyNotFoundException
instanceKlass java/util/NoSuchElementException
instanceKlass com/sun/javafx/geom/transform/SingularMatrixException
instanceKlass java/lang/UnsupportedOperationException
instanceKlass java/lang/SecurityException
instanceKlass java/lang/IllegalStateException
instanceKlass java/lang/IllegalArgumentException
instanceKlass java/lang/IndexOutOfBoundsException
instanceKlass java/lang/ArithmeticException
instanceKlass java/lang/NullPointerException
instanceKlass java/lang/IllegalCallerException
instanceKlass java/lang/IllegalMonitorStateException
instanceKlass java/lang/ArrayStoreException
instanceKlass java/lang/ClassCastException
ciInstanceKlass java/lang/RuntimeException 1 1 40 10 7 12 1 1 1 10 12 1 10 12 1 10 12 1 10 12 1 100 1 1 1 1 5 0 1 1 1 1 1 1 1 1 1 1 1 1 1 1
ciInstanceKlass java/lang/ArrayIndexOutOfBoundsException 1 1 45 10 100 12 1 1 1 10 12 1 100 1 10 8 1 10 12 1 1 10 12 1 10 12 1 1 100 1 1 1 1 5 0 1 1 1 1 1 1 1 1 1 1 1 1
ciInstanceKlass java/lang/ArrayStoreException 1 1 26 10 100 12 1 1 1 10 12 1 100 1 1 1 1 5 0 1 1 1 1 1 1 1 1 1
ciInstanceKlass java/lang/ClassCastException 1 1 26 10 100 12 1 1 1 10 12 1 100 1 1 1 1 5 0 1 1 1 1 1 1 1 1 1
ciInstanceKlass java/lang/ClassNotFoundException 1 1 96 7 1 10 7 12 1 1 1 10 12 1 10 12 1 1 10 100 12 1 1 1 8 1 10 100 12 1 1 1 10 7 12 1 1 10 100 12 1 1 1 10 100 12 1 1 1 10 12 1 1 7 1 10 12 1 9 12 1 1 1 1 1 5 0 1 1 1 1 1 1 1 1 1 1 1 1 1 1 1 1 1 1 100 1 1 1 1 1 1 1 1 1 1 1 1
staticfield java/lang/ClassNotFoundException serialPersistentFields [Ljava/io/ObjectStreamField; 1 [Ljava/io/ObjectStreamField;
instanceKlass java/lang/InstantiationException
instanceKlass java/lang/reflect/InvocationTargetException
instanceKlass java/lang/IllegalAccessException
instanceKlass java/lang/NoSuchFieldException
instanceKlass java/lang/NoSuchMethodException
instanceKlass java/lang/ClassNotFoundException
ciInstanceKlass java/lang/ReflectiveOperationException 1 1 34 10 7 12 1 1 1 10 12 1 10 12 1 10 12 1 100 1 1 1 1 5 0 1 1 1 1 1 1 1 1 1 1 1
instanceKlass java/nio/charset/UnsupportedCharsetException
instanceKlass java/nio/charset/IllegalCharsetNameException
instanceKlass java/lang/NumberFormatException
ciInstanceKlass java/lang/IllegalArgumentException 1 1 35 10 7 12 1 1 1 10 12 1 10 12 1 10 12 1 100 1 1 1 1 5 0 1 1 1 1 1 1 1 1 1 1 1 1
ciInstanceKlass java/lang/IllegalCallerException 0 0 35 10 100 12 1 1 1 10 12 1 10 12 1 10 12 1 100 1 1 1 1 5 0 1 1 1 1 1 1 1 1 1 1 1 1
ciInstanceKlass java/lang/IllegalMonitorStateException 1 1 26 10 100 12 1 1 1 10 12 1 100 1 1 1 1 5 0 1 1 1 1 1 1 1 1 1
ciInstanceKlass java/lang/BootstrapMethodError 0 0 45 10 100 12 1 1 1 10 12 1 10 12 1 10 100 12 1 1 1 10 100 12 1 1 1 1 1 1 5 0 1 1 1 1 1 1 1 1 1 1 1 100 1 1 1
instanceKlass org/bridj/NativeError
instanceKlass java/lang/AssertionError
instanceKlass java/lang/VirtualMachineError
instanceKlass java/lang/LinkageError
ciInstanceKlass java/lang/Error 1 1 58 10 7 12 1 1 1 9 12 1 1 10 100 12 1 1 1 10 100 12 1 1 1 10 12 1 10 12 1 10 12 1 10 12 1 100 1 1 1 1 5 0 1 1 1 1 1 1 1 1 100 1 1 1 1 1 1 1
instanceKlass java/lang/UnsatisfiedLinkError
instanceKlass java/lang/IncompatibleClassChangeError
instanceKlass java/lang/BootstrapMethodError
instanceKlass java/lang/NoClassDefFoundError
ciInstanceKlass java/lang/LinkageError 1 1 31 10 7 12 1 1 1 10 12 1 10 12 1 100 1 1 1 1 5 0 1 1 1 1 1 1 1 1 1 1 1
ciInstanceKlass java/lang/NullPointerException 1 1 52 10 7 12 1 1 1 10 12 1 9 7 12 1 1 1 10 12 1 1 9 12 1 1 10 12 1 1 10 12 1 1 1 1 5 0 1 1 1 1 1 1 1 1 100 1 100 1 100 1 1 1
ciInstanceKlass java/lang/InternalError 1 1 34 10 100 12 1 1 1 10 12 1 10 12 1 10 12 1 100 1 1 1 1 5 0 1 1 1 1 1 1 1 1 1 1 1
instanceKlass java/lang/StackOverflowError
instanceKlass java/lang/OutOfMemoryError
instanceKlass java/lang/InternalError
ciInstanceKlass java/lang/VirtualMachineError 1 1 34 10 100 12 1 1 1 10 12 1 10 12 1 10 12 1 100 1 1 1 1 5 0 1 1 1 1 1 1 1 1 1 1 1
ciInstanceKlass java/lang/NoClassDefFoundError 1 1 26 10 7 12 1 1 1 10 12 1 100 1 1 1 1 5 0 1 1 1 1 1 1 1 1 1
ciInstanceKlass java/lang/OutOfMemoryError 1 1 26 10 100 12 1 1 1 10 12 1 100 1 1 1 1 5 0 1 1 1 1 1 1 1 1 1
ciInstanceKlass java/lang/StackOverflowError 1 1 26 10 100 12 1 1 1 10 12 1 100 1 1 1 1 5 0 1 1 1 1 1 1 1 1 1
ciInstanceKlass java/lang/StackTraceElement 1 1 235 10 7 12 1 1 1 10 7 12 1 1 9 12 1 1 9 12 1 1 9 12 1 9 12 1 8 1 10 100 12 1 1 1 100 1 9 12 1 8 1 9 12 1 9 12 1 9 12 1 1 10 12 1 1 10 12 1 8 1 10 100 12 1 1 1 100 1 10 12 1 10 12 1 1 10 12 1 10 12 1 1 10 12 1 10 12 1 10 10 12 1 8 1 10 12 1 10 12 1 1 10 12 1 1 10 12 1 10 12 1 10 12 1 9 12 1 1 10 7 12 1 1 1 10 12 1 1 7 1 10 12 1 1 10 7 12 1 1 10 7 12 1 1 1 10 7 12 1 1 10 7 12 1 1 10 10 12 1 1 10 12 1 1 10 12 1 1 10 12 1 100 1 1 1 1 1 1 1 3 1 3 1 1 5 0 1 1 1 1 1 1 1 1 1 1 1 1 1 1 1 1 1 1 1 1 1 1 1 1 1 1 1 1 1 100 1 100 1 1 1 1 1 1 1 100 1 1 1 1 1 1 1 1 1
instanceKlass java/util/concurrent/locks/AbstractQueuedLongSynchronizer
instanceKlass java/util/concurrent/locks/AbstractQueuedSynchronizer
ciInstanceKlass java/util/concurrent/locks/AbstractOwnableSynchronizer 1 1 32 10 7 12 1 1 1 9 7 12 1 1 1 100 1 1 1 1 5 0 1 1 1 1 1 1 1 1 1 1 1 1
ciInstanceKlass jdk/internal/vm/Continuation 1 1 551 9 7 12 1 1 1 9 12 1 9 12 1 9 12 1 100 1 100 1 10 12 1 1 8 1 10 12 1 1 10 12 1 10 12 1 1 10 12 1 9 7 12 1 1 1 11 100 12 1 1 1 10 100 1 9 12 1 1 9 12 1 1 10 8 1 10 12 1 9 12 1 1 10 11 12 1 1 100 1 10 100 12 1 1 1 10 12 1 1 10 12 1 10 12 1 1 11 12 1 1 9 12 1 1 10 12 1 1 18 12 1 1 10 100 12 1 1 1 100 1 10 12 1 11 100 12 1 1 1 10 12 1 9 12 1 10 12 1 1 100 1 8 1 10 12 1 10 12 1 1 9 12 1 1 11 12 1 1 9 12 1 1 8 1 10 11 12 1 1 11 12 1 1 10 12 1 1 10 12 1 1 9 12 1 10 12 1 10 10 12 1 8 1 10 12 1 8 1 8 1 10 7 12 1 1 1 10 100 12 1 1 1 10 12 1 9 12 1 11 12 1 100 1 10 12 1 10 12 1 1 9 12 1 1 100 1 10 12 1 1 9 12 1 1 10 12 1 10 12 1 11 100 12 1 1 10 7 1 10 12 1 8 1 10 12 1 1 9 12 1 1 10 7 12 1 1 8 1 8 1 8 1 8 1 10 12 1 1 10 12 1 10 12 1 10 12 1 10 12 1 1 10 12 1 1 8 1 9 12 1 10 12 1 1 9 12 1 1 10 12 1 1 9 12 1 8 1 10 100 12 1 1 1 10 12 1 8 1 100 1 8 1 10 9 12 1 1 8 1 10 100 12 1 1 10 100 12 1 1 8 1 8 1 10 12 10 12 1 1 10 100 1 10 100 12 1 1 1 18 11 100 12 1 1 1 18 12 1 11 12 1 1 100 1 10 7 12 1 1 10 12 1 1 8 10 12 1 1 10 7 12 1 1 1 10 7 12 1 1 10 12 1 8 1 10 12 1 100 1 100 1 10 12 1 1 1 1 1 1 1 1 1 1 1 1 1 1 1 1 1 1 1 1 1 1 1 1 1 1 1 1 1 1 1 1 1 1 1 1 1 1 1 1 1 1 1 1 1 1 1 1 1 1 1 1 1 1 1 1 1 1 1 1 1 1 1 1 1 1 1 1 1 1 1 1 1 1 1 1 100 1 1 16 1 15 10 12 16 15 11 100 12 1 1 1 16 1 16 1 15 10 12 16 15 10 100 12 1 1 1 1 1 1 1 1 100 1 100 1 1
staticfield jdk/internal/vm/Continuation U Ljdk/internal/misc/Unsafe; jdk/internal/misc/Unsafe
staticfield jdk/internal/vm/Continuation MOUNTED_OFFSET J 13
staticfield jdk/internal/vm/Continuation PRESERVE_SCOPED_VALUE_CACHE Z 1
staticfield jdk/internal/vm/Continuation JLA Ljdk/internal/access/JavaLangAccess; java/lang/System$1
staticfield jdk/internal/vm/Continuation $assertionsDisabled Z 1
ciInstanceKlass jdk/internal/misc/UnsafeConstants 1 1 34 10 100 12 1 1 1 9 7 12 1 1 1 9 12 1 9 12 1 1 9 12 1 9 12 1 1 1 1 1 1 1 1 1
staticfield jdk/internal/misc/UnsafeConstants ADDRESS_SIZE0 I 8
staticfield jdk/internal/misc/UnsafeConstants PAGE_SIZE I 4096
staticfield jdk/internal/misc/UnsafeConstants BIG_ENDIAN Z 0
staticfield jdk/internal/misc/UnsafeConstants UNALIGNED_ACCESS Z 1
staticfield jdk/internal/misc/UnsafeConstants DATA_CACHE_LINE_FLUSH_SIZE I 0
ciInstanceKlass java/lang/invoke/MethodHandleImpl 1 1 1424 10 7 12 1 1 1 100 1 10 100 12 1 1 1 10 7 12 1 1 1 100 1 10 8 1 10 12 1 1 10 12 1 10 12 1 1 10 7 12 1 1 1 9 100 12 1 1 1 10 100 12 1 1 1 100 1 10 12 1 1 10 12 1 1 10 12 1 1 10 7 12 1 1 1 9 7 12 1 1 1 10 7 12 1 1 1 100 1 10 9 12 1 1 9 12 1 10 12 1 1 10 12 1 10 12 1 1 10 12 1 1 10 12 1 1 8 1 8 1 10 12 1 1 10 12 1 1 10 12 1 1 10 12 1 1 10 12 1 10 12 1 1 10 7 12 1 1 1 10 12 1 7 1 10 7 12 1 1 1 10 12 1 1 10 12 1 1 11 7 12 1 1 1 11 7 12 1 1 11 12 1 1 7 1 11 12 1 10 12 1 1 10 12 1 1 11 12 1 10 7 12 1 1 10 12 1 1 10 7 12 1 1 10 12 1 10 12 1 1 10 7 12 1 1 1 10 7 12 1 1 1 10 12 1 1 10 12 1 1 9 7 12 1 1 1 10 10 12 1 1 10 12 1 1 10 10 12 1 1 10 12 1 1 10 7 12 1 1 1 10 12 1 1 10 12 1 10 12 1 10 7 12 1 1 1 10 7 12 1 1 1 10 12 1 1 10 12 1 10 12 1 10 12 1 10 12 1 1 10 12 1 10 12 1 1 10 12 1 10 12 1 8 1 100 1 10 12 1 10 12 1 1 10 12 1 10 12 1 1 10 12 1 1 7 1 10 12 1 100 1 8 1 10 12 1 10 100 12 1 1 1 8 1 10 12 1 10 100 12 1 1 1 100 1 9 100 1 10 12 1 1 10 12 1 1 9 12 1 10 12 1 1 10 100 12 1 1 10 12 1 1 10 12 1 1 10 12 1 10 12 1 100 1 10 12 1 1 9 12 1 1 10 12 1 9 100 12 1 1 1 11 100 12 1 1 7 1 9 12 1 100 1 10 12 1 10 12 1 1 100 1 10 12 1 1 10 12 1 1 10 100 12 1 1 1 10 12 1 1 10 12 1 10 12 1 1 10 12 1 10 12 1 1 10 12 1 7 1 9 100 12 1 1 1 10 12 1 10 12 1 9 100 12 1 1 1 10 12 1 1 10 12 1 1 10 12 1 10 100 12 1 1 10 100 12 1 1 1 9 12 1 10 12 1 9 12 10 12 1 10 12 1 10 12 1 10 12 1 1 10 12 1 10 12 1 1 10 12 1 10 12 1 1 10 12 1 1 10 12 1 1 10 12 1 10 12 1 10 12 1 1 10 12 1 10 100 12 1 1 10 12 1 10 100 12 1 1 8 1 10 8 1 100 1 10 9 12 1 100 1 10 12 1 8 1 10 10 12 1 10 10 12 1 1 10 12 1 1 10 12 1 10 12 1 100 1 8 1 10 12 1 10 100 12 1 1 1 10 12 1 1 10 12 1 10 12 1 100 1 10 12 1 10 12 1 10 12 1 1 7 1 10 12 1 10 7 12 1 1 10 12 1 9 12 1 10 12 1 1 10 12 1 1 100 1 10 10 12 1 8 1 8 1 9 12 1 8 1 8 1 8 1 9 12 1 10 12 1 1 9 12 1 1 10 12 1 8 1 9 7 1 10 12 1 1 10 12 1 8 1 8 1 8 1 100 1 100 1 8 8 1 8 1 100 1 8 1 100 1 10 12 1 7 1 10 10 7 12 1 1 1 10 12 1 10 12 10 12 1 10 12 1 11 100 12 1 1 1 18 12 1 11 100 12 1 1 1 18 18 12 1 11 12 1 1 10 12 1 1 10 12 1 10 12 1 11 12 1 9 12 1 9 12 10 10 12 1 1 9 12 1 1 11 12 1 1 18 12 1 1 11 12 1 1 11 12 1 1 10 12 1 11 100 1 10 12 1 10 12 1 10 12 1 9 12 1 9 12 10 12 1 10 100 12 1 1 1 10 12 1 10 12 1 1 10 12 1 10 12 9 12 1 1 10 12 1 10 12 1 1 9 12 1 9 12 1 10 12 1 10 12 1 1 10 12 1 100 1 10 12 1 9 12 1 1 11 100 1 9 12 1 9 12 11 12 1 9 12 1 10 12 10 12 1 1 10 12 1 1 9 100 12 1 1 10 12 1 10 12 1 10 12 1 1 100 1 10 12 1 10 12 1 1 100 1 10 12 1 1 10 12 1 1 100 1 10 12 1 1 10 12 1 1 10 12 1 10 12 1 10 12 1 9 12 1 10 12 1 10 12 1 1 9 7 12 1 1 1 8 10 12 1 1 8 1 10 12 1 8 1 8 1 8 1 8 1 8 1 8 1 100 1 8 1 8 1 10 12 1 9 12 1 10 12 1 1 1 1 1 3 1 1 3 1 3 1 3 1 3 1 3 1 3 1 3 1 3 1 1 1 1 1 1 1 1 1 3 1 3 1 1 1 1 1 1 1 1 1 1 1 1 1 1 1 1 1 1 1 1 1 1 1 1 1 1 1 1 1 1 1 1 1 1 1 1 1 1 1 1 1 1 1 1 1 1 1 1 1 1 1 1 1 1 1 1 1 1 1 1 1 1 1 1 1 1 1 1 1 1 1 1 1 1 1 1 1 1 1 1 1 1 1 1 1 1 1 1 1 1 1 1 1 1 1 1 1 1 1 1 1 1 1 100 1 1 1 1 1 1 1 1 1 1 1 1 1 1 1 1 1 1 1 1 1 1 1 1 1 1 1 1 1 1 1 1 1 1 1 1 1 1 1 1 1 1 1 1 1 1 1 1 1 1 1 1 1 1 1 1 1 1 1 1 1 1 1 1 1 1 1 1 1 1 1 1 1 1 1 1 1 1 1 1 1 1 1 1 1 1 1 1 1 1 1 1 1 1 1 1 1 1 1 1 1 1 1 1 1 1 1 1 1 1 1 1 1 1 1 1 1 1 1 1 1 1 1 1 1 1 1 1 1 1 1 1 1 1 1 1 1 1 1 1 1 1 1 1 1 1 1 1 1 1 1 1 1 1 1 1 1 1 1 1 1 1 1 1 1 1 1 1 1 100 1 100 1 100 1 100 1 100 1 100 1 100 1 1 16 15 10 12 16 15 16 16 1 15 10 12 16 16 15 10 12 16 15 10 100 12 1 1 1 1 1 1 1 1 1 1 1 1 1 1 1 1 1 1 1 1 1 1 1 1
staticfield java/lang/invoke/MethodHandleImpl ARRAYS [Ljava/lang/invoke/MethodHandle; 256 [Ljava/lang/invoke/MethodHandle;
staticfield java/lang/invoke/MethodHandleImpl NFS [Ljava/lang/invoke/LambdaForm$NamedFunction; 7 [Ljava/lang/invoke/LambdaForm$NamedFunction;
staticfield java/lang/invoke/MethodHandleImpl HANDLES [Ljava/lang/invoke/MethodHandle; 9 [Ljava/lang/invoke/MethodHandle;
staticfield java/lang/invoke/MethodHandleImpl $assertionsDisabled Z 1
instanceKlass java/lang/invoke/DelegatingMethodHandle
instanceKlass java/lang/invoke/BoundMethodHandle
instanceKlass java/lang/invoke/DirectMethodHandle
ciInstanceKlass java/lang/invoke/MethodHandle 1 1 734 100 1 9 7 12 1 1 1 10 7 12 1 1 1 10 7 12 1 1 1 7 1 7 1 10 12 1 1 9 12 1 1 10 12 1 10 12 1 1 10 12 1 1 10 100 12 1 1 1 10 12 1 1 10 12 1 1 11 100 12 1 1 1 10 12 1 1 10 12 1 10 12 1 9 12 1 1 9 12 1 1 10 100 12 1 1 1 10 12 1 10 12 1 1 10 12 1 10 12 1 100 1 100 1 10 8 1 10 12 1 1 10 12 1 8 1 10 12 1 1 10 12 1 10 7 12 1 1 1 10 12 1 1 10 12 1 1 10 12 1 1 10 7 12 1 1 1 10 12 1 1 10 12 1 1 10 12 1 10 12 1 1 10 100 12 1 1 10 7 12 1 1 10 12 1 10 12 1 10 12 1 1 10 12 1 1 10 12 1 1 10 12 1 1 10 7 12 1 1 1 10 100 12 1 1 1 10 12 1 1 10 12 1 1 10 12 1 1 8 1 10 7 12 1 1 1 8 1 10 12 1 10 12 1 1 10 12 1 1 10 12 1 8 1 10 12 1 1 8 1 10 12 1 8 1 10 100 12 1 1 1 9 12 1 1 100 1 10 9 100 12 1 1 1 9 100 1 8 1 10 12 1 1 10 12 1 10 12 1 1 10 12 1 10 12 1 1 10 12 1 10 12 1 1 10 12 1 10 12 1 1 10 12 1 1 8 1 10 12 1 1 8 1 10 12 1 10 12 1 1 10 12 1 10 12 1 10 12 1 1 9 100 12 1 1 1 10 12 1 1 11 12 1 10 12 1 10 12 1 1 10 100 12 1 1 100 1 11 12 1 10 100 1 11 12 1 100 1 10 12 1 11 12 1 9 100 12 1 1 1 11 12 1 1 11 100 12 1 1 1 10 12 1 1 9 12 1 11 12 1 9 12 1 9 12 1 9 12 1 11 12 1 1 9 12 1 9 12 1 9 12 1 9 12 1 9 12 1 9 12 1 9 12 1 8 1 10 12 1 10 12 1 8 1 10 12 1 10 12 1 10 12 1 1 10 10 10 7 12 1 1 10 12 1 1 100 1 100 1 8 1 8 1 10 10 12 1 1 10 12 1 10 12 1 100 1 10 100 12 1 1 1 10 9 7 12 1 1 1 10 12 1 1 10 12 1 1 8 1 8 1 10 100 12 1 1 9 12 1 9 12 1 1 9 12 1 1 10 12 1 7 1 10 12 1 10 12 1 1 9 12 1 1 9 12 1 1 10 7 12 1 1 1 11 7 12 1 1 9 12 1 10 12 1 1 9 12 1 10 12 1 8 10 12 1 1 8 1 1 1 1 1 1 1 1 100 1 1 1 1 1 1 1 1 1 1 1 1 1 1 1 1 1 1 1 1 1 1 1 1 1 1 1 1 1 1 1 1 100 1 1 1 1 1 1 1 1 1 1 1 1 1 1 1 1 1 1 1 1 1 1 1 1 1 1 1 1 1 1 1 1 1 1 1 1 1 1 1 1 1 1 1 1 1 1 1 1 1 1 1 1 1 1 1 1 1 1 1 1 1 1 1 1 1 1 1 1 1 1 1 1 1 1 1 1 1 1 1 1 1 1 1 1 1 1 100 1 1 100 1 100 1 100 1 1 100 1 1 100 1 1 1 1
staticfield java/lang/invoke/MethodHandle FORM_OFFSET J 20
staticfield java/lang/invoke/MethodHandle UPDATE_OFFSET J 13
staticfield java/lang/invoke/MethodHandle $assertionsDisabled Z 1
ciInstanceKlass java/lang/invoke/MethodType 1 1 724 7 1 10 7 12 1 1 1 9 12 1 1 9 12 1 1 9 12 1 1 10 7 12 1 1 1 9 7 12 1 1 8 1 10 100 12 1 1 1 9 7 1 9 7 1 10 12 1 1 100 1 10 8 1 10 12 1 1 10 12 1 10 12 1 1 100 1 8 1 10 12 1 100 1 10 10 12 1 10 12 1 1 10 12 1 1 11 7 12 1 1 1 9 12 1 11 12 1 1 7 10 12 1 1 10 12 1 1 7 1 7 1 10 7 12 1 1 1 10 12 1 10 12 1 9 12 1 1 10 7 12 1 1 10 12 1 1 10 7 12 1 1 1 10 7 12 1 1 1 10 12 1 9 12 1 1 10 12 1 1 10 12 1 1 10 12 1 1 10 12 1 1 10 12 1 1 10 12 1 10 12 1 10 12 1 1 10 12 1 8 1 8 1 10 12 1 1 9 12 1 1 100 1 10 10 12 1 1 10 12 1 10 12 1 1 10 12 1 1 10 12 1 10 12 1 10 12 1 8 1 10 12 1 1 10 100 12 1 1 1 10 12 1 10 12 1 1 10 12 1 10 12 1 10 12 1 1 10 12 1 10 12 1 9 12 1 10 12 1 10 10 12 1 1 10 12 1 9 12 1 1 10 12 1 1 11 12 1 1 10 12 1 1 10 12 1 10 12 1 100 1 8 1 8 1 8 1 10 12 1 10 12 1 10 12 1 1 10 10 12 1 11 12 1 1 11 12 1 10 100 12 1 1 1 9 12 1 10 12 1 10 12 1 1 10 12 1 1 10 12 1 10 12 1 10 100 12 1 1 1 10 12 1 1 10 12 1 10 12 1 10 12 1 10 9 12 1 1 7 1 10 12 1 10 100 12 1 1 1 10 12 1 1 10 100 12 1 1 1 10 12 1 1 8 1 10 100 12 1 1 1 11 12 1 1 9 12 1 1 10 12 1 1 10 12 1 10 12 1 1 10 12 1 1 10 100 12 1 1 10 12 1 10 12 100 1 11 100 12 1 1 10 12 1 11 12 1 10 100 12 1 1 10 12 1 1 10 12 1 1 9 12 1 1 9 100 12 1 1 1 10 100 12 1 1 1 9 12 1 10 100 12 1 1 10 12 1 100 10 12 1 10 12 1 1 10 12 1 7 1 10 10 12 1 1 7 1 7 1 9 12 1 1 100 1 100 1 100 1 1 1 5 0 1 1 1 1 1 1 1 3 1 3 1 3 1 1 1 1 1 1 1 1 1 1 1 1 1 1 1 1 1 1 1 1 1 1 1 1 1 1 1 1 1 1 1 1 1 1 1 1 1 1 1 1 1 1 1 1 1 1 1 1 1 1 1 1 1 1 1 1 1 1 1 1 1 1 1 1 1 1 1 1 1 1 1 1 1 1 1 1 1 1 1 1 1 1 1 1 1 1 1 1 1 1 1 1 1 1 1 1 1 1 1 1 1 1 1 1 1 1 1 1 1 1 1 1 1 1 1 1 1 1 1 1 1 1 1 1 1 1 1 1 100 1 100 1 1 1 1 1 1 1 1 1 1 1 1 1 100 1 1 1 1 100 1 1 1 100 1 1 1 1 1 1 1 1 1 1 1 1 1 1 1 1 1 1 100 1 1 100 1 1
staticfield java/lang/invoke/MethodType internTable Ljdk/internal/util/ReferencedKeySet; jdk/internal/util/ReferencedKeySet
staticfield java/lang/invoke/MethodType NO_PTYPES [Ljava/lang/Class; 0 [Ljava/lang/Class;
staticfield java/lang/invoke/MethodType objectOnlyTypes [Ljava/lang/invoke/MethodType; 20 [Ljava/lang/invoke/MethodType;
staticfield java/lang/invoke/MethodType METHOD_HANDLE_ARRAY [Ljava/lang/Class; 1 [Ljava/lang/Class;
staticfield java/lang/invoke/MethodType serialPersistentFields [Ljava/io/ObjectStreamField; 0 [Ljava/io/ObjectStreamField;
staticfield java/lang/invoke/MethodType $assertionsDisabled Z 1
ciInstanceKlass java/lang/invoke/TypeDescriptor$OfMethod 1 0 43 100 1 100 1 100 1 1 1 1 1 1 1 1 1 1 1 1 1 1 1 1 1 1 1 1 1 1 1 1 1 1 1 1 1 1 1 1 1 1 100 1 1
instanceKlass java/awt/desktop/UserSessionEvent$Reason
instanceKlass sun/font/EAttribute
instanceKlass sun/awt/OSInfo$OSType
instanceKlass sun/util/logging/PlatformLogger$Level
instanceKlass sun/java2d/StateTrackable$State
instanceKlass com/github/sarxos/webcam/WebcamEventType
instanceKlass org/bridj/Pointer$StringType
instanceKlass com/github/sarxos/webcam/WebcamResolution
instanceKlass org/bridj/BridJ$CastingType
instanceKlass org/bridj/demangling/Demangler$SpecialName
instanceKlass org/bridj/ann/Convention$Style
instanceKlass org/bridj/NativeConstants$ValueType
instanceKlass java/lang/annotation/ElementType
instanceKlass javafx/scene/input/ScrollEvent$VerticalTextScrollUnits
instanceKlass javafx/scene/input/ScrollEvent$HorizontalTextScrollUnits
instanceKlass org/bridj/BridJ$Switch
instanceKlass java/security/DrbgParameters$Capability
instanceKlass com/sun/glass/ui/EventLoop$State
instanceKlass com/sun/javafx/sg/prism/NGNode$RenderRootResult
instanceKlass com/sun/prism/shape/ShapeRep$InvalidationType
instanceKlass com/sun/javafx/geom/Path2D$CornerPrefix
instanceKlass sun/misc/Unsafe$MemoryAccessOption
instanceKlass com/sun/javafx/sg/prism/CacheFilter$ScrollCacheState
instanceKlass javafx/scene/shape/FillRule
instanceKlass jdk/internal/icu/util/CodePointTrie$Type
instanceKlass jdk/internal/icu/util/CodePointTrie$ValueWidth
instanceKlass javafx/stage/PopupWindow$AnchorLocation
instanceKlass javafx/scene/control/ScrollPane$ScrollBarPolicy
instanceKlass javafx/scene/layout/Priority
instanceKlass com/example/photobooth/model/Strip$Layout
instanceKlass javafx/animation/Animation$Status
instanceKlass javafx/scene/Scene$DragDetectedState
instanceKlass com/sun/scenario/effect/impl/state/LinearConvolveRenderState$PassType
instanceKlass javafx/scene/input/TouchPoint$State
instanceKlass com/sun/scenario/effect/impl/Renderer$RendererState
instanceKlass com/sun/scenario/effect/Effect$AccelType
instanceKlass com/sun/scenario/effect/impl/state/RenderState$EffectCoordinateSpace
instanceKlass com/sun/javafx/geom/transform/BaseTransform$Degree
instanceKlass com/sun/prism/CompositeMode
instanceKlass com/sun/prism/Texture$Usage
instanceKlass com/sun/prism/Texture$WrapMode
instanceKlass com/sun/javafx/sg/prism/NodeEffectInput$RenderType
instanceKlass com/sun/scenario/effect/AbstractShadow$ShadowMode
instanceKlass com/sun/javafx/geom/BaseBounds$BoundsType
instanceKlass com/sun/javafx/scene/control/inputmap/KeyBinding$OptionalBoolean
instanceKlass javafx/scene/text/FontSmoothingType
instanceKlass com/sun/javafx/cursor/CursorType
instanceKlass com/sun/javafx/effect/EffectDirtyBits
instanceKlass com/sun/prism/PixelFormat$DataType
instanceKlass com/sun/prism/PixelFormat
instanceKlass com/sun/javafx/iio/ImageStorage$ImageType
instanceKlass com/sun/prism/paint/Paint$Type
instanceKlass com/sun/scenario/effect/Blend$Mode
instanceKlass com/sun/javafx/sg/prism/NGNode$DirtyFlag
instanceKlass com/sun/javafx/tk/quantum/SwipeGestureRecognizer$SwipeRecognitionState
instanceKlass com/sun/glass/ui/GestureSupport$GestureState$StateId
instanceKlass com/sun/javafx/tk/FocusCause
instanceKlass javafx/scene/input/KeyCombination$ModifierValue
instanceKlass java/lang/System$Logger$Level
instanceKlass com/sun/javafx/logging/PlatformLogger$Level
instanceKlass javafx/geometry/Side
instanceKlass javafx/scene/text/FontWeight
instanceKlass javafx/scene/text/FontPosture
instanceKlass jdk/internal/logger/BootstrapLogger$LoggingBackend
instanceKlass javafx/scene/input/MouseButton
instanceKlass javafx/scene/Scene$DirtyBits
instanceKlass com/sun/media/jfxmedia/track/Track$Encoding
instanceKlass com/sun/media/jfxmedia/events/PlayerStateEvent$PlayerState
instanceKlass com/sun/media/jfxmedia/MediaError
instanceKlass javafx/scene/media/MediaPlayer$Status
instanceKlass java/math/RoundingMode
instanceKlass sun/util/locale/provider/LocaleProviderAdapter$Type
instanceKlass javafx/scene/AccessibleAttribute$ToggleState
instanceKlass javafx/fxml/FXMLLoader$SupportedType
instanceKlass javafx/scene/control/ContentDisplay
instanceKlass java/lang/classfile/attribute/StackMapFrameInfo$SimpleVerificationTypeInfo
instanceKlass java/lang/reflect/ProxyGenerator$PrimitiveTypeInfo
instanceKlass java/lang/classfile/ClassFile$StackMapsOption
instanceKlass java/lang/annotation/RetentionPolicy
instanceKlass javafx/scene/layout/BackgroundRepeat
instanceKlass javafx/scene/effect/BlurType
instanceKlass javafx/scene/paint/CycleMethod
instanceKlass javafx/css/SizeUnits
instanceKlass com/sun/javafx/css/Combinator
instanceKlass javafx/css/StyleOrigin
instanceKlass jdk/internal/util/OperatingSystem
instanceKlass javafx/scene/control/OverrunStyle
instanceKlass com/sun/javafx/sg/prism/NGShape$Mode
instanceKlass javafx/scene/text/TextAlignment
instanceKlass javafx/scene/text/TextBoundsType
instanceKlass javafx/scene/shape/StrokeLineCap
instanceKlass javafx/scene/shape/StrokeLineJoin
instanceKlass javafx/scene/shape/StrokeType
instanceKlass javafx/scene/input/KeyCode
instanceKlass javafx/scene/image/PixelFormat$Type
instanceKlass com/sun/javafx/scene/traversal/TraversalMethod
instanceKlass com/sun/javafx/scene/traversal/Direction
instanceKlass javafx/scene/input/TransferMode
instanceKlass javafx/scene/effect/BlendMode
instanceKlass javafx/scene/AccessibleAction
instanceKlass javafx/scene/AccessibleAttribute
instanceKlass javafx/geometry/VPos
instanceKlass javafx/geometry/HPos
instanceKlass javafx/geometry/Pos
instanceKlass javafx/geometry/Orientation
instanceKlass javafx/scene/AccessibleRole
instanceKlass com/sun/javafx/scene/LayoutFlags
instanceKlass com/sun/javafx/scene/DirtyBits
instanceKlass javafx/scene/DepthTest
instanceKlass javafx/scene/CacheHint
instanceKlass com/sun/javafx/scene/CssFlags
instanceKlass com/sun/org/apache/xerces/internal/impl/XMLScanner$NameType
instanceKlass javax/xml/catalog/CatalogFeatures$State
instanceKlass javax/xml/catalog/CatalogFeatures$Feature
instanceKlass jdk/xml/internal/JdkProperty$ImplPropMap
instanceKlass jdk/xml/internal/JdkXmlFeatures$XmlFeature
instanceKlass jdk/xml/internal/XMLSecurityPropertyManager$Property
instanceKlass jdk/xml/internal/FeaturePropertyBase$State
instanceKlass jdk/xml/internal/JdkProperty$State
instanceKlass jdk/xml/internal/XMLSecurityManager$Processor
instanceKlass jdk/xml/internal/XMLSecurityManager$Limit
instanceKlass javafx/geometry/NodeOrientation
instanceKlass com/sun/javafx/application/PlatformImpl$HighContrastScheme
instanceKlass javafx/application/ConditionalFeature
instanceKlass javafx/stage/Modality
instanceKlass javafx/stage/StageStyle
instanceKlass com/sun/prism/impl/ps/BaseShaderContext$SpecialShaderType
instanceKlass com/sun/prism/impl/ps/BaseShaderContext$MaskType
instanceKlass com/sun/prism/GraphicsPipeline$ShaderType
instanceKlass com/sun/prism/GraphicsPipeline$ShaderModel
instanceKlass com/sun/prism/impl/PrismSettings$RasterizerType
instanceKlass sun/security/util/KnownOIDs
instanceKlass java/security/Security$SecPropLoader$LoadingMode
instanceKlass java/util/Locale$Category
instanceKlass java/lang/StackStreamFactory$WalkerState
instanceKlass java/lang/StackWalker$ExtendedOption
instanceKlass java/lang/StackWalker$Option
instanceKlass jdk/internal/vm/Continuation$Pinned
instanceKlass java/util/regex/Pattern$Qtype
instanceKlass java/util/concurrent/TimeUnit
instanceKlass java/nio/file/LinkOption
instanceKlass java/util/stream/MatchOps$MatchKind
instanceKlass java/util/stream/Collector$Characteristics
instanceKlass java/util/stream/StreamShape
instanceKlass java/lang/classfile/Opcode$Kind
instanceKlass java/lang/classfile/Opcode
instanceKlass java/lang/invoke/VarHandle$AccessType
instanceKlass java/lang/invoke/VarHandle$AccessMode
instanceKlass java/lang/invoke/MethodHandleImpl$Intrinsic
instanceKlass java/lang/classfile/AttributeMapper$AttributeStability
instanceKlass jdk/internal/classfile/impl/AbstractPoolEntry$Utf8EntryImpl$State
instanceKlass java/lang/classfile/TypeKind
instanceKlass java/lang/invoke/LambdaForm$BasicType
instanceKlass java/lang/invoke/LambdaForm$Kind
instanceKlass java/lang/constant/DirectMethodHandleDesc$Kind
instanceKlass sun/invoke/util/Wrapper
instanceKlass java/util/stream/StreamOpFlag$Type
instanceKlass java/util/stream/StreamOpFlag
instanceKlass java/lang/reflect/AccessFlag$Location
instanceKlass java/lang/reflect/AccessFlag
instanceKlass java/lang/module/ModuleDescriptor$Modifier
instanceKlass java/io/File$PathStatus
instanceKlass sun/nio/fs/WindowsPathType
instanceKlass java/nio/file/StandardOpenOption
instanceKlass jdk/internal/module/ModuleBootstrap$IllegalNativeAccess
instanceKlass java/lang/reflect/ClassFileFormatVersion
instanceKlass java/lang/Thread$State
instanceKlass java/lang/module/ModuleDescriptor$Requires$Modifier
ciInstanceKlass java/lang/Enum 1 1 204 9 7 12 1 1 1 9 12 1 1 10 7 12 1 1 1 9 12 1 10 7 12 1 1 1 100 1 10 10 12 1 1 10 12 1 100 1 10 10 7 12 1 1 10 12 1 1 18 12 1 1 10 100 12 1 1 1 10 12 1 1 11 7 12 1 1 1 100 1 8 1 10 12 1 100 1 100 1 10 8 1 10 12 1 1 10 12 1 1 8 1 10 12 1 10 100 1 8 1 10 10 12 1 1 10 100 12 1 1 1 100 1 100 1 100 1 1 1 1 1 1 1 1 1 1 1 1 1 1 1 1 1 1 1 1 1 1 1 1 1 1 1 1 1 1 1 1 1 1 1 1 1 1 1 1 1 1 1 1 1 1 1 3 1 1 1 1 100 1 100 1 1 100 1 1 1 1 1 1 1 1 1 1 1 16 15 10 12 16 15 10 100 12 1 1 1 1 1 100 1 100 1 1
ciInstanceKlass java/lang/invoke/LambdaForm 1 1 1030 7 1 100 1 10 7 12 1 1 1 9 12 1 1 9 12 1 9 12 1 9 12 1 1 9 12 1 1 9 12 1 1 9 12 1 1 9 12 1 1 9 12 1 10 7 12 1 1 9 12 1 10 12 1 1 100 1 10 10 12 1 1 10 12 1 10 12 1 10 12 1 1 10 12 1 9 12 1 9 12 1 10 12 1 1 9 7 12 1 1 1 9 7 12 1 1 9 12 1 1 10 12 1 9 12 1 10 100 12 1 1 1 10 12 1 1 100 1 10 12 1 1 9 7 12 1 1 1 10 100 12 1 1 1 10 12 1 10 12 1 1 7 1 10 12 1 10 12 1 10 12 1 1 10 12 1 1 10 12 1 10 12 1 10 12 1 10 12 1 10 12 1 1 8 1 10 12 1 10 12 1 10 10 12 1 8 1 8 1 9 12 1 9 12 1 1 10 12 1 1 9 12 1 1 10 7 12 1 1 1 10 12 1 1 10 12 1 10 12 1 1 10 12 1 7 1 10 12 1 10 100 12 1 1 1 9 12 1 10 12 1 8 1 8 1 8 1 8 1 8 1 8 1 8 1 8 1 10 12 1 9 12 1 7 1 10 12 1 1 9 12 1 1 10 12 1 1 10 12 1 1 10 12 10 12 1 10 12 1 1 10 12 1 1 10 12 1 1 10 10 12 1 1 10 12 1 1 7 1 8 1 10 12 1 1 10 12 1 10 12 1 1 10 8 1 10 12 1 1 8 1 8 1 8 1 10 12 1 10 12 1 10 12 1 1 10 100 12 1 1 1 10 7 12 1 1 1 10 12 1 1 9 12 1 1 8 1 10 100 12 1 1 1 10 7 12 1 1 10 12 1 10 12 1 1 10 12 1 1 9 12 1 8 10 12 1 1 100 1 10 12 1 1 10 12 1 9 7 12 1 1 9 100 12 1 1 1 8 1 10 100 12 1 1 10 12 1 1 100 1 100 1 10 10 12 1 1 10 12 1 1 8 1 8 1 100 1 8 1 10 12 10 12 1 10 12 1 10 12 1 10 12 1 1 9 100 12 1 1 10 12 1 8 1 8 1 10 12 1 10 12 1 1 8 1 8 1 8 1 100 1 8 1 100 1 8 1 100 1 8 1 10 12 1 8 1 9 10 100 12 1 1 1 10 12 1 9 12 1 1 10 12 1 10 10 12 1 10 12 1 10 12 1 10 12 1 1 10 12 1 10 12 1 1 10 12 1 1 10 12 1 1 10 12 1 1 8 1 100 10 12 1 10 12 1 9 12 1 1 10 7 12 1 1 8 1 8 1 100 1 8 1 8 1 8 1 8 1 8 1 8 1 8 1 8 1 10 12 1 1 10 12 1 1 10 12 1 10 12 1 10 12 1 10 12 1 8 1 8 1 8 1 10 12 1 8 1 10 12 1 8 1 8 1 8 1 8 1 8 1 10 12 1 10 12 1 10 12 1 1 10 7 12 1 1 1 10 12 1 10 12 1 10 12 1 10 12 1 10 12 1 9 12 1 1 8 1 10 12 1 1 9 12 1 9 12 1 1 10 12 1 1 9 12 1 1 9 12 1 10 12 1 1 9 12 1 1 7 1 10 7 12 1 1 1 9 7 12 1 1 1 10 7 12 1 1 1 10 12 1 1 10 12 1 1 10 12 1 9 12 1 10 12 1 9 12 1 10 12 1 10 12 1 8 1 10 12 1 9 12 1 1 7 1 10 7 12 1 1 1 100 1 10 12 1 9 12 1 10 12 1 10 12 1 10 12 1 1 10 12 1 9 7 12 1 1 10 12 1 1 10 12 1 10 12 1 9 12 1 9 9 12 1 7 9 12 1 1 10 12 1 1 9 12 1 10 12 1 10 7 1 9 1 1 1 1 3 1 3 1 1 3 1 3 1 1 1 1 1 1 1 1 1 1 1 1 1 1 1 1 1 1 1 1 1 1 1 1 1 1 1 1 1 1 1 1 1 1 1 1 1 1 1 1 1 1 1 1 1 100 1 1 1 1 1 1 1 1 1 1 1 1 1 1 1 1 1 1 1 1 1 1 1 1 1 1 1 1 1 1 1 1 1 1 1 1 1 1 1 1 1 1 1 1 1 1 1 1 1 1 1 1 1 1 1 1 1 1 1 1 1 1 1 1 1 1 1 100 1 1 1 1 1 1 1 1 1 1 1 1 1 1 1 1 1 1 1 1 1 1 1 1 1 1 1 1 1 1 1 1 1 1 1 1 100 1 1 1 1 1 1 1 1 1 1 1 1 1 1 100 1 1 1 100 1 1 100 1 1 1 1 1 1 1 1 1 1 1 1
staticfield java/lang/invoke/LambdaForm DEFAULT_CUSTOMIZED Ljava/lang/invoke/MethodHandle; 
staticfield java/lang/invoke/LambdaForm DEFAULT_KIND Ljava/lang/invoke/LambdaForm$Kind; java/lang/invoke/LambdaForm$Kind
staticfield java/lang/invoke/LambdaForm COMPILE_THRESHOLD I 0
staticfield java/lang/invoke/LambdaForm INTERNED_ARGUMENTS [[Ljava/lang/invoke/LambdaForm$Name; 5 [[Ljava/lang/invoke/LambdaForm$Name;
staticfield java/lang/invoke/LambdaForm IMPL_NAMES Ljava/lang/invoke/MemberName$Factory; java/lang/invoke/MemberName$Factory
staticfield java/lang/invoke/LambdaForm LF_identity [Ljava/lang/invoke/LambdaForm; 6 [Ljava/lang/invoke/LambdaForm;
staticfield java/lang/invoke/LambdaForm NF_identity [Ljava/lang/invoke/LambdaForm$NamedFunction; 6 [Ljava/lang/invoke/LambdaForm$NamedFunction;
staticfield java/lang/invoke/LambdaForm LF_constant [Ljava/lang/invoke/LambdaForm; 5 [Ljava/lang/invoke/LambdaForm;
staticfield java/lang/invoke/LambdaForm createIdentityFormLock Ljava/lang/Object; java/lang/Object
staticfield java/lang/invoke/LambdaForm DEBUG_NAME_COUNTERS Ljava/util/HashMap; 
staticfield java/lang/invoke/LambdaForm DEBUG_NAMES Ljava/util/HashMap; 
staticfield java/lang/invoke/LambdaForm TRACE_INTERPRETER Z 0
staticfield java/lang/invoke/LambdaForm $assertionsDisabled Z 1
instanceKlass jdk/internal/reflect/DirectMethodHandleAccessor
ciInstanceKlass jdk/internal/reflect/MethodAccessorImpl 1 1 38 10 7 12 1 1 1 10 100 12 1 1 1 100 1 1 1 1 1 1 1 100 1 100 1 1 1 1 1 1 1 1 1 1 1 1 1 1
ciInstanceKlass jdk/internal/reflect/MethodAccessor 1 0 17 100 1 100 1 1 1 1 100 1 100 1 1 1 1 1 1
ciInstanceKlass jdk/internal/reflect/CallerSensitive 0 0 17 100 1 100 1 100 1 1 1 1 1 1 1 1 1 1 1
ciInstanceKlass jdk/internal/reflect/DirectConstructorHandleAccessor$NativeAccessor 1 1 44 10 7 12 1 1 1 9 7 12 1 1 1 10 12 1 1 1 1 1 1 1 1 1 1 1 1 1 1 1 1 1 100 1 100 1 1 1 1 1 100 1 1 1
ciInstanceKlass jdk/internal/reflect/ConstructorAccessor 1 0 16 100 1 100 1 1 1 1 100 1 100 1 100 1 1 1
instanceKlass jdk/internal/reflect/DirectConstructorHandleAccessor
instanceKlass jdk/internal/reflect/DirectConstructorHandleAccessor$NativeAccessor
ciInstanceKlass jdk/internal/reflect/ConstructorAccessorImpl 1 1 27 10 7 12 1 1 1 100 1 100 1 1 1 1 1 1 1 1 1 100 1 100 1 100 1 1 1
ciInstanceKlass jdk/internal/reflect/ConstantPool 1 1 142 10 100 12 1 1 1 9 7 12 1 1 1 10 12 1 1 10 12 1 1 10 12 1 10 12 1 1 10 12 1 1 10 12 1 10 12 1 1 10 12 1 10 12 1 1 10 12 1 10 12 1 10 12 1 10 12 1 1 10 12 1 1 10 12 1 1 10 12 1 1 10 12 1 10 12 1 1 10 100 12 1 1 1 8 11 7 12 1 1 1 10 7 12 1 1 1 1 1 1 1 1 1 1 1 1 1 1 1 1 1 1 1 1 1 1 1 1 1 1 1 1 1 1 1 1 1 1 1 1 1 1 1 1 1 1 1 1 1 1 1 1
instanceKlass java/lang/invoke/VolatileCallSite
instanceKlass java/lang/invoke/MutableCallSite
instanceKlass java/lang/invoke/ConstantCallSite
ciInstanceKlass java/lang/invoke/CallSite 1 1 297 10 7 12 1 1 1 10 7 12 1 1 1 9 12 1 1 10 7 12 1 1 1 10 12 1 100 1 10 12 1 1 10 12 1 1 9 100 12 1 1 1 10 100 12 1 1 10 12 1 1 100 1 100 1 10 10 100 12 1 1 1 10 12 1 1 8 1 10 12 1 10 12 1 1 10 12 1 10 12 1 1 10 12 1 1 10 10 100 12 1 1 10 12 1 1 9 12 1 9 100 12 1 1 1 8 1 10 7 12 1 1 1 10 12 1 1 100 1 10 12 1 1 9 12 1 8 1 100 1 10 12 1 10 12 1 100 1 8 1 10 10 12 1 10 12 1 1 100 1 10 12 1 1 10 12 1 10 12 1 10 12 1 1 10 12 1 1 9 12 1 1 8 10 12 1 1 9 12 1 1 100 1 10 10 12 1 10 100 12 1 1 1 10 12 1 1 10 12 1 1 10 12 1 10 7 12 1 1 1 100 1 8 1 10 10 12 10 12 1 1 100 1 100 1 100 1 8 1 10 12 1 10 7 12 1 1 1 1 1 1 1 1 1 1 1 1 1 1 1 1 1 1 1 1 1 1 1 1 1 1 1 1 1 1 1 1 1 1 1 1 1 1 1 1 1 1 1 1 1 1 1 1 1 1 1 1 1 1 1 1 100 1 100 1 1 1
staticfield java/lang/invoke/CallSite $assertionsDisabled Z 1
ciInstanceKlass java/lang/invoke/ConstantCallSite 1 1 65 10 7 12 1 1 1 9 7 12 1 1 1 9 12 1 1 10 7 12 1 1 1 10 12 1 100 1 10 12 9 12 1 1 100 1 10 10 12 1 1 10 12 1 1 1 1 1 1 1 1 1 1 1 1 1 100 1 1 1 1 1 1 1 1
staticfield java/lang/invoke/ConstantCallSite UNSAFE Ljdk/internal/misc/Unsafe; jdk/internal/misc/Unsafe
instanceKlass java/lang/invoke/DirectMethodHandle$StaticAccessor
instanceKlass java/lang/invoke/DirectMethodHandle$Special
instanceKlass java/lang/invoke/DirectMethodHandle$Interface
instanceKlass java/lang/invoke/DirectMethodHandle$Constructor
instanceKlass java/lang/invoke/DirectMethodHandle$Accessor
ciInstanceKlass java/lang/invoke/DirectMethodHandle 1 1 929 7 1 100 1 7 1 7 1 10 7 12 1 1 1 10 7 12 1 1 1 100 1 10 12 1 10 12 1 1 10 7 12 1 1 10 12 1 1 10 12 1 10 12 1 7 1 10 12 1 1 10 12 1 1 10 12 1 10 12 1 1 10 7 12 1 1 1 10 12 1 9 7 12 1 1 1 100 1 10 9 12 1 1 9 12 1 10 12 1 10 12 1 10 12 1 1 10 12 1 10 12 1 10 12 1 10 7 12 1 1 1 10 12 1 10 12 1 1 8 1 10 12 1 1 7 1 10 12 1 7 1 10 10 12 1 10 12 1 10 12 1 10 7 12 1 1 1 10 12 1 1 7 1 10 12 1 10 12 1 7 1 10 12 1 10 12 1 1 10 12 1 1 10 12 8 10 7 12 1 1 1 10 12 1 10 12 1 10 12 1 1 10 12 1 9 7 12 1 1 1 7 1 10 12 1 10 7 12 1 1 1 10 12 1 10 12 1 1 9 12 1 1 7 1 10 8 1 10 12 1 1 10 12 1 1 8 1 10 12 1 10 12 1 10 10 12 1 10 12 1 10 12 1 10 12 1 10 12 1 1 10 12 1 10 12 1 10 12 1 1 10 10 7 12 1 1 1 10 12 1 10 12 1 1 10 12 1 10 12 1 1 8 1 9 7 12 1 1 1 8 1 9 12 1 9 12 1 8 1 9 12 1 9 12 1 8 1 9 12 1 9 12 1 8 1 10 12 1 10 12 1 1 10 7 12 1 1 1 10 12 1 10 12 1 1 9 12 1 1 7 1 10 12 1 1 100 1 10 7 12 1 1 1 10 12 1 1 10 12 1 1 7 1 10 12 1 1 10 12 1 10 12 1 1 7 1 10 12 1 1 10 12 1 10 12 1 10 12 1 1 10 12 1 9 12 1 1 10 7 1 9 12 1 10 12 1 7 1 7 1 7 1 10 7 12 1 1 1 9 12 1 1 10 7 12 1 1 1 10 7 12 1 1 10 12 10 12 1 100 1 10 12 1 10 12 1 1 8 1 9 12 1 9 12 1 10 12 1 1 9 12 1 1 10 7 12 1 1 1 9 12 1 1 9 12 1 1 10 12 1 10 12 1 10 12 1 10 12 1 1 10 12 1 9 12 1 9 12 1 10 12 1 10 12 1 10 12 1 10 12 1 1 10 12 1 1 9 12 1 1 10 12 1 1 9 7 12 1 1 1 9 12 1 9 12 1 9 12 1 9 12 1 9 12 1 9 12 1 9 12 1 9 12 1 9 12 1 9 12 1 9 12 1 9 12 1 9 12 1 9 12 1 9 12 1 9 12 1 9 12 1 9 12 1 9 12 1 9 12 1 9 12 1 9 12 1 9 12 1 9 12 1 100 1 10 12 1 8 1 8 1 8 1 8 1 8 1 8 1 8 1 8 1 8 1 10 12 1 10 12 1 8 1 8 1 8 1 9 12 1 1 9 12 1 1 10 12 1 10 12 1 1 10 12 1 1 9 7 1 10 12 1 10 12 10 12 1 10 12 1 10 12 1 10 8 1 8 1 8 1 8 1 10 12 1 1 9 12 1 1 10 12 1 10 100 12 1 1 1 8 9 12 1 1 10 12 1 1 8 1 8 8 9 12 1 8 1 8 8 8 8 8 1 8 10 12 1 7 1 10 12 1 8 1 8 1 10 12 1 10 12 1 10 12 1 9 12 1 10 12 1 1 7 1 1 1 1 3 1 3 1 3 1 3 1 3 1 3 1 3 1 3 1 1 1 1 1 1 1 1 1 1 3 1 3 1 3 1 1 3 1 3 1 1 1 1 1 1 1 1 1 1 1 1 1 1 1 1 1 1 1 1 1 1 1 1 1 1 1 1 1 1 1 1 1 1 1 1 1 1 1 1 1 1 1 1 1 1 1 1 1 1 1 1 1 1 1 1 1 1 1 1 1 1 100 1 1 1 1 1 1 1 1 1 100 1 1 1 1 1 1 1 1 1 1 1 1 1 1 1 1 1 1 1 1 1 1 1 1 1 1 1 1 1 1 1 1 1 1 1 1 1 1 1 1 1 1 1 1 1 1 1 1 1 1 1 1 1
staticfield java/lang/invoke/DirectMethodHandle IMPL_NAMES Ljava/lang/invoke/MemberName$Factory; java/lang/invoke/MemberName$Factory
staticfield java/lang/invoke/DirectMethodHandle FT_UNCHECKED_REF I 8
staticfield java/lang/invoke/DirectMethodHandle FT_CHECKED_REF I 9
staticfield java/lang/invoke/DirectMethodHandle ACCESSOR_FORMS [Ljava/lang/invoke/LambdaForm; 120 [Ljava/lang/invoke/LambdaForm;
staticfield java/lang/invoke/DirectMethodHandle ALL_WRAPPERS [Lsun/invoke/util/Wrapper; 10 [Lsun/invoke/util/Wrapper;
staticfield java/lang/invoke/DirectMethodHandle NFS [Ljava/lang/invoke/LambdaForm$NamedFunction; 12 [Ljava/lang/invoke/LambdaForm$NamedFunction;
staticfield java/lang/invoke/DirectMethodHandle OBJ_OBJ_TYPE Ljava/lang/invoke/MethodType; java/lang/invoke/MethodType
staticfield java/lang/invoke/DirectMethodHandle LONG_OBJ_TYPE Ljava/lang/invoke/MethodType; java/lang/invoke/MethodType
staticfield java/lang/invoke/DirectMethodHandle $assertionsDisabled Z 1
ciInstanceKlass java/lang/invoke/MutableCallSite 0 0 61 10 100 12 1 1 1 10 12 1 9 100 12 1 1 1 10 12 1 10 12 1 1 9 100 12 1 1 1 10 100 12 1 1 1 10 100 12 1 1 1 1 1 1 1 1 1 1 1 1 1 1 1 1 1 1 1 1 100 1 1
ciInstanceKlass java/lang/invoke/VolatileCallSite 0 0 37 10 100 12 1 1 1 10 12 1 10 100 12 1 1 1 10 12 1 10 12 1 1 1 1 1 1 1 1 1 1 1 1 1 1 1 1
instanceKlass java/lang/invoke/VarHandleBooleans$FieldInstanceReadOnly
instanceKlass java/lang/invoke/VarHandleReferences$FieldInstanceReadOnly
instanceKlass java/lang/invoke/VarHandleInts$FieldInstanceReadOnly
instanceKlass java/lang/invoke/VarHandleByteArrayAsDoubles$ByteArrayViewVarHandle
instanceKlass java/lang/invoke/VarHandleByteArrayAsLongs$ByteArrayViewVarHandle
instanceKlass java/lang/invoke/VarHandleByteArrayAsFloats$ByteArrayViewVarHandle
instanceKlass java/lang/invoke/VarHandleByteArrayAsInts$ByteArrayViewVarHandle
instanceKlass java/lang/invoke/VarHandleByteArrayAsChars$ByteArrayViewVarHandle
instanceKlass java/lang/invoke/VarHandleByteArrayAsShorts$ByteArrayViewVarHandle
ciInstanceKlass java/lang/invoke/VarHandle 1 1 474 10 7 12 1 1 1 10 7 12 1 1 9 12 1 1 9 12 1 1 10 12 1 1 8 1 10 12 1 1 10 7 12 1 1 1 10 12 1 1 10 100 12 1 1 1 9 100 12 1 1 1 10 12 1 1 10 100 12 1 1 1 10 12 1 1 9 12 1 10 12 1 9 12 1 1 10 7 12 1 1 10 12 1 9 100 12 1 1 1 9 12 1 1 10 12 1 1 100 1 100 1 10 8 1 10 12 1 1 10 12 1 8 1 10 12 1 10 12 1 9 12 1 1 9 12 1 10 12 1 10 12 1 1 10 12 1 10 10 100 12 1 1 1 10 12 1 1 10 12 1 1 10 100 12 1 1 1 10 100 12 1 1 1 10 100 12 1 1 1 9 12 1 1 9 10 12 1 10 12 1 1 10 12 1 1 10 12 1 10 100 12 1 1 1 9 12 1 1 10 12 1 1 9 12 1 10 12 1 10 12 1 10 100 12 1 1 100 1 10 9 7 12 1 1 1 9 12 1 1 10 7 12 1 1 1 10 12 1 10 12 1 10 12 1 10 12 1 10 12 1 10 12 1 1 8 10 12 1 1 7 1 10 12 1 1 100 1 1 1 1 1 1 1 1 1 1 1 1 1 1 1 1 1 1 1 1 1 1 1 1 1 1 1 1 1 1 1 1 1 1 1 1 1 1 1 1 1 1 1 1 1 1 1 1 1 1 1 1 1 1 1 1 1 1 1 1 1 1 1 1 1 100 1 1 1 1 1 1 1 1 100 1 1 1 1 1 1 1 1 1 1 1 1 100 1 100 1 1 100 1 100 1 100 1 100 1 100 1 100 1 100 1 100 1 100 1 100 1 100 1 100 1 100 1 100 1 100 1 100 1 100 1 100 1 100 1 100 1 100 1 100 1 100 1 100 1 100 1 100 1 100 1 100 1 100 1 100 1 100 1 100 1 100 1 100 1 100 1 100 1 1 1 1 1 1 100 1 1 1 100 1 1 100 1 100 1 100 1 100 1 100 1 100 1 1 1 1 100 1 100 1 100 1 100 1 100 1 100 1 100 1 100 1
staticfield java/lang/invoke/VarHandle VFORM_OFFSET J 16
staticfield java/lang/invoke/VarHandle $assertionsDisabled Z 1
ciInstanceKlass java/lang/invoke/MemberName 1 1 730 7 1 7 1 100 1 9 12 1 1 10 7 12 1 1 1 9 12 1 1 10 12 1 1 10 12 1 1 10 12 1 1 10 12 1 10 12 1 1 10 7 12 1 1 1 10 12 1 9 7 12 1 1 10 12 1 100 1 100 1 10 12 1 8 1 10 12 1 1 10 12 1 10 12 1 1 10 12 1 9 12 1 1 8 1 10 100 12 1 1 1 7 1 10 10 12 1 1 100 1 100 1 10 12 1 9 12 1 1 100 1 8 1 10 12 1 10 12 1 10 12 1 10 12 1 10 12 1 1 10 12 1 10 12 1 10 12 1 1 8 1 8 1 10 12 1 8 1 9 12 1 1 3 10 12 1 10 12 1 10 12 1 10 10 7 12 1 1 1 10 12 1 10 12 1 10 12 1 10 12 1 7 1 8 10 12 1 1 10 12 1 1 8 1 9 100 1 8 9 100 1 10 12 1 1 10 12 1 10 12 1 8 1 10 12 1 1 10 12 1 10 12 1 10 12 1 10 12 1 1 100 1 10 12 1 1 10 12 1 8 1 10 12 1 10 12 1 8 1 10 12 1 1 10 12 1 1 100 1 10 12 1 1 10 12 8 1 8 1 100 1 10 12 1 10 100 12 1 1 1 100 1 10 12 10 12 1 10 12 1 10 12 1 10 12 1 10 10 12 1 10 12 1 10 12 1 3 10 12 1 3 10 12 1 3 3 3 3 3 3 10 12 1 3 9 12 1 10 12 1 1 3 10 12 1 10 10 7 12 1 1 1 10 12 1 1 10 100 12 1 1 10 10 12 1 10 12 1 1 10 12 1 10 10 12 1 1 10 12 1 10 12 1 10 12 1 100 1 10 10 10 12 100 1 10 10 10 12 1 1 10 12 1 1 10 10 12 1 8 10 7 1 10 12 1 10 7 1 10 12 1 10 12 1 10 12 1 10 10 12 1 10 12 1 1 10 12 1 1 10 12 1 10 12 1 10 12 1 100 1 10 12 1 1 100 1 8 1 10 7 1 10 12 1 10 12 10 12 1 1 10 12 1 10 12 1 8 1 8 1 8 1 8 1 10 12 1 10 12 1 10 7 12 1 1 1 8 1 8 1 10 12 1 8 1 10 10 10 12 1 10 12 1 8 1 8 1 10 10 12 1 8 1 10 100 12 1 1 1 8 1 100 1 10 12 1 10 12 1 1 10 12 1 8 1 8 1 8 1 8 1 100 1 10 8 1 8 1 8 1 8 1 10 12 1 100 1 100 1 100 1 10 100 1 10 100 1 10 100 12 1 1 1 9 7 12 1 1 1 100 1 100 1 1 1 1 1 1 1 3 1 3 1 3 1 3 1 3 1 3 1 1 1 1 1 1 1 1 3 1 3 1 1 1 1 1 1 1 1 1 1 1 1 1 1 1 1 1 1 1 1 1 1 1 1 100 1 1 1 1 1 1 1 1 1 1 1 1 1 1 1 1 1 1 1 1 1 1 1 1 1 1 1 1 1 1 1 1 1 1 1 1 1 1 1 1 1 1 1 1 1 1 1 1 1 1 1 1 1 1 1 1 1 1 1 1 1 1 1 1 1 1 1 1 1 1 1 1 1 1 1 1 100 1 1 1 1 1 1 1 1 1 1 1 1 1 1 1 1
staticfield java/lang/invoke/MemberName $assertionsDisabled Z 1
ciInstanceKlass java/lang/invoke/ResolvedMethodName 1 1 25 10 100 12 1 1 1 9 7 12 1 1 1 1 1 1 1 1 1 1 1 1 1 1 1
ciInstanceKlass java/lang/invoke/MethodHandleNatives 1 1 689 100 1 10 7 12 1 1 1 9 7 12 1 1 1 10 12 1 1 100 1 10 10 12 1 1 10 12 1 10 12 1 8 1 8 1 8 1 8 1 8 1 8 1 8 1 8 1 8 1 8 1 10 12 1 1 7 1 10 7 12 1 1 1 10 100 12 1 1 1 7 1 10 10 12 1 1 8 1 10 12 1 8 1 10 12 1 1 8 1 10 12 1 1 9 100 12 1 1 1 8 1 10 100 12 1 1 1 100 1 10 12 100 1 100 1 8 1 7 1 10 10 12 1 7 1 9 7 12 1 1 10 12 1 1 10 12 1 10 7 12 1 1 1 10 12 1 1 9 12 1 8 1 10 12 1 1 10 12 1 8 1 10 12 1 1 7 1 10 12 1 10 7 12 1 1 1 10 12 1 10 12 1 1 10 12 1 1 8 1 10 12 1 1 8 1 10 12 1 8 1 8 1 8 1 100 1 10 12 1 8 1 10 100 12 1 1 1 10 12 1 1 10 100 12 1 1 10 10 12 1 1 10 12 1 10 100 12 1 1 1 100 1 8 1 10 100 12 1 1 1 7 1 8 1 10 12 1 8 1 8 1 8 1 8 1 8 1 10 12 1 1 10 12 1 1 10 12 1 10 12 1 1 10 12 1 1 7 1 10 12 1 100 1 100 1 10 12 1 10 12 1 8 1 8 1 10 10 12 1 1 10 12 1 1 8 1 10 100 12 1 1 8 1 8 1 10 12 1 1 10 7 12 1 1 1 100 1 10 12 1 1 7 1 9 12 1 1 10 7 12 1 1 1 10 10 12 1 9 12 1 10 12 1 9 12 1 9 12 1 10 12 1 1 10 12 1 10 12 1 1 7 1 7 1 10 12 1 1 10 12 1 10 12 1 1 10 7 12 1 1 1 10 12 1 8 1 10 12 1 10 12 1 10 12 1 1 10 12 1 10 7 12 1 1 1 10 12 1 1 100 1 8 1 10 9 7 12 1 1 1 10 12 1 1 10 12 1 1 100 1 10 12 1 1 10 12 1 1 100 1 100 1 10 10 100 1 100 1 10 100 1 10 10 12 1 1 10 100 1 10 12 1 10 12 1 1 10 12 1 1 10 12 1 1 10 12 1 10 12 1 1 10 8 1 10 12 1 10 12 1 10 12 1 10 12 1 10 12 1 1 10 12 1 10 12 1 10 12 1 10 10 7 12 1 1 10 12 1 1 1 1 1 1 1 1 1 1 1 1 1 100 1 1 1 1 1 1 1 1 1 1 1 1 1 1 1 1 1 1 1 1 1 1 1 1 1 1 1 1 1 1 1 1 1 1 1 1 1 1 1 1 1 1 1 1 1 1 1 1 1 1 1 1 1 1 1 1 1 1 1 1 1 1 1 100 1 1 1 1 1 1 1 1 1 1 1 1 1 1 1 1 1 1 1 1 1 1 1 1 1 1 1 1 1 1 1 1 1 1 1 100 1 1 1 1 1 1 1 1 1 1 1 1 1 1 1 1 1 1 1 1 1 1 1 1 1 1 1 1 1 1 1 1 1 1 100 1 1
staticfield java/lang/invoke/MethodHandleNatives $assertionsDisabled Z 1
ciInstanceKlass jdk/internal/foreign/abi/NativeEntryPoint 0 0 223 10 100 12 1 1 1 9 100 12 1 1 1 9 12 1 1 100 1 8 1 10 12 1 10 12 1 1 100 1 10 100 12 1 1 1 10 12 1 9 12 1 1 18 12 1 1 10 100 12 1 1 1 9 100 12 1 1 1 8 1 10 12 1 1 8 1 8 1 8 1 8 1 10 100 12 1 1 1 100 1 10 10 12 1 1 8 1 10 12 1 8 1 10 12 1 10 12 1 1 10 12 1 1 100 1 8 1 10 12 1 10 12 1 1 100 1 8 1 10 10 12 1 9 12 1 1 18 12 1 1 10 100 12 1 1 1 10 12 1 1 10 12 1 10 100 12 1 1 1 10 1 1 1 1 1 1 1 1 1 1 1 1 1 1 1 1 1 1 1 1 1 1 1 1 1 1 1 1 1 1 1 1 1 1 1 1 1 1 1 1 1 1 1 1 16 1 15 10 12 16 1 16 15 10 12 15 10 100 12 1 1 1 1 1 100 1 1 100 1 100 1 1
ciInstanceKlass jdk/internal/foreign/abi/ABIDescriptor 0 0 55 10 100 12 1 1 1 9 100 12 1 1 1 9 12 1 1 9 12 1 9 12 1 9 12 1 1 9 12 1 9 12 1 1 9 12 1 9 12 1 9 12 1 9 12 1 1 1 1 1 1 1 1 1 1
ciInstanceKlass jdk/internal/foreign/abi/VMStorage 0 0 111 10 100 12 1 1 1 9 100 12 1 1 1 9 12 1 1 9 12 1 1 9 12 1 1 100 1 10 8 1 10 12 1 1 10 12 1 10 12 1 1 10 12 1 100 1 10 100 12 1 1 1 10 100 12 1 1 10 100 12 1 1 10 100 12 1 1 1 18 12 1 1 1 1 1 1 1 1 1 1 1 1 1 1 1 1 1 1 1 1 1 1 8 1 15 15 15 15 15 10 100 12 1 1 1 1 100 1 100 1 1
ciInstanceKlass jdk/internal/foreign/abi/UpcallLinker$CallRegs 0 0 66 10 100 12 1 1 1 9 100 12 1 1 1 9 12 1 18 12 1 1 18 12 1 1 18 12 1 1 1 1 1 1 1 1 1 1 1 1 1 1 1 1 1 1 100 1 1 1 8 1 15 15 15 10 100 12 1 1 1 1 1 100 1 100 1 1
instanceKlass java/lang/StackFrameInfo
ciInstanceKlass java/lang/ClassFrameInfo 1 1 126 10 7 12 1 1 1 9 7 12 1 1 1 7 1 3 9 12 1 1 9 12 1 1 7 1 9 12 1 1 3 11 7 12 1 1 1 11 12 1 10 12 1 1 10 12 1 1 10 12 1 100 1 10 10 12 1 1 8 1 8 1 10 12 100 1 10 10 12 1 1 8 1 10 12 1 8 1 10 12 8 1 10 12 1 10 7 12 1 1 1 100 1 1 1 1 1 1 1 1 1 1 1 1 1 1 1 1 1 1 1 1 1 1 1 1 1 1 1 100 1 1 1 1 1 1
staticfield java/lang/ClassFrameInfo JLIA Ljdk/internal/access/JavaLangInvokeAccess; java/lang/invoke/MethodHandleImpl$1
ciInstanceKlass java/lang/StackWalker$StackFrame 1 1 41 100 1 10 12 1 1 100 1 100 1 1 1 1 1 1 1 1 1 1 1 1 1 1 1 1 1 1 1 1 1 1 1 1 1 1 1 100 1 1 1
ciInstanceKlass java/lang/StackWalker 1 1 236 9 7 12 1 1 1 10 7 12 1 1 1 7 1 10 7 12 1 1 1 10 12 1 1 11 7 12 1 1 1 10 12 1 1 10 12 1 1 100 1 8 1 10 12 1 10 12 1 10 12 1 10 7 12 1 1 9 12 1 1 9 12 1 1 9 12 1 1 9 12 1 1 10 12 1 1 9 12 1 1 9 12 1 1 9 12 1 1 9 12 1 1 10 12 1 1 10 7 12 1 1 1 10 7 12 1 1 1 18 12 1 1 100 1 8 1 10 8 1 10 12 1 1 10 7 12 1 1 1 10 12 1 1 10 12 1 11 12 1 1 9 7 12 1 1 11 100 12 1 1 1 10 12 1 1 1 1 1 1 1 1 1 1 1 1 1 1 1 1 1 1 1 1 1 1 1 1 1 1 1 1 1 1 1 1 1 1 1 1 1 1 1 1 1 1 1 1 1 1 1 1 1 1 1 1 1 1 1 100 1 1 16 15 10 12 16 1 15 10 100 12 1 1 1 1 1 1 1 1 1 100 1 100 1 1
staticfield java/lang/StackWalker DEFAULT_EMPTY_OPTION Ljava/util/EnumSet; java/util/RegularEnumSet
staticfield java/lang/StackWalker DEFAULT_WALKER Ljava/lang/StackWalker; java/lang/StackWalker
instanceKlass java/lang/LiveStackFrameInfo
ciInstanceKlass java/lang/StackFrameInfo 1 1 150 10 7 12 1 1 1 9 7 12 1 1 1 9 12 1 1 11 7 12 1 1 1 10 12 1 1 10 7 12 1 1 1 9 12 1 1 10 12 1 1 9 12 1 1 100 1 10 12 10 12 1 9 12 1 100 1 100 1 10 12 1 1 11 12 1 1 10 12 1 10 12 1 10 12 1 1 9 12 1 1 10 12 1 1 10 100 12 1 1 10 12 1 1 9 12 1 10 100 12 1 1 1 9 12 1 1 10 100 1 10 12 1 9 12 1 1 10 12 1 1 10 12 1 1 1 1 1 1 1 1 1 1 1 1 1 1 1 1 100 1 100 1 1 1 1 1 1 1 1
staticfield java/lang/StackFrameInfo $assertionsDisabled Z 1
ciInstanceKlass java/lang/LiveStackFrameInfo 0 0 97 10 100 12 1 1 1 9 100 12 1 1 1 9 12 1 9 12 1 9 12 1 9 12 1 1 100 1 10 12 1 1 10 12 1 8 1 10 12 1 1 8 1 8 1 8 1 10 100 1 10 12 1 100 1 10 12 1 100 1 100 1 1 1 3 1 3 1 1 1 1 1 1 1 1 1 1 1 1 1 1 1 1 1 1 1 1 1 1 1 1 1 1 1 100 1 1
ciInstanceKlass java/lang/LiveStackFrame 0 0 112 100 1 10 100 12 1 1 1 11 100 12 1 1 1 11 12 1 9 100 12 1 1 1 10 100 12 1 1 1 10 100 12 1 1 1 11 12 1 10 12 1 100 1 100 1 1 1 1 1 1 1 1 1 1 1 1 1 1 1 1 1 1 1 1 1 1 1 1 1 100 1 1 1 1 1 1 1 100 1 8 1 1 12 10 1 1 1 8 1 1 1 8 1 1 1 8 1 1 1 8 1 1 8 1 1 1 8 1 1 8 1
instanceKlass java/lang/StackStreamFactory$StackFrameTraverser
instanceKlass java/lang/StackStreamFactory$CallerClassFinder
ciInstanceKlass java/lang/StackStreamFactory$AbstractStackWalker 1 1 364 7 1 100 1 3 10 7 12 1 1 1 10 7 12 1 1 10 7 12 1 1 1 9 12 1 1 9 12 1 1 9 12 1 1 9 12 1 9 12 1 10 7 12 1 1 1 10 12 1 1 10 100 12 1 1 9 12 1 1 9 12 1 1 10 12 1 1 9 12 1 1 10 7 12 1 1 1 10 12 1 1 9 12 1 1 9 100 12 1 1 1 100 1 10 8 1 10 12 1 1 10 12 1 8 1 10 12 1 1 10 100 12 1 1 1 100 1 8 1 10 12 1 8 1 10 12 10 7 12 1 1 9 12 1 1 8 1 5 0 8 1 8 1 9 12 1 1 10 12 1 1 18 12 1 1 10 100 12 1 1 1 10 12 1 1 10 12 1 10 12 1 9 7 12 1 1 1 10 12 1 1 9 12 1 10 12 1 10 12 1 10 12 1 10 12 1 10 12 1 10 12 1 1 8 1 10 12 1 10 12 1 10 12 1 10 12 1 1 8 1 10 12 1 1 10 12 1 1 10 12 1 1 10 12 1 10 12 1 10 12 1 9 12 1 8 1 10 12 1 8 1 10 12 1 10 12 1 1 10 12 1 10 12 1 10 12 1 1 10 12 1 10 12 1 10 12 1 10 12 1 10 12 1 10 12 1 1 10 12 1 10 12 1 10 12 1 10 12 1 8 1 1 1 1 1 1 1 1 1 1 1 1 1 100 1 1 1 1 1 1 100 1 1 1 1 100 1 1 1 1 1 1 1 1 1 1 1 1 1 1 1 1 1 1 16 15 15 10 100 12 1 1 1 1 1 1 1 1 100 1 100 1 1
ciInstanceKlass jdk/internal/module/Modules 1 1 481 10 100 12 1 1 1 9 7 12 1 1 1 11 7 12 1 1 1 11 12 1 1 11 12 1 1 11 12 1 1 11 12 1 11 12 1 11 12 1 11 12 1 11 12 1 11 12 1 1 10 100 12 1 1 1 10 12 1 1 10 100 12 1 1 10 100 12 1 1 1 10 100 12 1 1 10 12 1 1 11 12 1 9 12 1 1 11 7 12 1 1 1 10 12 1 1 10 10 12 1 10 100 1 9 12 1 1 10 100 12 1 1 10 12 1 1 10 100 12 1 1 1 100 1 11 100 12 1 1 1 10 100 12 1 1 1 11 100 12 1 1 10 12 1 1 10 100 12 1 1 10 100 12 1 1 1 10 12 1 1 10 12 1 1 11 12 1 1 18 12 1 1 11 100 12 1 1 10 100 12 1 1 1 11 100 12 1 1 1 100 1 11 12 1 1 11 100 12 1 1 1 11 12 1 1 10 12 1 1 10 100 12 1 1 18 12 1 1 11 12 1 1 18 12 1 1 11 12 1 1 10 12 1 18 18 10 12 1 1 9 12 1 1 11 100 12 1 1 1 100 1 10 11 12 1 11 12 1 1 10 100 1 10 12 1 1 10 100 12 1 1 10 12 1 1 11 12 10 12 1 1 100 1 10 18 12 1 10 12 1 1 100 1 8 1 10 12 1 10 100 12 1 1 18 12 1 11 11 12 10 12 1 10 10 100 1 18 12 1 10 10 10 7 12 1 1 10 7 12 1 1 1 10 12 1 1 1 1 1 1 1 1 1 1 1 1 1 1 1 1 1 1 1 1 1 1 1 1 1 1 1 1 1 1 1 1 1 1 1 1 1 1 1 1 1 1 1 1 1 1 1 1 1 1 1 1 1 1 1 1 1 1 1 1 1 1 1 1 100 1 1 1 1 1 1 1 1 1 1 1 1 1 1 1 1 1 1 1 1 1 1 1 16 15 10 12 1 16 1 16 1 15 10 12 1 16 1 16 1 15 10 12 16 1 15 10 16 1 15 10 12 16 1 16 15 10 12 16 15 10 12 16 15 10 12 15 10 100 12 1 1 1 1 1 1 100 1 100 1 1
staticfield jdk/internal/module/Modules JLA Ljdk/internal/access/JavaLangAccess; java/lang/System$1
staticfield jdk/internal/module/Modules JLMA Ljdk/internal/access/JavaLangModuleAccess; java/lang/module/ModuleDescriptor$1
staticfield jdk/internal/module/Modules $assertionsDisabled Z 1
ciInstanceKlass jdk/internal/loader/ClassLoaders 1 1 185 10 100 12 1 1 1 10 7 12 1 1 1 10 12 1 1 10 100 12 1 1 1 9 7 12 1 1 1 9 12 1 1 9 12 1 1 7 1 11 100 12 1 1 1 100 1 11 12 1 1 11 12 1 1 10 100 12 1 1 1 10 100 12 1 1 1 100 1 100 1 10 7 12 1 1 1 9 12 1 1 8 1 10 7 12 1 1 1 10 12 1 1 7 1 10 12 1 10 12 1 1 7 1 10 12 1 1 10 12 1 1 10 12 1 7 1 10 12 10 12 1 8 1 10 7 12 1 1 8 1 8 1 10 12 1 7 1 10 10 12 1 10 12 1 1 1 1 1 1 1 1 1 1 1 1 1 1 1 1 1 1 1 1 100 1 1 1 1 1 1 1 1 1 1 1 1 1 1 1 1 1 1 1 1
staticfield jdk/internal/loader/ClassLoaders JLA Ljdk/internal/access/JavaLangAccess; java/lang/System$1
staticfield jdk/internal/loader/ClassLoaders BOOT_LOADER Ljdk/internal/loader/ClassLoaders$BootClassLoader; jdk/internal/loader/ClassLoaders$BootClassLoader
staticfield jdk/internal/loader/ClassLoaders PLATFORM_LOADER Ljdk/internal/loader/ClassLoaders$PlatformClassLoader; jdk/internal/loader/ClassLoaders$PlatformClassLoader
staticfield jdk/internal/loader/ClassLoaders APP_LOADER Ljdk/internal/loader/ClassLoaders$AppClassLoader; jdk/internal/loader/ClassLoaders$AppClassLoader
ciInstanceKlass java/util/ArrayList 1 1 514 10 7 12 1 1 1 7 1 9 7 12 1 1 1 9 12 1 100 1 100 1 10 8 1 10 12 1 1 10 12 1 10 12 1 1 10 12 1 9 12 1 11 7 12 1 1 1 9 12 1 1 11 12 1 1 7 10 7 12 1 1 1 9 12 1 10 12 1 10 12 1 1 10 7 12 1 1 1 10 7 12 1 1 1 10 12 1 1 10 12 1 1 10 12 1 1 10 12 1 10 12 1 1 100 1 100 1 10 12 1 10 10 7 12 1 1 1 10 7 12 1 1 10 12 1 100 1 10 10 12 10 12 1 1 10 12 1 1 10 12 1 10 12 10 12 1 1 7 1 10 12 1 1 10 12 1 1 10 12 1 100 1 10 11 12 1 1 11 7 12 1 1 1 11 12 1 10 12 1 10 12 1 10 12 1 1 100 1 10 12 1 1 10 10 12 1 1 10 12 1 8 1 8 1 8 1 8 1 10 12 1 1 10 12 1 1 11 12 1 100 1 10 100 12 1 1 10 12 1 10 12 1 1 10 100 12 1 1 10 12 1 10 100 12 1 1 1 11 100 12 1 1 1 10 12 1 100 1 8 1 10 7 1 10 12 1 7 1 10 12 1 10 12 1 1 7 1 10 12 1 10 12 1 1 11 100 12 1 1 7 1 10 12 1 10 12 1 1 11 100 12 1 1 10 12 1 1 10 12 1 1 10 12 1 1 10 12 1 1 11 100 12 1 1 10 12 1 1 10 12 1 1 100 1 100 1 100 1 1 1 1 5 0 1 3 1 1 1 1 1 1 1 1 1 1 1 1 1 1 1 1 1 1 1 1 1 1 1 1 1 1 1 1 1 1 1 1 1 1 1 1 1 1 1 1 1 1 1 1 1 1 1 1 1 1 1 1 1 1 1 1 1 1 1 1 1 1 1 1 1 1 1 1 1 1 1 1 1 1 1 1 1 1 1 1 1 1 1 1 1 1 1 1 1 1 1 1 1 1 1 1 1 1 1 1 1 1 1 1 100 1 1 1 1 100 1 1 1 1 1 1 1 1 1 1 1 1 1 1 1 1 1 1 1 1 1 1 1 1 1 1 1 1 1 100 1 1 1 1 1 1 1 1 1 1 1 1 1 1 1 1 1 1 1 100 1 100 1 1 1 1 1 1
staticfield java/util/ArrayList EMPTY_ELEMENTDATA [Ljava/lang/Object; 0 [Ljava/lang/Object;
staticfield java/util/ArrayList DEFAULTCAPACITY_EMPTY_ELEMENTDATA [Ljava/lang/Object; 0 [Ljava/lang/Object;
ciInstanceKlass java/util/List 1 1 251 10 100 12 1 1 1 11 100 12 1 1 1 11 100 12 1 1 1 11 12 1 1 11 100 12 1 1 11 12 1 1 11 12 1 1 10 100 12 1 1 1 7 1 7 1 10 12 1 1 100 1 10 100 12 1 1 1 11 12 1 1 11 12 1 11 12 1 100 1 10 12 1 11 12 1 1 11 12 1 1 11 12 1 10 100 12 1 1 1 9 7 12 1 1 1 7 1 10 12 10 12 1 7 1 10 12 1 1 10 12 1 10 12 1 1 11 12 1 1 100 1 1 1 1 1 1 1 1 1 1 1 1 1 1 1 1 1 1 1 1 1 1 1 1 1 1 1 1 1 1 1 1 1 1 1 1 1 1 1 1 1 1 1 1 100 1 100 1 1 1 1 1 1 1 1 1 1 1 1 1 1 1 1 1 1 1 1 1 1 1 1 1 1 1 1 1 1 1 1 1 1 1 1 1 1 1 1 1 1 1 1 1 1 1 1 1 1 1 1 1 1 1 1 1 1 1 1 1 1 1 1 1 1 1 1 1 1 1 1 1 1 1 1 100 1 1 100 1 1 1
ciInstanceKlass java/util/SequencedCollection 1 1 104 100 1 10 12 1 1 11 100 12 1 1 1 11 100 12 1 1 1 11 12 1 1 11 12 1 100 1 100 1 1 1 1 1 1 1 1 1 1 1 1 1 1 1 1 1 1 1 1 1 1 1 1 1 1 1 1 1 100 1 8 1 12 10 1 1 8 1 1 1 8 1 1 8 1 1 1 8 1 1 8 1 1 1 8 1 1 8 1 8 1 1 8 1 1 1 8 1 1 8 1 1 8 1
ciInstanceKlass java/lang/Iterable 1 1 62 10 7 12 1 1 1 11 7 12 1 1 1 11 7 12 1 1 1 11 12 1 1 11 7 12 1 1 1 10 100 12 1 1 1 100 1 1 1 1 1 1 1 1 1 1 1 1 1 1 1 1 1 1 1 1 1 1 1 1 1 1
ciInstanceKlass java/util/RandomAccess 1 0 7 100 1 100 1 1 1
instanceKlass java/util/concurrent/ConcurrentLinkedDeque
instanceKlass java/util/TreeMap$Values
instanceKlass java/util/EnumMap$Values
instanceKlass java/util/IdentityHashMap$Values
instanceKlass java/util/LinkedHashMap$LinkedValues
instanceKlass java/util/WeakHashMap$Values
instanceKlass java/util/AbstractQueue
instanceKlass java/util/HashMap$Values
instanceKlass java/util/ArrayDeque
instanceKlass java/util/AbstractSet
instanceKlass java/util/ImmutableCollections$AbstractImmutableCollection
instanceKlass java/util/AbstractList
ciInstanceKlass java/util/AbstractCollection 1 1 160 10 7 12 1 1 1 10 7 12 1 1 1 10 12 1 1 11 7 12 1 1 1 11 12 1 1 10 12 1 1 10 100 12 1 1 1 10 12 1 1 10 12 1 1 10 7 12 1 1 10 7 12 1 1 1 7 1 10 100 12 1 1 1 10 100 12 1 1 1 100 1 10 11 12 1 11 7 1 10 12 1 10 12 1 10 100 12 1 1 1 11 8 1 100 1 10 10 12 1 1 8 1 10 12 1 10 12 1 1 1 1 1 1 1 1 1 1 1 1 1 1 1 1 1 1 1 1 1 1 1 1 1 1 1 1 1 1 1 1 1 1 1 1 1 1 1 1 1 1 1 1 1 1 1 1 1 1 1 1
instanceKlass com/sun/javafx/UnmodifiableArrayList
instanceKlass java/util/Collections$SingletonList
instanceKlass java/util/AbstractList$SubList
instanceKlass java/util/Vector
instanceKlass javafx/collections/ObservableListBase
instanceKlass javafx/collections/FXCollections$EmptyObservableList
instanceKlass java/util/Arrays$ArrayList
instanceKlass sun/security/jca/ProviderList$2
instanceKlass java/util/AbstractSequentialList
instanceKlass java/util/ArrayList$SubList
instanceKlass java/util/Collections$EmptyList
instanceKlass java/util/ArrayList
ciInstanceKlass java/util/AbstractList 1 1 218 10 7 12 1 1 1 9 7 12 1 1 1 10 12 1 1 10 12 1 1 100 1 10 10 12 1 1 11 7 12 1 1 1 11 12 1 1 11 12 1 10 7 12 1 1 1 10 12 1 11 12 1 11 12 1 11 12 1 10 12 1 1 10 12 1 1 11 100 12 1 1 1 11 7 1 11 7 1 10 12 1 7 1 10 12 1 10 12 1 1 7 1 7 1 10 12 1 100 1 10 100 1 100 1 10 8 1 10 12 1 1 10 12 1 10 12 1 1 10 12 1 8 1 100 1 8 1 8 1 8 1 10 7 1 11 10 10 12 1 11 12 1 10 12 1 1 8 1 8 1 1 1 1 1 1 1 1 1 1 1 1 1 1 1 1 1 1 1 1 1 1 1 1 1 1 1 1 1 1 1 1 1 1 1 1 1 1 1 1 1 1 1 1 1 1 1 1 1 1 1 1 1 1 1 1 1 1 100 1 100 1 1 1 1 1 1 1
ciInstanceKlass java/util/Comparator 1 1 288 10 100 12 1 1 1 10 100 12 1 1 1 18 12 1 1 100 1 100 1 11 12 1 1 11 12 1 11 12 1 11 12 1 1 11 12 1 1 11 12 1 1 10 12 1 9 100 12 1 1 1 100 1 10 12 1 1 18 12 1 18 12 18 12 18 12 18 12 10 100 12 1 1 1 10 100 12 1 1 1 8 1 10 12 1 1 8 1 8 1 8 1 8 1 8 1 10 12 1 10 12 1 8 10 100 1 10 12 1 8 10 12 1 8 1 10 12 1 10 12 1 8 1 10 12 1 1 100 1 8 1 100 1 8 1 8 1 100 1 8 1 8 1 100 1 100 1 8 1 10 12 1 11 12 1 1 10 100 12 1 1 11 12 1 1 10 100 12 1 1 11 12 1 1 10 100 12 1 1 11 12 1 100 1 11 12 1 11 12 1 1 1 1 1 1 1 1 1 1 1 1 1 1 1 1 1 1 1 1 1 1 1 1 1 1 1 1 1 1 1 1 1 1 1 1 1 1 1 1 1 1 1 1 1 1 1 1 1 1 1 1 1 1 1 1 1 1 1 1 16 15 11 12 3 3 15 11 12 15 11 12 15 11 12 15 11 12 15 11 12 15 10 100 12 1 1 1 1 100 1 1 1 100 1 100 1 1
ciMethod java/util/Comparator compare (Ljava/lang/Object;Ljava/lang/Object;)I 0 0 1 0 -1
ciInstanceKlass java/lang/annotation/Annotation 1 0 17 100 1 100 1 1 1 1 1 1 1 1 1 1 1 1 1
ciInstanceKlass java/util/TimSort 1 1 224 10 7 12 1 1 1 7 1 9 12 1 1 9 12 1 9 12 1 1 9 12 1 1 10 12 1 1 10 7 12 1 1 10 7 12 1 1 1 7 9 12 1 9 12 1 9 12 1 3 9 12 1 1 9 12 1 9 12 1 1 100 1 10 10 12 1 1 10 12 1 1 10 12 1 10 12 1 1 10 12 1 1 10 12 1 10 12 1 11 7 12 1 1 1 10 7 12 1 1 1 10 12 1 1 10 12 1 1 10 12 1 1 10 12 1 10 12 1 1 10 12 1 10 12 1 1 100 1 8 1 10 12 1 10 7 12 1 1 10 7 12 1 1 1 10 12 1 1 1 1 3 1 1 1 1 3 1 3 1 1 1 1 1 1 1 1 1 1 1 1 1 1 1 1 1 1 1 1 1 1 1 1 1 1 1 1 1 1 1 1 1 1 1 1 1 1 1 1 1 1 1 1 1 1 1 1 1 1 1 1 1 1 1 1 1 1 1 1 1 1 1 1 1
staticfield java/util/TimSort $assertionsDisabled Z 1
ciMethod java/util/TimSort ensureCapacity (I)[Ljava/lang/Object; 538 0 3488 0 0
ciMethod java/util/TimSort gallopRight (Ljava/lang/Object;[Ljava/lang/Object;IIILjava/util/Comparator;)I 4236 17764 5295 0 -1
ciMethod java/util/TimSort gallopLeft (Ljava/lang/Object;[Ljava/lang/Object;IIILjava/util/Comparator;)I 514 1902 3385 0 -1
ciMethod java/util/TimSort mergeLo (IIII)V 210 1994 2283 0 -1
ciMethod java/lang/Math min (II)I 532 0 72170 0 -1
ciMethod java/lang/Object getClass ()Ljava/lang/Class; 256 0 128 0 -1
ciInstanceKlass java/lang/AssertionError 0 0 79 10 100 12 1 1 1 10 12 1 10 100 12 1 1 1 10 100 1 100 1 10 12 1 1 10 12 1 10 12 1 10 12 1 10 12 1 10 12 1 10 12 1 10 12 1 1 1 1 5 0 1 1 1 1 1 1 1 1 1 1 100 1 1 1 1 1 1 1 1 1 1 1 1 1 1 1 1 1
instanceKlass sun/java2d/loops/SetDrawLineANY
ciInstanceKlass sun/java2d/loops/DrawLine 1 1 69 9 7 12 1 1 1 10 7 12 1 1 1 9 12 1 1 10 7 12 1 1 1 10 12 1 100 1 10 12 1 8 1 10 7 12 1 1 1 10 12 1 1 1 1 1 1 1 1 1 1 1 1 1 1 1 1 1 1 1 1 1 1 1 1 1 1 1 1
staticfield sun/java2d/loops/DrawLine methodSignature Ljava/lang/String; "DrawLine(...)"
staticfield sun/java2d/loops/DrawLine primTypeID I 2
instanceKlass sun/java2d/loops/OpaqueCopyArgbToAny
instanceKlass sun/java2d/loops/OpaqueCopyAnyToArgb
instanceKlass sun/java2d/loops/Blit$GeneralMaskBlit
ciInstanceKlass sun/java2d/loops/Blit 1 1 187 9 7 12 1 1 1 10 7 12 1 1 1 9 12 1 1 10 7 12 1 1 1 10 12 1 9 100 12 1 1 1 8 1 10 100 12 1 1 1 10 7 12 1 1 1 18 12 1 1 18 18 10 12 1 1 9 12 1 1 10 7 12 1 1 1 10 12 1 9 7 12 1 1 1 10 12 1 1 100 1 10 12 1 10 12 1 1 9 12 1 7 1 10 9 100 12 1 1 1 100 1 10 12 1 8 1 10 12 1 1 10 12 1 1 10 12 1 10 10 7 12 1 1 1 1 1 1 1 1 1 1 1 1 1 1 1 1 1 1 1 100 1 1 1 1 1 1 1 1 1 1 1 1 1 1 1 1 1 1 1 8 1 8 1 8 1 15 10 100 12 1 1 1 1 100 1 1 1 1 1 1 100 1 100 1 1
staticfield sun/java2d/loops/Blit methodSignature Ljava/lang/String; "Blit(...)"
staticfield sun/java2d/loops/Blit primTypeID I 3
instanceKlass sun/java2d/loops/SetFillRectANY
ciInstanceKlass sun/java2d/loops/FillRect 1 1 84 9 7 12 1 1 1 10 7 12 1 1 1 9 12 1 1 10 7 12 1 1 1 10 12 1 100 1 10 12 1 100 1 10 12 1 8 1 10 7 12 1 1 1 10 12 1 1 10 10 7 12 1 1 1 1 1 1 1 1 1 1 1 1 1 1 1 1 1 1 1 1 1 1 1 1 1 1 1 1 1 1 1 1
staticfield sun/java2d/loops/FillRect methodSignature Ljava/lang/String; "FillRect(...)"
staticfield sun/java2d/loops/FillRect primTypeID I 6
instanceKlass sun/java2d/loops/SetFillSpansANY
ciInstanceKlass sun/java2d/loops/FillSpans 1 1 89 9 7 12 1 1 1 10 7 12 1 1 1 9 12 1 1 10 7 12 1 1 1 10 12 1 9 100 12 1 1 11 100 12 1 1 1 10 12 1 1 100 1 10 12 1 8 1 10 7 12 1 1 1 10 12 1 1 1 1 1 1 1 1 1 1 1 1 1 1 1 1 1 1 1 1 1 1 1 1 1 1 1 1 1 1 1 1 1
staticfield sun/java2d/loops/FillSpans methodSignature Ljava/lang/String; "FillSpans(...)"
staticfield sun/java2d/loops/FillSpans primTypeID I 7
ciInstanceKlass sun/java2d/loops/FillParallelogram 1 1 69 9 7 12 1 1 1 10 7 12 1 1 1 9 12 1 1 10 7 12 1 1 1 10 12 1 100 1 10 12 1 8 1 10 7 12 1 1 1 10 12 1 1 1 1 1 1 1 1 1 1 1 1 1 1 1 1 1 1 1 1 1 1 1 1 1 1 1 1
staticfield sun/java2d/loops/FillParallelogram methodSignature Ljava/lang/String; "FillParallelogram(...)"
staticfield sun/java2d/loops/FillParallelogram primTypeID I 8
instanceKlass sun/java2d/loops/SetDrawPathANY
ciInstanceKlass sun/java2d/loops/DrawPath 1 1 74 9 7 12 1 1 1 10 7 12 1 1 1 9 12 1 1 10 7 12 1 1 1 10 12 1 100 1 10 12 1 8 1 10 7 12 1 1 1 10 12 1 1 1 1 1 1 1 1 1 1 1 1 1 1 1 1 1 1 1 1 1 1 1 1 1 1 1 1 100 1 100 1 1
staticfield sun/java2d/loops/DrawPath methodSignature Ljava/lang/String; "DrawPath(...)"
staticfield sun/java2d/loops/DrawPath primTypeID I 12
instanceKlass sun/java2d/loops/SetFillPathANY
ciInstanceKlass sun/java2d/loops/FillPath 1 1 74 9 7 12 1 1 1 10 7 12 1 1 1 9 12 1 1 10 7 12 1 1 1 10 12 1 100 1 10 12 1 8 1 10 7 12 1 1 1 10 12 1 1 1 1 1 1 1 1 1 1 1 1 1 1 1 1 1 1 1 1 1 1 1 1 1 1 1 1 100 1 100 1 1
staticfield sun/java2d/loops/FillPath methodSignature Ljava/lang/String; "FillPath(...)"
staticfield sun/java2d/loops/FillPath primTypeID I 13
instanceKlass sun/java2d/loops/DrawGlyphList$General
ciInstanceKlass sun/java2d/loops/DrawGlyphList 1 1 84 9 7 12 1 1 1 10 7 12 1 1 1 9 12 1 1 10 7 12 1 1 1 10 12 1 7 1 10 12 1 100 1 10 12 1 8 1 10 7 12 1 1 1 10 12 1 1 10 10 7 12 1 1 1 1 1 1 1 1 1 1 1 1 1 1 1 1 1 1 1 1 1 1 1 1 1 1 1 1 1 1 1 1
staticfield sun/java2d/loops/DrawGlyphList methodSignature Ljava/lang/String; "DrawGlyphList(...)"
staticfield sun/java2d/loops/DrawGlyphList primTypeID I 16
instanceKlass sun/java2d/loops/DrawGlyphListAA$General
ciInstanceKlass sun/java2d/loops/DrawGlyphListAA 1 1 84 9 7 12 1 1 1 10 7 12 1 1 1 9 12 1 1 10 7 12 1 1 1 10 12 1 7 1 10 12 1 100 1 10 12 1 8 1 10 7 12 1 1 1 10 12 1 1 10 10 7 12 1 1 1 1 1 1 1 1 1 1 1 1 1 1 1 1 1 1 1 1 1 1 1 1 1 1 1 1 1 1 1 1
staticfield sun/java2d/loops/DrawGlyphListAA methodSignature Ljava/lang/String; "DrawGlyphListAA(...)"
staticfield sun/java2d/loops/DrawGlyphListAA primTypeID I 17
ciInstanceKlass sun/java2d/loops/GraphicsPrimitiveProxy 1 1 129 10 7 12 1 1 1 9 7 12 1 1 1 9 12 1 1 10 7 12 1 1 1 10 12 1 1 18 12 1 1 10 12 1 1 10 12 1 1 7 1 10 7 12 1 1 1 10 12 1 1 100 1 10 7 12 1 1 1 18 10 12 1 100 1 10 12 1 10 12 1 1 10 12 1 1 10 12 1 1 10 12 1 1 1 1 1 1 1 1 1 1 1 1 1 1 1 1 1 1 1 1 1 1 1 1 1 1 1 1 1 1 1 8 1 8 1 15 10 7 12 1 1 1 100 1 100 1 1
ciInstanceKlass sun/java2d/loops/GraphicsPrimitiveMgr$1 1 1 48 10 7 12 1 1 1 10 7 12 1 1 1 10 7 12 1 1 1 10 7 12 1 1 100 1 1 1 1 1 1 1 1 1 1 1 1 1 1 1 1 1 1 1 100 1 1 1
ciInstanceKlass com/sun/javafx/geom/Order1 1 1 149 10 7 12 1 1 1 9 7 12 1 1 1 9 12 1 9 12 1 9 12 1 9 12 1 9 12 1 9 12 1 1 10 100 12 1 1 1 10 12 1 10 12 1 10 12 1 10 12 1 1 10 12 1 1 10 100 12 1 1 1 10 12 1 1 10 12 1 10 12 1 1 100 1 8 1 10 12 1 10 7 12 1 1 1 18 12 1 1 10 12 1 10 12 1 1 100 1 1 1 1 1 1 1 1 1 1 1 1 1 1 1 1 1 1 1 1 1 1 1 1 1 1 1 1 1 1 1 100 1 1 1 1 1 1 15 10 100 12 1 1 8 1 1 100 1 100 1 1
ciInstanceKlass com/sun/javafx/geom/Order3 1 1 261 10 7 12 1 1 1 10 12 1 1 10 12 1 1 7 1 10 12 1 1 10 7 12 1 1 1 6 0 10 7 12 1 1 1 6 0 6 0 10 12 1 1 10 12 1 9 12 1 1 9 12 1 9 12 1 9 12 1 9 12 1 9 12 1 9 12 1 9 12 1 10 12 1 1 9 12 1 10 12 1 9 12 1 9 12 1 6 0 9 12 1 9 12 1 9 12 1 9 12 1 9 12 1 9 12 1 9 12 1 9 12 1 9 12 1 9 12 1 9 12 1 1 9 12 1 9 12 1 9 12 1 10 100 12 1 1 1 6 0 6 0 6 0 10 12 1 10 12 1 10 12 1 1 6 0 6 0 10 12 1 10 12 1 6 0 6 0 6 0 10 12 1 1 10 12 10 12 1 6 0 10 100 12 1 1 10 12 1 1 100 1 10 12 1 1 10 12 1 10 12 1 10 12 1 10 12 1 18 12 1 1 1 1 1 1 1 100 1 1 1 1 1 1 1 1 1 1 1 1 1 1 1 1 1 1 1 1 1 1 1 1 1 1 1 1 1 15 10 100 12 1 1 8 1 1 100 1 100 1 1
ciInstanceKlass  @bci com/sun/javafx/geom/AreaOp <clinit> ()V 0 <appendix> argL0 ; 1 1 20 1 7 1 1 1 7 12 10 1 1 1 7 1 12 10 1 100 1 1
ciInstanceKlass com/sun/javafx/geom/Edge 1 1 109 100 1 10 7 12 1 1 1 10 7 12 1 1 9 12 1 1 9 12 1 1 9 12 1 9 12 1 9 12 1 1 9 12 1 1 9 12 1 10 7 12 1 1 1 9 12 1 10 100 12 1 1 1 8 1 8 1 8 8 1 8 1 18 12 1 1 1 1 3 1 3 1 1 1 1 1 1 1 1 1 1 1 1 1 1 1 1 1 1 1 1 1 1 1 15 10 100 12 1 1 8 1 1 100 1 100 1 1
ciMethodData java/lang/reflect/Array newInstance (Ljava/lang/Class;I)Ljava/lang/Object; 2 3381 orig 80 0 0 0 0 0 0 0 0 0 0 0 0 0 0 0 0 0 0 0 0 0 0 0 0 0 0 0 0 0 0 0 0 0 0 0 0 0 0 0 0 0 0 0 0 0 0 0 0 0 0 0 0 0 0 0 0 0 0 0 0 0 0 0 0 0 0 0 0 0 0 0 0 0 0 0 0 0 0 0 0 data 12 0x20002 0xd35 0x0 0x0 0x0 0x0 0x0 0x0 0x9 0x2 0x0 0x0 oops 0 methods 0
ciMethodData java/util/TimSort gallopRight (Ljava/lang/Object;[Ljava/lang/Object;IIILjava/util/Comparator;)I 2 3177 orig 80 0 0 0 0 0 0 0 0 0 0 0 0 0 0 0 0 0 0 0 0 0 0 0 0 0 0 0 0 0 0 0 0 0 0 0 0 0 0 0 0 0 0 0 0 0 0 0 0 0 0 0 0 0 0 0 0 0 0 0 0 0 0 0 0 0 0 0 0 0 0 0 0 0 0 0 0 0 0 0 0 data 143 0x30007 0xc69 0x90 0x0 0x70007 0x0 0x60 0x0 0xc0007 0x0 0x40 0x0 0x120007 0x0 0x30 0x0 0x190002 0x0 0x2c0005 0x0 0x20677589780 0xc69 0x0 0x0 0x310007 0x5b3 0x100 0x6b6 0x3e0007 0x4f2 0xa8 0xb15 0x4d0005 0x0 0x20677589780 0xb15 0x0 0x0 0x520007 0x1c4 0x58 0x951 0x630007 0x951 0xffffffffffffff90 0x0 0x6a0003 0x0 0xffffffffffffff70 0x710007 0x5b6 0x20 0x100 0x8a0003 0x6b6 0xe0 0x970007 0x446 0xa8 0x163b 0xa60005 0x0 0x20677589780 0x163b 0x0 0x0 0xab0007 0x16d 0x58 0x14ce 0xbc0007 0x14ce 0xffffffffffffff90 0x0 0xc30003 0x0 0xffffffffffffff70 0xca0007 0x1df 0x20 0x3d4 0xe20007 0xc69 0x90 0x0 0xe80007 0x0 0x60 0x0 0xef0007 0x0 0x40 0x0 0xf50007 0x0 0x30 0x0 0xfc0002 0x0 0x1070007 0xc69 0xa0 0x1881 0x11f0005 0x0 0x20677589780 0x1881 0x0 0x0 0x1240007 0xd99 0x38 0xae8 0x12b0003 0xae8 0x18 0x1340003 0x1881 0xffffffffffffff78 0x13a0007 0xc69 0x50 0x0 0x1410007 0x0 0x30 0x0 0x1480002 0x0 0x0 0x0 0x0 0x0 0x0 0x0 0x9 0x6 0x0 0x0 0x0 0x0 0x0 0x0 oops 4 20  @bci com/sun/javafx/geom/AreaOp <clinit> ()V 0 <appendix> argL0 ; 34  @bci com/sun/javafx/geom/AreaOp <clinit> ()V 0 <appendix> argL0 ; 62  @bci com/sun/javafx/geom/AreaOp <clinit> ()V 0 <appendix> argL0 ; 105  @bci com/sun/javafx/geom/AreaOp <clinit> ()V 0 <appendix> argL0 ; methods 0
ciMethod com/sun/javafx/geom/AreaOp lambda$static$0 (Ljava/lang/Object;Ljava/lang/Object;)I 1024 0 12732 0 472
instanceKlass com/sun/javafx/geom/AreaOp$CAGOp
instanceKlass com/sun/javafx/geom/AreaOp$NZWindOp
instanceKlass com/sun/javafx/geom/AreaOp$EOWindOp
ciInstanceKlass com/sun/javafx/geom/AreaOp 1 1 302 10 7 12 1 1 1 7 1 10 7 1 10 12 1 1 10 12 1 1 10 12 1 1 11 7 12 1 1 1 11 12 1 1 7 1 10 12 1 1 7 1 10 12 1 10 12 1 1 10 12 1 10 12 1 1 7 1 9 12 1 1 10 7 12 1 1 1 10 12 1 1 10 12 1 1 10 12 1 10 12 1 1 10 12 1 1 10 12 1 1 100 1 18 12 1 1 10 12 1 10 12 1 10 12 1 10 12 1 10 12 1 1 10 12 1 1 10 12 1 1 7 1 10 12 1 9 100 12 1 1 1 8 1 10 100 12 1 1 18 12 1 18 18 12 1 18 8 1 10 12 1 18 10 12 1 1 10 12 1 10 12 1 10 12 1 1 10 12 1 1 10 12 1 8 1 7 1 10 12 1 1 9 12 1 1 8 1 9 12 1 1 10 12 1 10 10 12 1 1 10 12 1 10 12 1 1 10 12 1 1 10 12 1 18 12 1 1 1 1 1 3 1 3 1 1 1 3 1 1 1 1 1 1 1 100 1 100 100 1 1 1 1 1 1 100 1 100 1 100 1 100 1 100 1 100 1 100 1 1 15 10 100 12 1 1 8 1 8 1 8 1 8 1 8 1 8 1 15 10 7 12 1 1 1 16 15 10 12 1 1 1 1 1 1 1 1 100 1 100 1 1
staticfield com/sun/javafx/geom/AreaOp EmptyLinkList [Lcom/sun/javafx/geom/CurveLink; 2 [Lcom/sun/javafx/geom/CurveLink;
staticfield com/sun/javafx/geom/AreaOp EmptyChainList [Lcom/sun/javafx/geom/ChainEnd; 2 [Lcom/sun/javafx/geom/ChainEnd;
ciMethod com/sun/javafx/geom/Curve getXTop ()D 0 0 1 0 -1
ciMethod com/sun/javafx/geom/Curve getYTop ()D 0 0 1 0 -1
instanceKlass com/sun/javafx/geom/Order3
instanceKlass com/sun/javafx/geom/Order1
instanceKlass com/sun/javafx/geom/Order0
ciInstanceKlass com/sun/javafx/geom/Curve 1 1 324 7 1 10 12 1 1 10 7 12 1 1 1 7 1 7 1 10 12 1 10 100 12 1 1 1 10 7 12 1 1 10 7 12 1 1 9 12 1 1 10 12 1 1 10 100 12 1 1 1 10 7 12 1 1 1 10 12 1 1 10 12 1 1 10 12 1 1 10 12 1 1 10 12 1 10 12 1 1 10 12 1 10 12 1 8 1 8 1 18 12 1 1 8 1 10 12 1 10 12 1 10 12 1 10 12 1 10 12 1 10 100 12 1 1 10 12 1 10 12 1 10 12 1 10 12 1 10 12 1 10 12 1 1 10 12 1 1 10 12 1 1 10 12 1 9 100 12 1 1 1 10 100 12 1 1 1 18 12 1 10 100 12 1 1 1 18 9 12 1 18 12 1 100 1 18 10 12 10 12 1 10 12 1 10 12 10 12 1 6 0 6 0 10 12 1 1 6 0 6 0 6 0 18 12 1 10 12 1 1 7 1 18 18 18 18 18 10 12 1 1 6 0 18 18 8 1 18 18 8 1 8 1 6 0 1 1 3 1 3 1 1 1 1 1 1 1 1 1 1 1 1 1 1 1 1 1 1 1 1 1 1 1 1 1 1 1 1 1 1 1 1 1 1 1 100 1 1 1 1 1 1 15 10 100 12 1 1 8 1 8 1 8 1 8 1 8 1 8 1 8 1 8 1 8 1 8 1 8 1 8 1 8 1 8 1 8 1 1 100 1 100 1 1
ciMethod com/sun/javafx/geom/Order1 getXTop ()D 4300 0 2150 0 0
ciMethod com/sun/javafx/geom/Order1 getYTop ()D 7770 0 3885 0 0
ciMethod com/sun/javafx/geom/Order3 getXTop ()D 148 0 74 0 0
ciMethod com/sun/javafx/geom/Order3 getYTop ()D 436 0 218 0 0
ciMethod  @bci com/sun/javafx/geom/AreaOp <clinit> ()V 0 <appendix> argL0 ; compare (Ljava/lang/Object;Ljava/lang/Object;)I 1024 0 12732 0 480
ciMethod com/sun/javafx/geom/Edge getCurve ()Lcom/sun/javafx/geom/Curve; 7348 0 3674 0 0
ciMethodData  @bci com/sun/javafx/geom/AreaOp <clinit> ()V 0 <appendix> argL0 ; compare (Ljava/lang/Object;Ljava/lang/Object;)I 2 12220 orig 80 0 0 0 0 0 0 0 0 0 0 0 0 0 0 0 0 0 0 0 0 0 0 0 0 0 0 0 0 0 0 0 0 0 0 0 0 0 0 0 0 0 0 0 0 0 0 0 0 0 0 0 0 0 0 0 0 0 0 0 0 0 0 0 0 0 0 0 0 0 0 0 0 0 0 0 0 0 0 0 0 data 13 0x20002 0x2fbd 0x0 0x0 0x0 0x0 0x0 0x0 0x9 0x3 0x0 0x0 0x0 oops 0 methods 0
ciMethodData com/sun/javafx/geom/AreaOp lambda$static$0 (Ljava/lang/Object;Ljava/lang/Object;)I 2 12220 orig 80 0 0 0 0 0 0 0 0 0 0 0 0 0 0 0 0 0 0 0 0 0 0 0 0 0 0 0 0 0 0 0 0 0 0 0 0 0 0 0 0 0 0 0 0 0 0 0 0 0 0 0 0 0 0 0 0 0 0 0 0 0 0 0 0 0 0 0 0 0 0 0 0 0 0 0 0 0 0 0 0 data 70 0x10004 0x0 0x20677589630 0x2fbd 0x0 0x0 0x40005 0xa2f 0x20677589630 0x258e 0x0 0x0 0x90004 0x0 0x20677589630 0x2fbd 0x0 0x0 0xc0005 0xa2f 0x20677589630 0x258e 0x0 0x0 0x110005 0x0 0x2065775b9f0 0x2dc5 0x2065775ba98 0x1f8 0x180005 0x0 0x2065775b9f0 0x2de1 0x2065775ba98 0x1dc 0x1f0007 0x2356 0xa0 0xc67 0x230005 0x0 0x2065775b9f0 0xc3b 0x2065775ba98 0x2c 0x2a0005 0x0 0x2065775b9f0 0xc49 0x2065775ba98 0x1e 0x310007 0xc3f 0x20 0x28 0x3b0007 0x19d5 0x20 0x15c0 0x0 0x0 0x0 0x0 0x0 0x0 0x9 0x2 0x0 0x0 oops 12 2 com/sun/javafx/geom/Edge 8 com/sun/javafx/geom/Edge 14 com/sun/javafx/geom/Edge 20 com/sun/javafx/geom/Edge 26 com/sun/javafx/geom/Order1 28 com/sun/javafx/geom/Order3 32 com/sun/javafx/geom/Order1 34 com/sun/javafx/geom/Order3 42 com/sun/javafx/geom/Order1 44 com/sun/javafx/geom/Order3 48 com/sun/javafx/geom/Order1 50 com/sun/javafx/geom/Order3 methods 0
ciMethodData java/util/TimSort gallopLeft (Ljava/lang/Object;[Ljava/lang/Object;IIILjava/util/Comparator;)I 2 3128 orig 80 0 0 0 0 0 0 0 0 0 0 0 0 0 0 0 0 0 0 0 0 0 0 0 0 0 0 0 0 0 0 0 0 0 0 0 0 0 0 0 0 0 0 0 0 0 0 0 0 0 0 0 0 0 0 0 0 0 0 0 0 0 0 0 0 0 0 0 0 0 0 0 0 0 0 0 0 0 0 0 0 data 143 0x30007 0xc38 0x90 0x0 0x70007 0x0 0x60 0x0 0xc0007 0x0 0x40 0x0 0x120007 0x0 0x30 0x0 0x190002 0x0 0x2c0005 0x0 0x20677589780 0xb8d 0x20677589828 0xab 0x310007 0x63c 0x100 0x5fc 0x3e0007 0x551 0xa8 0x9b0 0x4d0005 0x0 0x20677589780 0x8e9 0x20677589828 0xc7 0x520007 0xab 0x58 0x905 0x630007 0x905 0xffffffffffffff90 0x0 0x6a0003 0x0 0xffffffffffffff70 0x710007 0x481 0x20 0x17b 0x860003 0x5fc 0xe0 0x930007 0x379 0xa8 0x1691 0xa20005 0x0 0x20677589780 0x15f8 0x20677589828 0x99 0xa70007 0x2c3 0x58 0x13ce 0xb80007 0x13ce 0xffffffffffffff90 0x0 0xbf0003 0x0 0xffffffffffffff70 0xc60007 0x2f4 0x20 0x348 0xe20007 0xc38 0x90 0x0 0xe80007 0x0 0x60 0x0 0xef0007 0x0 0x40 0x0 0xf50007 0x0 0x30 0x0 0xfc0002 0x0 0x1070007 0xc38 0xa0 0x1720 0x11f0005 0x0 0x20677589780 0x1647 0x20677589828 0xd9 0x1240007 0xca7 0x38 0xa79 0x12d0003 0xa79 0x18 0x1340003 0x1720 0xffffffffffffff78 0x13a0007 0xc38 0x50 0x0 0x1410007 0x0 0x30 0x0 0x1480002 0x0 0x0 0x0 0x0 0x0 0x0 0x0 0x9 0x6 0x0 0x0 0x0 0x0 0x0 0x0 oops 8 20  @bci com/sun/javafx/geom/AreaOp <clinit> ()V 0 <appendix> argL0 ; 22 sun/java2d/loops/GraphicsPrimitiveMgr$1 34  @bci com/sun/javafx/geom/AreaOp <clinit> ()V 0 <appendix> argL0 ; 36 sun/java2d/loops/GraphicsPrimitiveMgr$1 62  @bci com/sun/javafx/geom/AreaOp <clinit> ()V 0 <appendix> argL0 ; 64 sun/java2d/loops/GraphicsPrimitiveMgr$1 105  @bci com/sun/javafx/geom/AreaOp <clinit> ()V 0 <appendix> argL0 ; 107 sun/java2d/loops/GraphicsPrimitiveMgr$1 methods 0
ciMethodData java/util/TimSort mergeLo (IIII)V 2 2178 orig 80 2 0 0 0 0 0 0 0 0 0 0 0 0 0 0 0 0 0 0 0 0 6 0 0 0 0 0 0 0 0 0 0 0 0 0 0 0 0 0 0 0 0 0 0 0 0 0 0 0 0 0 0 0 0 0 0 0 0 0 0 0 0 0 0 0 0 0 0 0 0 0 0 0 0 0 0 0 0 0 0 data 279 0x30007 0x882 0x90 0x0 0x70007 0x0 0x60 0x0 0xc0007 0x0 0x40 0x0 0x130007 0x0 0x30 0x0 0x1a0002 0x0 0x260005 0x882 0x0 0x0 0x0 0x0 0x3f0002 0x882 0x8000000500510004 0xd 0x20677589630 0x873 0x206775896d8 0x6 0x570007 0x815 0x30 0x71 0x630002 0x71 0x690007 0x815 0x60 0x0 0x760002 0x0 0x850004 0x0 0x0 0x0 0x0 0x0 0x9c0007 0x3d4c 0x70 0x0 0xa10007 0x0 0x40 0x0 0xa60007 0x0 0x30 0x0 0xad0002 0x0 0xbd0005 0x0 0x20677589780 0x3a54 0x20677589828 0x2f8 0xc20007 0x15a9 0x88 0x27a3 0x8000000500d40004 0x152 0x20677589630 0x264c 0x206775896d8 0x7 0xe00007 0x26bc 0xa0 0xe9 0xe30003 0xe9 0x398 0xf50004 0x17a 0x20677589630 0x140a 0x206775898d0 0x25 0x1010007 0x1530 0x38 0x79 0x1040003 0x79 0x330 0x10e0007 0x342a 0xfffffffffffffe70 0x7c2 0x1140007 0xc64 0x70 0x0 0x1190007 0x0 0x40 0x0 0x11e0007 0x0 0x30 0x0 0x1250002 0x0 0x1360002 0xc64 0x13d0007 0x739 0x68 0x52b 0x14a0002 0x52b 0x1620007 0x52b 0x38 0x0 0x1650003 0x0 0x228 0x1770004 0x47 0x20677589630 0xc06 0x20677589978 0x17 0x17d0007 0x85f 0x38 0x405 0x1800003 0x405 0x1c0 0x1910002 0x85f 0x1980007 0x81 0x68 0x7de 0x1a50002 0x7de 0x1bf0007 0x52f 0x38 0x2af 0x1c20003 0x2af 0x148 0x1d40004 0x52 0x20677589630 0x558 0x206775898d0 0x6 0x1da0007 0x5af 0x38 0x1 0x1dd0003 0x1 0xe0 0x1e70007 0x521 0x38 0x8e 0x1eb0003 0x8e 0x18 0x1f30007 0x18f 0x38 0x420 0x1f70003 0x420 0x18 0x1fc0007 0x4a2 0xfffffffffffffd60 0x10d 0x2010007 0x109 0x20 0x4 0x20a0003 0x10d 0xfffffffffffffb70 0x2110007 0x6c1 0x38 0x156 0x2150003 0x156 0x18 0x21f0007 0x79d 0xc8 0x7a 0x2250007 0x7a 0x50 0x0 0x22a0007 0x0 0x30 0x0 0x2310002 0x0 0x23f0002 0x7a 0x24e0004 0x7 0x20677589630 0x72 0x206775898d0 0x1 0x24f0003 0x7a 0xf8 0x2530007 0x79d 0x30 0x0 0x25c0002 0x0 0x2630007 0x79d 0x50 0x0 0x2680007 0x0 0x30 0x0 0x26f0002 0x0 0x2760007 0x79d 0x50 0x0 0x27b0007 0x0 0x30 0x0 0x2820002 0x0 0x28f0002 0x79d 0x0 0x0 0x0 0x0 0x0 0x0 0x0 0x0 0x0 0x0 0x0 0x0 0x0 0x9 0x5 0x0 0x0 0x0 0x0 0x0 oops 14 28 com/sun/javafx/geom/Edge 30 sun/java2d/loops/DrawLine 66  @bci com/sun/javafx/geom/AreaOp <clinit> ()V 0 <appendix> argL0 ; 68 sun/java2d/loops/GraphicsPrimitiveMgr$1 76 com/sun/javafx/geom/Edge 78 sun/java2d/loops/DrawLine 89 com/sun/javafx/geom/Edge 91 sun/java2d/loops/GraphicsPrimitiveProxy 135 com/sun/javafx/geom/Edge 137 sun/java2d/loops/Blit 163 com/sun/javafx/geom/Edge 165 sun/java2d/loops/GraphicsPrimitiveProxy 224 com/sun/javafx/geom/Edge 226 sun/java2d/loops/GraphicsPrimitiveProxy methods 0
ciMethodData java/util/TimSort ensureCapacity (I)[Ljava/lang/Object; 2 3219 orig 80 0 0 0 0 0 0 0 0 0 0 0 0 0 0 0 0 0 0 0 0 0 0 0 0 0 0 0 0 0 0 0 0 0 0 0 0 0 0 0 0 0 0 0 0 0 0 0 0 0 0 0 0 0 0 0 0 0 0 0 0 0 0 0 0 0 0 0 0 0 0 0 0 0 0 0 0 0 0 0 0 data 45 0x50007 0xc6c 0x118 0x27 0xa0002 0x27 0x130007 0x27 0x38 0x0 0x180003 0x0 0x28 0x230002 0x27 0x2b0005 0x0 0x206731e8d90 0x26 0x206731e8df8 0x1 0x2e0005 0x0 0x20657119a80 0x27 0x0 0x0 0x320002 0x27 0x350004 0x0 0x206731e8d90 0x26 0x206731e8df8 0x1 0x0 0x0 0x0 0x0 0x0 0x0 0x9 0x2 0x0 0x0 oops 5 17 [Lcom/sun/javafx/geom/Edge; 19 [Lsun/java2d/loops/GraphicsPrimitive; 23 java/lang/Class 31 [Lcom/sun/javafx/geom/Edge; 33 [Lsun/java2d/loops/GraphicsPrimitive; methods 0
ciMethod sun/java2d/loops/GraphicsPrimitive getUniqueID ()I 3296 0 1648 0 0
instanceKlass sun/java2d/loops/DrawGlyphListColor
instanceKlass sun/java2d/loops/GraphicsPrimitiveProxy
instanceKlass sun/java2d/loops/TransformHelper
instanceKlass sun/java2d/loops/DrawGlyphListLCD
instanceKlass sun/java2d/loops/DrawGlyphListAA
instanceKlass sun/java2d/loops/DrawGlyphList
instanceKlass sun/java2d/loops/MaskFill
instanceKlass sun/java2d/loops/MaskBlit
instanceKlass sun/java2d/loops/FillPath
instanceKlass sun/java2d/loops/DrawPath
instanceKlass sun/java2d/loops/DrawPolygons
instanceKlass sun/java2d/loops/DrawRect
instanceKlass sun/java2d/loops/DrawParallelogram
instanceKlass sun/java2d/loops/FillParallelogram
instanceKlass sun/java2d/loops/FillSpans
instanceKlass sun/java2d/loops/FillRect
instanceKlass sun/java2d/loops/ScaledBlit
instanceKlass sun/java2d/loops/BlitBg
instanceKlass sun/java2d/loops/Blit
instanceKlass sun/java2d/loops/DrawLine
ciInstanceKlass sun/java2d/loops/GraphicsPrimitive 1 1 490 9 7 12 1 1 1 100 1 8 1 10 12 1 1 10 7 12 1 1 1 10 7 1 10 7 12 1 1 9 12 1 1 9 12 1 1 9 12 1 1 9 12 1 9 12 1 10 12 1 1 9 12 1 1 10 12 1 1 10 12 1 1 10 10 12 1 8 1 10 12 1 1 10 100 12 1 1 1 10 100 12 1 1 1 9 12 1 9 12 1 1 9 12 1 100 1 10 100 1 100 1 10 12 1 9 7 12 1 1 9 12 1 1 100 1 10 10 100 12 1 1 10 12 1 1 100 1 10 12 1 1 10 12 1 1 10 12 1 1 18 12 1 1 10 12 1 10 12 1 1 11 7 12 1 1 11 12 1 11 12 1 11 12 1 11 12 1 9 12 1 10 12 1 1 10 7 12 1 1 1 10 12 1 1 10 12 1 1 18 12 1 11 12 1 1 11 100 1 11 11 11 18 11 12 1 9 12 1 10 7 12 1 1 1 18 7 1 10 12 1 1 10 7 12 1 1 1 9 7 12 1 1 9 12 1 10 12 1 10 7 12 1 1 1 9 7 12 1 1 1 10 12 1 1 10 100 1 10 100 1 10 12 1 18 12 1 10 12 1 1 10 12 1 1 9 12 1 10 12 1 1 10 12 1 1 10 12 1 10 12 1 18 12 1 8 1 10 12 1 100 1 8 1 10 12 1 10 12 1 1 10 12 1 8 1 10 12 1 1 8 1 8 1 8 1 8 1 10 12 1 1 10 12 1 8 1 18 10 12 8 1 8 1 8 1 8 1 8 1 8 1 8 1 8 1 8 1 18 1 1 1 1 3 1 3 1 3 1 1 1 1 1 1 1 1 1 1 1 1 1 1 1 1 1 1 1 1 1 1 1 1 1 1 1 1 1 1 1 1 1 1 1 1 1 1 1 1 1 1 1 1 1 1 1 1 1 1 1 1 1 1 1 1 1 1 1 1 1 1 1 1 1 1 1 1 1 1 1 1 1 1 1 1 1 1 1 1 1 1 1 1 1 1 1 1 1 1 1 8 1 8 1 8 1 8 1 8 1 8 1 8 1 8 1 15 10 100 12 1 1 1 1 1 1 100 1 100 1 1
ciMethod sun/java2d/loops/GraphicsPrimitiveMgr$1 compare (Lsun/java2d/loops/GraphicsPrimitive;Lsun/java2d/loops/GraphicsPrimitive;)I 1024 0 5380 0 0
ciMethod sun/java2d/loops/GraphicsPrimitiveMgr$1 compare (Ljava/lang/Object;Ljava/lang/Object;)I 1024 0 5380 0 0
ciMethodData java/lang/Integer compare (II)I 2 19318 orig 80 0 0 0 0 0 0 0 0 0 0 0 0 0 0 0 0 0 0 0 0 0 0 0 0 0 0 0 0 0 0 0 0 0 0 0 0 0 0 0 0 0 0 0 0 0 0 0 0 0 0 0 0 0 0 0 0 0 0 0 0 0 0 0 0 0 0 0 0 0 0 0 0 0 0 0 0 0 0 0 0 data 19 0x20007 0x213e 0x38 0x2a39 0x60003 0x2a39 0x50 0xb0007 0x2112 0x38 0x2c 0xf0003 0x2c 0x18 0x0 0x9 0x2 0x0 0x0 oops 0 methods 0
ciMethodData sun/java2d/loops/GraphicsPrimitiveMgr$1 compare (Ljava/lang/Object;Ljava/lang/Object;)I 2 4868 orig 80 0 0 0 0 0 0 0 0 0 0 0 0 0 0 0 0 0 0 0 0 0 0 0 0 0 0 0 0 0 0 0 0 0 0 0 0 0 0 0 0 0 0 0 0 0 0 0 0 0 0 0 0 0 0 0 0 0 0 0 0 0 0 0 0 0 0 0 0 0 0 0 0 0 0 0 0 0 0 0 0 data 29 0x20004 0x11c0 0x206731ebe40 0x5d 0x206731ebee8 0xe8 0x60004 0x1242 0x206731ebf90 0x56 0x206731ec038 0x6d 0x90005 0x0 0x20677589828 0x1305 0x0 0x0 0x0 0x0 0x0 0x0 0x0 0x0 0x9 0x3 0x0 0x0 0x0 oops 5 2 sun/java2d/loops/DrawGlyphList 4 sun/java2d/loops/DrawGlyphListAA 8 sun/java2d/loops/DrawPath 10 sun/java2d/loops/FillPath 14 sun/java2d/loops/GraphicsPrimitiveMgr$1 methods 0
ciMethodData sun/java2d/loops/GraphicsPrimitiveMgr$1 compare (Lsun/java2d/loops/GraphicsPrimitive;Lsun/java2d/loops/GraphicsPrimitive;)I 2 4868 orig 80 0 0 0 0 0 0 0 0 0 0 0 0 0 0 0 0 0 0 0 0 0 0 0 0 0 0 0 0 0 0 0 0 0 0 0 0 0 0 0 0 0 0 0 0 0 0 0 0 0 0 0 0 0 0 0 0 0 0 0 0 0 0 0 0 0 0 0 0 0 0 0 0 0 0 0 0 0 0 0 0 data 25 0x10005 0x129f 0x206731ed228 0x40 0x206731ed2d0 0x26 0x60005 0x1265 0x206731ed378 0x61 0x206731ed228 0x3f 0xe0002 0x1305 0x0 0x0 0x0 0x0 0x0 0x0 0x9 0x3 0x0 0x0 0x0 oops 4 2 sun/java2d/loops/FillSpans 4 sun/java2d/loops/FillParallelogram 8 sun/java2d/loops/FillRect 10 sun/java2d/loops/FillSpans methods 0
compile java/util/TimSort mergeLo (IIII)V -1 4 inline 21 0 -1 0 java/util/TimSort mergeLo (IIII)V 1 38 0 java/util/TimSort ensureCapacity (I)[Ljava/lang/Object; 2 46 0 java/lang/Class getComponentType ()Ljava/lang/Class; 2 50 0 java/lang/reflect/Array newInstance (Ljava/lang/Class;I)Ljava/lang/Object; 1 189 0  @bci com/sun/javafx/geom/AreaOp <clinit> ()V 0 <appendix> argL0 ; compare (Ljava/lang/Object;Ljava/lang/Object;)I 2 2 0 com/sun/javafx/geom/AreaOp lambda$static$0 (Ljava/lang/Object;Ljava/lang/Object;)I 3 4 0 com/sun/javafx/geom/Edge getCurve ()Lcom/sun/javafx/geom/Curve; 3 12 0 com/sun/javafx/geom/Edge getCurve ()Lcom/sun/javafx/geom/Curve; 3 17 0 com/sun/javafx/geom/Order1 getYTop ()D 3 17 0 com/sun/javafx/geom/Order3 getYTop ()D 3 24 0 com/sun/javafx/geom/Order1 getYTop ()D 3 24 0 com/sun/javafx/geom/Order3 getYTop ()D 3 35 0 com/sun/javafx/geom/Order1 getXTop ()D 3 35 0 com/sun/javafx/geom/Order3 getXTop ()D 3 42 0 com/sun/javafx/geom/Order1 getXTop ()D 3 42 0 com/sun/javafx/geom/Order3 getXTop ()D 1 189 0 sun/java2d/loops/GraphicsPrimitiveMgr$1 compare (Ljava/lang/Object;Ljava/lang/Object;)I 2 9 0 sun/java2d/loops/GraphicsPrimitiveMgr$1 compare (Lsun/java2d/loops/GraphicsPrimitive;Lsun/java2d/loops/GraphicsPrimitive;)I 3 1 0 sun/java2d/loops/GraphicsPrimitive getUniqueID ()I 3 6 0 sun/java2d/loops/GraphicsPrimitive getUniqueID ()I 3 14 0 java/lang/Integer compare (II)I
